#pragma once
#include <cstdint>
#include <pgmspace.h>
// 240x240 RGB565 default background (generated from the supplied picture)
static const uint16_t BACKGROUND_IMAGE[240 * 240] PROGMEM = {
0x0024,0x0024,0x0024,0x0024,0x0024,0x0024,0x0024,0x0024,0x0024,0x0024,0x0024,0x0024,0x0024,0x0025,0x0025,0x0025,
0x0025,0x0025,0x0025,0x0025,0x0025,0x0025,0x0025,0x0025,0x0025,0x0025,0x0025,0x0025,0x0025,0x0045,0x0045,0x0045,
0x0045,0x0045,0x0045,0x0045,0x0045,0x0045,0x0045,0x0045,0x0045,0x0045,0x0045,0x0045,0x0045,0x0045,0x0045,0x0045,
0x0045,0x0045,0x0045,0x0045,0x0045,0x0045,0x0045,0x0045,0x0045,0x0045,0x0045,0x0045,0x0045,0x0045,0x0045,0x0045,
0x0045,0x0045,0x0045,0x0045,0x0045,0x0045,0x0045,0x0045,0x0045,0x0045,0x0045,0x0045,0x0045,0x0045,0x0045,0x0045,
0x0045,0x0045,0x0045,0x0045,0x0045,0x0045,0x0045,0x0045,0x0045,0x0045,0x0045,0x0045,0x0045,0x0045,0x0045,0x0045,
0x0045,0x0045,0x0045,0x0045,0x0045,0x0045,0x0045,0x0045,0x0045,0x0045,0x0045,0x0045,0x0045,0x0045,0x0045,0x0045,
0x0045,0x0045,0x0045,0x0045,0x0045,0x0045,0x0045,0x0045,0x0025,0x0025,0x0025,0x0025,0x0025,0x0025,0x0025,0x0025,
0x0025,0x0025,0x0025,0x0025,0x0025,0x0024,0x0024,0x0024,0x0025,0x0025,0x0024,0x0024,0x0024,0x0024,0x0024,0x0024,
0x0024,0x0024,0x0024,0x0024,0x0024,0x0024,0x0024,0x0024,0x0024,0x0024,0x0024,0x0024,0x0024,0x0024,0x0024,0x0024,
0x0024,0x0004,0x0004,0x0004,0x0004,0x0004,0x0004,0x0004,0x0004,0x0004,0x0004,0x0004,0x0004,0x0004,0x0004,0x0004,
0x0004,0x0004,0x0004,0x0004,0x0004,0x0004,0x0004,0x0004,0x0004,0x0004,0x0004,0x0004,0x0004,0x0004,0x0004,0x0004,
0x0004,0x0004,0x0004,0x0004,0x0004,0x0004,0x0004,0x0004,0x0004,0x0004,0x0004,0x0004,0x0004,0x0004,0x0004,0x0004,
0x0004,0x0004,0x0004,0x0004,0x0004,0x0004,0x0004,0x0004,0x0004,0x0004,0x0004,0x0004,0x0004,0x0004,0x0004,0x0004,
0x0004,0x0004,0x0004,0x0004,0x0004,0x0004,0x0004,0x0004,0x0004,0x0004,0x0004,0x0004,0x0004,0x0004,0x0004,0x0004,
0x0024,0x0024,0x0024,0x0024,0x0024,0x0024,0x0024,0x0024,0x0024,0x0024,0x0024,0x0024,0x0024,0x0025,0x0025,0x0025,
0x0025,0x0025,0x0025,0x0025,0x0025,0x0025,0x0025,0x0025,0x0025,0x0025,0x0025,0x0025,0x0025,0x0045,0x0045,0x0045,
0x0045,0x0045,0x0045,0x0045,0x0045,0x0045,0x0045,0x0045,0x0045,0x0045,0x0045,0x0045,0x0045,0x0045,0x0045,0x0045,
0x0045,0x0045,0x0045,0x0045,0x0045,0x0045,0x0045,0x0045,0x0045,0x0045,0x0045,0x0045,0x0045,0x0045,0x0045,0x0045,
0x0045,0x0045,0x0045,0x0045,0x0045,0x0045,0x0045,0x0045,0x0045,0x0045,0x0045,0x0045,0x0045,0x0045,0x0045,0x0045,
0x0045,0x0045,0x0045,0x0045,0x0045,0x0045,0x0045,0x0045,0x0045,0x0045,0x0045,0x0045,0x0045,0x0045,0x0045,0x0045,
0x0045,0x0045,0x0045,0x0045,0x0045,0x0045,0x0045,0x0045,0x0045,0x0045,0x0045,0x0045,0x0045,0x0045,0x0045,0x0045,
0x0045,0x0045,0x0045,0x0045,0x0045,0x0045,0x0045,0x0045,0x0045,0x0045,0x0045,0x0045,0x0025,0x0025,0x0025,0x0025,
0x0025,0x0025,0x0025,0x0025,0x0025,0x0024,0x0024,0x0024,0x0025,0x0025,0x0025,0x0025,0x0025,0x0025,0x0025,0x0025,
0x0024,0x0024,0x0024,0x0024,0x0024,0x0024,0x0024,0x0024,0x0024,0x0024,0x0024,0x0024,0x0024,0x0024,0x0024,0x0024,
0x0024,0x0004,0x0004,0x0004,0x0004,0x0004,0x0004,0x0004,0x0004,0x0004,0x0004,0x0004,0x0004,0x0004,0x0004,0x0004,
0x0004,0x0004,0x0004,0x0004,0x0004,0x0004,0x0004,0x0004,0x0004,0x0004,0x0004,0x0004,0x0004,0x0004,0x0004,0x0004,
0x0004,0x0004,0x0004,0x0004,0x0004,0x0004,0x0004,0x0004,0x0004,0x0004,0x0004,0x0004,0x0004,0x0004,0x0004,0x0004,
0x0004,0x0004,0x0004,0x0004,0x0004,0x0004,0x0004,0x0004,0x0004,0x0004,0x0004,0x0004,0x0004,0x0004,0x0004,0x0004,
0x0004,0x0004,0x0004,0x0004,0x0004,0x0004,0x0004,0x0004,0x0004,0x0004,0x0004,0x0004,0x0004,0x0004,0x0004,0x0004,
0x0024,0x0024,0x0024,0x0024,0x0024,0x0024,0x0024,0x0024,0x0024,0x0024,0x0024,0x0024,0x0024,0x0025,0x0025,0x0025,
0x0025,0x0025,0x0025,0x0025,0x0025,0x0025,0x0025,0x0025,0x0025,0x0025,0x0025,0x0025,0x0025,0x0045,0x0045,0x0045,
0x0045,0x0045,0x0045,0x0045,0x0045,0x0045,0x0045,0x0045,0x0045,0x0045,0x0045,0x0045,0x0045,0x0045,0x0045,0x0045,
0x0045,0x0045,0x0045,0x0045,0x0045,0x0045,0x0045,0x0045,0x0045,0x0045,0x0045,0x0045,0x0045,0x0045,0x0045,0x0045,
0x0045,0x0045,0x0045,0x0045,0x0045,0x0045,0x0045,0x0045,0x0045,0x0045,0x0045,0x0045,0x0045,0x0045,0x0045,0x0045,
0x0045,0x0045,0x0045,0x0045,0x0045,0x0045,0x0045,0x0045,0x0045,0x0045,0x0045,0x0045,0x0045,0x0045,0x0045,0x0045,
0x0045,0x0045,0x0045,0x0045,0x0045,0x0045,0x0045,0x0045,0x0045,0x0045,0x0045,0x0045,0x0045,0x0045,0x0045,0x0045,
0x0045,0x0045,0x0045,0x0045,0x0045,0x0045,0x0045,0x0045,0x0045,0x0045,0x0045,0x0045,0x0025,0x0025,0x0025,0x0025,
0x0025,0x0025,0x0025,0x0025,0x0025,0x0024,0x0024,0x0024,0x0025,0x0025,0x0025,0x0025,0x0025,0x0025,0x0025,0x0025,
0x0024,0x0024,0x0024,0x0024,0x0024,0x0024,0x0024,0x0024,0x0024,0x0024,0x0024,0x0024,0x0024,0x0024,0x0024,0x0024,
0x0024,0x0004,0x0004,0x0004,0x0004,0x0004,0x0004,0x0004,0x0004,0x0004,0x0004,0x0004,0x0004,0x0004,0x0004,0x0004,
0x0004,0x0004,0x0004,0x0004,0x0004,0x0004,0x0004,0x0004,0x0004,0x0004,0x0004,0x0004,0x0004,0x0004,0x0004,0x0004,
0x0004,0x0004,0x0004,0x0004,0x0004,0x0004,0x0004,0x0004,0x0004,0x0004,0x0004,0x0004,0x0004,0x0004,0x0004,0x0004,
0x0004,0x0004,0x0004,0x0004,0x0004,0x0004,0x0004,0x0004,0x0004,0x0004,0x0004,0x0004,0x0004,0x0004,0x0004,0x0004,
0x0004,0x0004,0x0004,0x0004,0x0004,0x0004,0x0004,0x0004,0x0004,0x0004,0x0004,0x0004,0x0004,0x0004,0x0004,0x0004,
0x0024,0x0024,0x0024,0x0024,0x0024,0x0024,0x0024,0x0024,0x0024,0x0024,0x0024,0x0024,0x0024,0x0025,0x0025,0x0025,
0x0025,0x0025,0x0025,0x0025,0x0025,0x0025,0x0025,0x0025,0x0025,0x0025,0x0025,0x0025,0x0025,0x0045,0x0045,0x0045,
0x0045,0x0045,0x0045,0x0045,0x0045,0x0045,0x0045,0x0045,0x0045,0x0045,0x0045,0x0045,0x0045,0x0045,0x0045,0x0045,
0x0045,0x0045,0x0045,0x0045,0x0045,0x0045,0x0045,0x0045,0x0045,0x0045,0x0045,0x0045,0x0045,0x0045,0x0045,0x0045,
0x0045,0x0045,0x0045,0x0045,0x0045,0x0045,0x0045,0x0045,0x0045,0x0045,0x0045,0x0045,0x0045,0x0045,0x0045,0x0045,
0x0045,0x0045,0x0045,0x0045,0x0045,0x0045,0x0045,0x0045,0x0045,0x0045,0x0045,0x0045,0x0045,0x0045,0x0045,0x0045,
0x0045,0x0045,0x0045,0x0045,0x0045,0x0045,0x0045,0x0045,0x0045,0x0045,0x0045,0x0045,0x0045,0x0045,0x0045,0x0045,
0x0045,0x0045,0x0045,0x0045,0x0045,0x0045,0x0045,0x0045,0x0045,0x0045,0x0045,0x0045,0x0045,0x0025,0x0025,0x0025,
0x0025,0x0025,0x0025,0x0025,0x0025,0x0024,0x0024,0x0024,0x0025,0x0025,0x0025,0x0025,0x0025,0x0025,0x0025,0x0025,
0x0024,0x0024,0x0024,0x0024,0x0024,0x0024,0x0024,0x0024,0x0024,0x0024,0x0024,0x0024,0x0024,0x0024,0x0024,0x0024,
0x0024,0x0004,0x0004,0x0004,0x0004,0x0004,0x0004,0x0004,0x0004,0x0004,0x0004,0x0004,0x0004,0x0004,0x0004,0x0004,
0x0004,0x0004,0x0004,0x0004,0x0004,0x0004,0x0004,0x0004,0x0004,0x0004,0x0004,0x0004,0x0004,0x0004,0x0004,0x0004,
0x0004,0x0004,0x0004,0x0004,0x0004,0x0004,0x0004,0x0004,0x0004,0x0004,0x0004,0x0004,0x0004,0x0004,0x0004,0x0004,
0x0004,0x0004,0x0004,0x0004,0x0004,0x0004,0x0004,0x0004,0x0004,0x0004,0x0004,0x0004,0x0004,0x0004,0x0004,0x0004,
0x0004,0x0004,0x0004,0x0004,0x0004,0x0004,0x0004,0x0004,0x0004,0x0004,0x0004,0x0004,0x0004,0x0004,0x0004,0x0004,
0x0024,0x0024,0x0024,0x0024,0x0024,0x0024,0x0024,0x0024,0x0024,0x0024,0x0024,0x0024,0x0024,0x0025,0x0025,0x0025,
0x0025,0x0025,0x0025,0x0025,0x0025,0x0025,0x0025,0x0025,0x0025,0x0025,0x0025,0x0025,0x0025,0x0045,0x0045,0x0045,
0x0045,0x0045,0x0045,0x0045,0x0045,0x0045,0x0045,0x0045,0x0045,0x0045,0x0045,0x0045,0x0045,0x0045,0x0045,0x0045,
0x0045,0x0045,0x0045,0x0045,0x0045,0x0045,0x0045,0x0045,0x0045,0x0045,0x0045,0x0045,0x0045,0x0045,0x0045,0x0045,
0x0045,0x0045,0x0045,0x0045,0x0045,0x0045,0x0045,0x0045,0x0045,0x0045,0x0045,0x0045,0x0045,0x0045,0x0045,0x0045,
0x0045,0x0045,0x0045,0x0045,0x0045,0x0045,0x0045,0x0045,0x0045,0x0045,0x0045,0x0045,0x0045,0x0045,0x0045,0x0045,
0x0045,0x0045,0x0045,0x0045,0x0045,0x0045,0x0045,0x0045,0x0045,0x0045,0x0045,0x0045,0x0045,0x0045,0x0045,0x0045,
0x0045,0x0045,0x0045,0x0045,0x0045,0x0045,0x0045,0x0045,0x0045,0x0045,0x0045,0x0045,0x0045,0x0045,0x0025,0x0025,
0x0025,0x0025,0x0025,0x0025,0x0025,0x0024,0x0024,0x0024,0x0025,0x0025,0x0025,0x0025,0x0025,0x0025,0x0025,0x0025,
0x0024,0x0024,0x0024,0x0024,0x0024,0x0024,0x0024,0x0024,0x0024,0x0024,0x0024,0x0024,0x0024,0x0024,0x0024,0x0024,
0x0024,0x0004,0x0004,0x0004,0x0004,0x0004,0x0004,0x0004,0x0004,0x0004,0x0004,0x0004,0x0004,0x0004,0x0004,0x0004,
0x0004,0x0004,0x0004,0x0004,0x0004,0x0004,0x0004,0x0004,0x0004,0x0004,0x0004,0x0004,0x0004,0x0004,0x0004,0x0004,
0x0004,0x0004,0x0004,0x0004,0x0004,0x0004,0x0004,0x0004,0x0004,0x0004,0x0004,0x0004,0x0004,0x0004,0x0004,0x0004,
0x0004,0x0004,0x0004,0x0004,0x0004,0x0004,0x0004,0x0004,0x0004,0x0004,0x0004,0x0004,0x0004,0x0004,0x0004,0x0004,
0x0004,0x0004,0x0004,0x0004,0x0004,0x0004,0x0004,0x0004,0x0004,0x0004,0x0004,0x0004,0x0004,0x0004,0x0004,0x0004,
0x0024,0x0024,0x0024,0x0024,0x0024,0x0024,0x0024,0x0024,0x0024,0x0024,0x0024,0x0024,0x0024,0x0025,0x0025,0x0025,
0x0025,0x0025,0x0025,0x0025,0x0025,0x0025,0x0025,0x0025,0x0025,0x0025,0x0025,0x0025,0x0025,0x0045,0x0045,0x0045,
0x0045,0x0045,0x0045,0x0045,0x0045,0x0045,0x0045,0x0045,0x0045,0x0045,0x0045,0x0045,0x0045,0x0045,0x0045,0x0045,
0x0045,0x0045,0x0045,0x0045,0x0045,0x0045,0x0045,0x0045,0x0045,0x0045,0x0045,0x0065,0x0065,0x0065,0x0045,0x0045,
0x0045,0x0045,0x0045,0x0045,0x0045,0x0045,0x0045,0x0045,0x0045,0x0045,0x0045,0x0045,0x0045,0x0045,0x0045,0x0045,
0x0045,0x0045,0x0045,0x0045,0x0045,0x0045,0x0045,0x0045,0x0045,0x0045,0x0045,0x0045,0x0045,0x0045,0x0045,0x0045,
0x0045,0x0045,0x0045,0x0045,0x0045,0x0045,0x0045,0x0045,0x0045,0x0045,0x0045,0x0045,0x0045,0x0045,0x0045,0x0045,
0x0045,0x0045,0x0045,0x0045,0x0045,0x0045,0x0045,0x0045,0x0045,0x0045,0x0045,0x0045,0x0045,0x0045,0x0045,0x0045,
0x0045,0x0025,0x0025,0x0025,0x0025,0x0025,0x0025,0x0024,0x0025,0x0025,0x0025,0x0025,0x0025,0x0025,0x0025,0x0025,
0x0024,0x0024,0x0024,0x0024,0x0024,0x0024,0x0024,0x0024,0x0024,0x0024,0x0024,0x0024,0x0024,0x0024,0x0024,0x0024,
0x0024,0x0004,0x0004,0x0004,0x0004,0x0004,0x0004,0x0004,0x0004,0x0004,0x0004,0x0004,0x0004,0x0004,0x0004,0x0004,
0x0004,0x0004,0x0004,0x0004,0x0004,0x0004,0x0004,0x0004,0x0004,0x0004,0x0004,0x0004,0x0004,0x0004,0x0004,0x0004,
0x0004,0x0004,0x0004,0x0004,0x0004,0x0004,0x0004,0x0004,0x0004,0x0004,0x0004,0x0004,0x0004,0x0004,0x0004,0x0004,
0x0004,0x0004,0x0004,0x0004,0x0004,0x0004,0x0004,0x0004,0x0004,0x0004,0x0004,0x0004,0x0004,0x0004,0x0004,0x0004,
0x0004,0x0004,0x0004,0x0004,0x0004,0x0004,0x0004,0x0004,0x0004,0x0004,0x0004,0x0004,0x0004,0x0004,0x0004,0x0004,
0x0024,0x0024,0x0024,0x0024,0x0024,0x0024,0x0024,0x0024,0x0024,0x0024,0x0024,0x0024,0x0025,0x0025,0x0025,0x0045,
0x0045,0x0045,0x0045,0x0045,0x0045,0x0045,0x0045,0x0045,0x0045,0x0045,0x0045,0x0045,0x0045,0x0045,0x0045,0x0045,
0x0045,0x0045,0x0045,0x0045,0x0045,0x0045,0x0045,0x0045,0x0045,0x0045,0x0045,0x0045,0x0045,0x0045,0x0045,0x0045,
0x0045,0x0045,0x0066,0x0066,0x0066,0x0066,0x0045,0x0065,0x0066,0x0066,0x0066,0x0066,0x0066,0x0066,0x0066,0x0066,
0x0066,0x0066,0x0066,0x0066,0x0066,0x0066,0x0066,0x0066,0x0066,0x0066,0x0066,0x0066,0x0066,0x0066,0x0066,0x0066,
0x0066,0x0066,0x0066,0x0066,0x0066,0x0066,0x0066,0x0066,0x0066,0x0066,0x0066,0x0066,0x0066,0x0066,0x0066,0x0066,
0x0066,0x0066,0x0066,0x0065,0x0065,0x0065,0x0065,0x0045,0x0045,0x0045,0x0045,0x0045,0x0045,0x0045,0x0045,0x0045,
0x0045,0x0045,0x0045,0x0045,0x0045,0x0045,0x0045,0x0045,0x0045,0x0045,0x0045,0x0045,0x0045,0x0045,0x0045,0x0045,
0x0045,0x0045,0x0045,0x0045,0x0045,0x0045,0x0045,0x0045,0x0025,0x0025,0x0025,0x0025,0x0025,0x0025,0x0025,0x0024,
0x0024,0x0024,0x0024,0x0024,0x0024,0x0024,0x0024,0x0024,0x0024,0x0024,0x0024,0x0024,0x0024,0x0024,0x0024,0x0024,
0x0024,0x0024,0x0004,0x0004,0x0004,0x0004,0x0004,0x0004,0x0004,0x0004,0x0004,0x0004,0x0004,0x0004,0x0004,0x0004,
0x0004,0x0004,0x0004,0x0004,0x0004,0x0004,0x0004,0x0004,0x0004,0x0004,0x0004,0x0004,0x0004,0x0004,0x0004,0x0004,
0x0004,0x0004,0x0004,0x0004,0x0004,0x0003,0x0003,0x0003,0x0003,0x0003,0x0004,0x0004,0x0004,0x0004,0x0004,0x0004,
0x0004,0x0004,0x0004,0x0004,0x0004,0x0004,0x0004,0x0004,0x0004,0x0004,0x0004,0x0004,0x0004,0x0004,0x0004,0x0004,
0x0004,0x0004,0x0004,0x0004,0x0004,0x0004,0x0004,0x0004,0x0004,0x0004,0x0004,0x0004,0x0004,0x0004,0x0004,0x0004,
0x0025,0x0025,0x0025,0x0025,0x0025,0x0025,0x0025,0x0025,0x0025,0x0025,0x0025,0x0025,0x0025,0x0045,0x0045,0x0045,
0x0045,0x0045,0x0045,0x0045,0x0045,0x0045,0x0045,0x0045,0x0045,0x0045,0x0045,0x0045,0x0045,0x0045,0x0045,0x0045,
0x0045,0x0045,0x0045,0x0045,0x0045,0x0045,0x0045,0x0045,0x0045,0x0045,0x0045,0x0045,0x0045,0x0045,0x0066,0x0066,
0x0066,0x0066,0x0066,0x0066,0x0066,0x0066,0x0066,0x0066,0x0066,0x0066,0x0066,0x0066,0x0066,0x0066,0x0066,0x0066,
0x0066,0x0066,0x0066,0x0066,0x0066,0x0066,0x0066,0x0066,0x0066,0x0066,0x0066,0x0066,0x0066,0x0066,0x0066,0x0066,
0x0066,0x0066,0x0066,0x0066,0x0066,0x0066,0x0066,0x0066,0x0066,0x0066,0x0066,0x0066,0x0066,0x0066,0x0066,0x0066,
0x0066,0x0066,0x0066,0x0066,0x0066,0x0066,0x0066,0x0045,0x0045,0x0045,0x0045,0x0045,0x0045,0x0045,0x0045,0x0045,
0x0045,0x0045,0x0045,0x0045,0x0045,0x0045,0x0045,0x0045,0x0045,0x0045,0x0045,0x0045,0x0045,0x0045,0x0045,0x0045,
0x0045,0x0045,0x0045,0x0045,0x0045,0x0045,0x0045,0x0045,0x0025,0x0025,0x0024,0x0024,0x0024,0x0024,0x0024,0x0024,
0x0024,0x0024,0x0024,0x0024,0x0024,0x0024,0x0024,0x0024,0x0024,0x0024,0x0024,0x0024,0x0024,0x0024,0x0024,0x0024,
0x0024,0x0024,0x0004,0x0004,0x0004,0x0004,0x0004,0x0004,0x0004,0x0004,0x0004,0x0004,0x0004,0x0004,0x0004,0x0004,
0x0004,0x0004,0x0004,0x0004,0x0004,0x0004,0x0004,0x0004,0x0004,0x0004,0x0004,0x0004,0x0004,0x0004,0x0004,0x0004,
0x0004,0x0004,0x0004,0x0004,0x0004,0x0003,0x0003,0x0003,0x0003,0x0003,0x0004,0x0004,0x0004,0x0004,0x0004,0x0004,
0x0004,0x0004,0x0004,0x0004,0x0004,0x0004,0x0004,0x0004,0x0004,0x0004,0x0004,0x0004,0x0004,0x0004,0x0004,0x0004,
0x0004,0x0004,0x0004,0x0004,0x0004,0x0004,0x0004,0x0004,0x0004,0x0004,0x0004,0x0004,0x0004,0x0004,0x0004,0x0004,
0x0025,0x0025,0x0025,0x0025,0x0025,0x0025,0x0025,0x0025,0x0025,0x0025,0x0025,0x0025,0x0045,0x0045,0x0045,0x0045,
0x0045,0x0045,0x0045,0x0045,0x0045,0x0045,0x0045,0x0045,0x0045,0x0045,0x0045,0x0045,0x0045,0x0045,0x0045,0x0045,
0x0045,0x0045,0x0045,0x0045,0x0045,0x0045,0x0045,0x0066,0x0066,0x0066,0x0066,0x0066,0x0066,0x0066,0x0066,0x0066,
0x0066,0x0066,0x0066,0x0066,0x0066,0x0066,0x0066,0x0066,0x0066,0x0066,0x0066,0x0066,0x0066,0x0066,0x0066,0x0066,
0x0066,0x0066,0x0066,0x0066,0x0066,0x0066,0x0066,0x0066,0x0066,0x0066,0x0066,0x0066,0x0066,0x0066,0x0066,0x0066,
0x0066,0x0066,0x0066,0x0066,0x0066,0x0066,0x0066,0x0066,0x0066,0x0066,0x0066,0x0066,0x0066,0x0066,0x0066,0x0066,
0x0066,0x0066,0x0066,0x0066,0x0066,0x0066,0x0066,0x0065,0x0065,0x0065,0x0045,0x0045,0x0045,0x0045,0x0045,0x0045,
0x0045,0x0045,0x0045,0x0045,0x0045,0x0045,0x0045,0x0045,0x0045,0x0045,0x0045,0x0045,0x0045,0x0045,0x0045,0x0045,
0x0045,0x0045,0x0045,0x0045,0x0045,0x0045,0x0045,0x0045,0x0045,0x0045,0x0045,0x0024,0x0024,0x0024,0x0024,0x0024,
0x0024,0x0024,0x0024,0x0024,0x0024,0x0024,0x0024,0x0024,0x0024,0x0024,0x0024,0x0024,0x0024,0x0024,0x0024,0x0024,
0x0024,0x0024,0x0024,0x0024,0x0024,0x0024,0x0024,0x0024,0x0024,0x0004,0x0004,0x0004,0x0004,0x0004,0x0004,0x0004,
0x0004,0x0004,0x0004,0x0004,0x0004,0x0004,0x0004,0x0004,0x0004,0x0004,0x0004,0x0004,0x0004,0x0004,0x0004,0x0004,
0x0004,0x0004,0x0004,0x0004,0x0004,0x0003,0x0003,0x0003,0x0003,0x0003,0x0004,0x0004,0x0004,0x0004,0x0004,0x0004,
0x0004,0x0004,0x0004,0x0004,0x0004,0x0004,0x0004,0x0004,0x0004,0x0004,0x0004,0x0004,0x0004,0x0004,0x0004,0x0004,
0x0004,0x0004,0x0004,0x0004,0x0004,0x0004,0x0004,0x0004,0x0004,0x0004,0x0004,0x0004,0x0004,0x0004,0x0004,0x0004,
0x0025,0x0025,0x0025,0x0025,0x0025,0x0025,0x0025,0x0025,0x0025,0x0025,0x0025,0x0025,0x0045,0x0045,0x0045,0x0045,
0x0045,0x0045,0x0045,0x0045,0x0045,0x0045,0x0045,0x0045,0x0045,0x0045,0x0045,0x0045,0x0045,0x0045,0x0045,0x0045,
0x0045,0x0045,0x0045,0x0045,0x0045,0x0045,0x0065,0x0066,0x0066,0x0066,0x0066,0x0066,0x0066,0x0066,0x0066,0x0066,
0x0066,0x0066,0x0066,0x0066,0x0066,0x0066,0x0066,0x0066,0x0066,0x0066,0x0066,0x0066,0x0066,0x0066,0x0066,0x0066,
0x0066,0x0066,0x0066,0x0066,0x0066,0x0066,0x0066,0x0066,0x0066,0x0066,0x0066,0x0066,0x0066,0x0066,0x0066,0x0066,
0x0066,0x0066,0x0066,0x0066,0x0066,0x0066,0x0066,0x0066,0x0066,0x0066,0x0066,0x0066,0x0066,0x0066,0x0066,0x0066,
0x0066,0x0066,0x0066,0x0066,0x0066,0x0066,0x0066,0x0065,0x0065,0x0065,0x0065,0x0065,0x0065,0x0065,0x0045,0x0045,
0x0045,0x0045,0x0045,0x0045,0x0045,0x0045,0x0045,0x0045,0x0045,0x0045,0x0045,0x0045,0x0045,0x0045,0x0045,0x0045,
0x0045,0x0045,0x0045,0x0045,0x0045,0x0045,0x0045,0x0045,0x0045,0x0045,0x0045,0x0045,0x0024,0x0024,0x0024,0x0024,
0x0024,0x0024,0x0024,0x0024,0x0024,0x0024,0x0024,0x0024,0x0024,0x0024,0x0024,0x0024,0x0024,0x0024,0x0024,0x0024,
0x0024,0x0024,0x0024,0x0024,0x0024,0x0024,0x0024,0x0024,0x0024,0x0004,0x0004,0x0004,0x0004,0x0004,0x0004,0x0004,
0x0004,0x0004,0x0004,0x0004,0x0004,0x0004,0x0004,0x0004,0x0004,0x0004,0x0004,0x0004,0x0004,0x0004,0x0004,0x0004,
0x0004,0x0004,0x0004,0x0004,0x0004,0x0003,0x0003,0x0003,0x0003,0x0003,0x0004,0x0004,0x0004,0x0004,0x0004,0x0004,
0x0004,0x0004,0x0004,0x0004,0x0004,0x0004,0x0004,0x0004,0x0004,0x0004,0x0004,0x0004,0x0004,0x0004,0x0004,0x0004,
0x0004,0x0004,0x0004,0x0004,0x0004,0x0004,0x0004,0x0004,0x0004,0x0004,0x0004,0x0004,0x0004,0x0004,0x0004,0x0004,
0x0025,0x0025,0x0025,0x0025,0x0025,0x0025,0x0025,0x0025,0x0025,0x0025,0x0025,0x0025,0x0045,0x0045,0x0045,0x0045,
0x0045,0x0045,0x0045,0x0045,0x0045,0x0045,0x0045,0x0045,0x0045,0x0045,0x0045,0x0045,0x0045,0x0045,0x0045,0x0045,
0x0045,0x0045,0x0045,0x0045,0x0045,0x0045,0x0065,0x0066,0x0066,0x0066,0x0066,0x0066,0x0066,0x0066,0x0066,0x0066,
0x0066,0x0066,0x0066,0x0066,0x0066,0x0066,0x0066,0x0066,0x0066,0x0066,0x0066,0x0066,0x0066,0x0066,0x0066,0x0066,
0x0066,0x0066,0x0066,0x0066,0x0066,0x0066,0x0066,0x0066,0x0066,0x0066,0x0066,0x0066,0x0066,0x0066,0x0066,0x0066,
0x0066,0x0066,0x0066,0x0066,0x0066,0x0066,0x0066,0x0066,0x0066,0x0066,0x0066,0x0066,0x0066,0x0066,0x0066,0x0066,
0x0066,0x0066,0x0066,0x0066,0x0066,0x0066,0x0066,0x0065,0x0065,0x0065,0x0065,0x0065,0x0065,0x0065,0x0065,0x0065,
0x0065,0x0065,0x0065,0x0065,0x0065,0x0045,0x0045,0x0045,0x0045,0x0045,0x0045,0x0045,0x0045,0x0045,0x0045,0x0045,
0x0045,0x0045,0x0045,0x0045,0x0045,0x0045,0x0045,0x0045,0x0045,0x0045,0x0045,0x0045,0x0025,0x0024,0x0024,0x0024,
0x0024,0x0024,0x0024,0x0024,0x0024,0x0024,0x0024,0x0024,0x0024,0x0024,0x0024,0x0024,0x0024,0x0024,0x0024,0x0024,
0x0024,0x0024,0x0024,0x0024,0x0024,0x0024,0x0024,0x0024,0x0024,0x0004,0x0004,0x0004,0x0004,0x0004,0x0004,0x0004,
0x0004,0x0004,0x0004,0x0004,0x0004,0x0004,0x0004,0x0004,0x0004,0x0004,0x0004,0x0004,0x0004,0x0004,0x0004,0x0004,
0x0004,0x0004,0x0004,0x0004,0x0004,0x0003,0x0003,0x0003,0x0003,0x0003,0x0004,0x0004,0x0004,0x0004,0x0004,0x0004,
0x0004,0x0004,0x0004,0x0004,0x0004,0x0004,0x0004,0x0004,0x0004,0x0004,0x0004,0x0004,0x0004,0x0004,0x0004,0x0004,
0x0004,0x0004,0x0004,0x0004,0x0004,0x0004,0x0004,0x0004,0x0004,0x0004,0x0004,0x0004,0x0004,0x0004,0x0004,0x0004,
0x0025,0x0025,0x0025,0x0025,0x0025,0x0025,0x0025,0x0025,0x0025,0x0025,0x0045,0x0045,0x0045,0x0045,0x0045,0x0045,
0x0045,0x0045,0x0045,0x0045,0x0045,0x0045,0x0045,0x0045,0x0045,0x0045,0x0045,0x0045,0x0045,0x0045,0x0045,0x0045,
0x0045,0x0045,0x0045,0x0045,0x0045,0x0045,0x0065,0x0066,0x0066,0x0066,0x0066,0x0066,0x0066,0x0066,0x0066,0x0066,
0x0066,0x0066,0x0066,0x0066,0x0066,0x0066,0x0066,0x0066,0x0066,0x0066,0x0066,0x0066,0x0066,0x0066,0x0066,0x0066,
0x0066,0x0066,0x0066,0x0066,0x0066,0x0066,0x0066,0x0066,0x0066,0x0066,0x0066,0x0066,0x0066,0x0066,0x0066,0x0066,
0x0066,0x0066,0x0066,0x0066,0x0066,0x0066,0x0066,0x0066,0x0066,0x0066,0x0066,0x0066,0x0066,0x0066,0x0066,0x0066,
0x0066,0x0066,0x0066,0x0066,0x0066,0x0066,0x0066,0x0066,0x0066,0x0066,0x0066,0x0066,0x0066,0x0066,0x0066,0x0066,
0x0065,0x0065,0x0065,0x0065,0x0065,0x0065,0x0065,0x0045,0x0045,0x0045,0x0045,0x0045,0x0045,0x0045,0x0045,0x0045,
0x0045,0x0045,0x0045,0x0045,0x0045,0x0045,0x0045,0x0045,0x0045,0x0045,0x0045,0x0045,0x0045,0x0045,0x0025,0x0025,
0x0025,0x0025,0x0025,0x0025,0x0025,0x0025,0x0025,0x0025,0x0024,0x0024,0x0024,0x0024,0x0024,0x0024,0x0024,0x0024,
0x0024,0x0024,0x0024,0x0024,0x0024,0x0024,0x0024,0x0024,0x0024,0x0024,0x0024,0x0004,0x0004,0x0004,0x0004,0x0004,
0x0004,0x0004,0x0004,0x0004,0x0004,0x0004,0x0004,0x0004,0x0004,0x0004,0x0004,0x0004,0x0004,0x0004,0x0004,0x0004,
0x0004,0x0004,0x0004,0x0004,0x0004,0x0004,0x0004,0x0004,0x0004,0x0004,0x0004,0x0004,0x0004,0x0004,0x0004,0x0004,
0x0004,0x0004,0x0004,0x0004,0x0004,0x0004,0x0004,0x0004,0x0004,0x0004,0x0004,0x0004,0x0004,0x0004,0x0004,0x0004,
0x0004,0x0004,0x0004,0x0004,0x0004,0x0004,0x0004,0x0004,0x0004,0x0004,0x0004,0x0004,0x0004,0x0004,0x0004,0x0004,
0x0025,0x0025,0x0025,0x0025,0x0025,0x0045,0x0045,0x0045,0x0045,0x0045,0x0045,0x0045,0x0045,0x0045,0x0045,0x0045,
0x0045,0x0045,0x0045,0x0045,0x0045,0x0045,0x0045,0x0045,0x0045,0x0045,0x0045,0x0045,0x0045,0x0045,0x0045,0x0045,
0x0046,0x0046,0x0046,0x0066,0x0066,0x0066,0x0066,0x0066,0x0066,0x0066,0x0066,0x0066,0x0066,0x0066,0x0066,0x0066,
0x0066,0x0066,0x0066,0x0066,0x0066,0x0066,0x0066,0x0066,0x0066,0x0066,0x0066,0x0066,0x0066,0x0066,0x0066,0x0066,
0x0066,0x0066,0x0066,0x0086,0x0086,0x0086,0x0086,0x0086,0x0086,0x0086,0x0066,0x0066,0x0066,0x0066,0x0066,0x0066,
0x0066,0x0066,0x0066,0x0066,0x0066,0x0066,0x0066,0x0066,0x0066,0x0066,0x0066,0x0066,0x0066,0x0066,0x0066,0x0066,
0x0066,0x0066,0x0066,0x0066,0x0066,0x0066,0x0066,0x0066,0x0066,0x0066,0x0066,0x0066,0x0066,0x0066,0x0066,0x0066,
0x0066,0x0066,0x0066,0x0066,0x0066,0x0066,0x0066,0x0045,0x0045,0x0045,0x0045,0x0045,0x0045,0x0045,0x0045,0x0045,
0x0045,0x0045,0x0045,0x0045,0x0045,0x0045,0x0045,0x0045,0x0045,0x0045,0x0045,0x0045,0x0045,0x0045,0x0045,0x0045,
0x0025,0x0025,0x0025,0x0025,0x0025,0x0025,0x0025,0x0025,0x0025,0x0025,0x0024,0x0024,0x0024,0x0024,0x0024,0x0024,
0x0024,0x0024,0x0024,0x0024,0x0024,0x0024,0x0024,0x0024,0x0024,0x0024,0x0024,0x0004,0x0004,0x0004,0x0004,0x0004,
0x0004,0x0004,0x0004,0x0004,0x0004,0x0004,0x0004,0x0004,0x0004,0x0004,0x0004,0x0004,0x0004,0x0004,0x0004,0x0004,
0x0004,0x0004,0x0004,0x0004,0x0004,0x0004,0x0004,0x0004,0x0004,0x0004,0x0004,0x0004,0x0004,0x0004,0x0004,0x0004,
0x0004,0x0004,0x0004,0x0004,0x0004,0x0004,0x0004,0x0004,0x0004,0x0004,0x0004,0x0004,0x0004,0x0004,0x0004,0x0004,
0x0004,0x0004,0x0004,0x0004,0x0004,0x0004,0x0004,0x0004,0x0004,0x0004,0x0004,0x0004,0x0004,0x0004,0x0004,0x0004,
0x0025,0x0025,0x0025,0x0025,0x0045,0x0045,0x0045,0x0045,0x0045,0x0045,0x0045,0x0045,0x0045,0x0045,0x0045,0x0045,
0x0045,0x0045,0x0045,0x0045,0x0045,0x0045,0x0045,0x0045,0x0045,0x0065,0x0065,0x0045,0x0045,0x0066,0x0066,0x0066,
0x0066,0x0066,0x0066,0x0066,0x0066,0x0066,0x0066,0x0066,0x0066,0x0066,0x0066,0x0066,0x0066,0x0066,0x0066,0x0066,
0x0066,0x0066,0x0066,0x0066,0x0066,0x0066,0x0066,0x0066,0x0066,0x0066,0x0066,0x0066,0x0066,0x0066,0x0086,0x0086,
0x0086,0x0086,0x0086,0x0086,0x0086,0x0086,0x0086,0x0086,0x0086,0x0086,0x0086,0x0086,0x0086,0x0086,0x0086,0x0086,
0x0086,0x0086,0x0086,0x0086,0x0086,0x0086,0x0086,0x0086,0x0086,0x0086,0x0086,0x0066,0x0066,0x0066,0x0066,0x0066,
0x0066,0x0066,0x0066,0x0066,0x0066,0x0066,0x0066,0x0066,0x0066,0x0066,0x0066,0x0066,0x0066,0x0066,0x0066,0x0066,
0x0066,0x0066,0x0066,0x0066,0x0066,0x0066,0x0066,0x0066,0x0065,0x0045,0x0045,0x0045,0x0045,0x0045,0x0045,0x0045,
0x0045,0x0045,0x0045,0x0045,0x0045,0x0045,0x0045,0x0045,0x0045,0x0045,0x0045,0x0045,0x0045,0x0045,0x0045,0x0045,
0x0045,0x0045,0x0025,0x0025,0x0025,0x0025,0x0025,0x0025,0x0025,0x0025,0x0025,0x0025,0x0025,0x0025,0x0025,0x0024,
0x0024,0x0024,0x0024,0x0024,0x0024,0x0024,0x0024,0x0024,0x0024,0x0024,0x0024,0x0004,0x0004,0x0004,0x0004,0x0004,
0x0004,0x0004,0x0004,0x0004,0x0004,0x0004,0x0004,0x0004,0x0004,0x0004,0x0004,0x0004,0x0004,0x0004,0x0004,0x0004,
0x0004,0x0004,0x0004,0x0004,0x0004,0x0004,0x0004,0x0004,0x0004,0x0004,0x0004,0x0004,0x0004,0x0004,0x0004,0x0004,
0x0004,0x0004,0x0004,0x0004,0x0004,0x0004,0x0004,0x0004,0x0004,0x0004,0x0004,0x0004,0x0004,0x0004,0x0004,0x0004,
0x0004,0x0004,0x0004,0x0004,0x0004,0x0004,0x0004,0x0004,0x0004,0x0004,0x0004,0x0004,0x0004,0x0004,0x0004,0x0004,
0x0025,0x0025,0x0025,0x0025,0x0045,0x0045,0x0045,0x0045,0x0045,0x0045,0x0045,0x0045,0x0045,0x0045,0x0045,0x0045,
0x0045,0x0045,0x0045,0x0045,0x0045,0x0045,0x0045,0x0045,0x0045,0x0045,0x0045,0x0045,0x0066,0x0066,0x0066,0x0066,
0x0066,0x0066,0x0066,0x0066,0x0066,0x0066,0x0066,0x0066,0x0066,0x0066,0x0066,0x0066,0x0066,0x0066,0x0066,0x0066,
0x0066,0x0066,0x0066,0x0066,0x0066,0x0066,0x0066,0x0066,0x0066,0x0066,0x0086,0x0086,0x0086,0x0086,0x0086,0x0086,
0x0086,0x0086,0x0086,0x0086,0x0086,0x0086,0x0086,0x0086,0x0086,0x0086,0x0086,0x0086,0x0086,0x0086,0x0086,0x0086,
0x0086,0x0086,0x0086,0x0086,0x0086,0x0086,0x0086,0x0086,0x0086,0x0086,0x0086,0x0086,0x0086,0x0086,0x0086,0x0086,
0x0066,0x0066,0x0066,0x0066,0x0066,0x0066,0x0066,0x0066,0x0066,0x0066,0x0066,0x0066,0x0066,0x0066,0x0066,0x0066,
0x0066,0x0066,0x0066,0x0066,0x0066,0x0066,0x0066,0x0066,0x0066,0x0066,0x0066,0x0066,0x0066,0x0066,0x0045,0x0045,
0x0045,0x0045,0x0045,0x0045,0x0045,0x0045,0x0045,0x0045,0x0045,0x0045,0x0045,0x0045,0x0045,0x0045,0x0045,0x0045,
0x0045,0x0045,0x0045,0x0045,0x0045,0x0045,0x0045,0x0045,0x0025,0x0025,0x0025,0x0025,0x0025,0x0025,0x0025,0x0025,
0x0025,0x0024,0x0024,0x0024,0x0024,0x0024,0x0024,0x0024,0x0024,0x0024,0x0024,0x0004,0x0004,0x0004,0x0004,0x0004,
0x0004,0x0004,0x0004,0x0004,0x0004,0x0004,0x0004,0x0004,0x0004,0x0004,0x0004,0x0004,0x0004,0x0004,0x0004,0x0004,
0x0004,0x0004,0x0004,0x0004,0x0004,0x0004,0x0004,0x0004,0x0004,0x0004,0x0004,0x0004,0x0004,0x0004,0x0004,0x0004,
0x0004,0x0004,0x0004,0x0004,0x0004,0x0004,0x0004,0x0004,0x0004,0x0004,0x0004,0x0004,0x0004,0x0004,0x0004,0x0004,
0x0004,0x0004,0x0004,0x0004,0x0004,0x0004,0x0004,0x0004,0x0004,0x0004,0x0004,0x0004,0x0004,0x0004,0x0004,0x0004,
0x0025,0x0025,0x0025,0x0045,0x0045,0x0045,0x0045,0x0045,0x0045,0x0045,0x0045,0x0045,0x0045,0x0045,0x0045,0x0045,
0x0045,0x0045,0x0045,0x0045,0x0045,0x0045,0x0045,0x0045,0x0045,0x0045,0x0045,0x0046,0x0066,0x0066,0x0066,0x0066,
0x0066,0x0066,0x0066,0x0066,0x0066,0x0066,0x0066,0x0066,0x0066,0x0066,0x0066,0x0066,0x0066,0x0066,0x0066,0x0066,
0x0066,0x0066,0x0086,0x0086,0x0086,0x0086,0x0086,0x0086,0x0086,0x0086,0x0086,0x0086,0x0086,0x0086,0x0086,0x0086,
0x0086,0x0086,0x0086,0x0086,0x0086,0x0086,0x0086,0x0086,0x0086,0x0086,0x0086,0x0086,0x0086,0x0086,0x0086,0x0086,
0x0086,0x0086,0x0086,0x0086,0x0086,0x0086,0x0086,0x0086,0x0086,0x0086,0x0086,0x0086,0x0086,0x0086,0x0086,0x0086,
0x0086,0x0086,0x0086,0x0086,0x0086,0x0066,0x0066,0x0066,0x0066,0x0066,0x0066,0x0066,0x0066,0x0066,0x0066,0x0066,
0x0066,0x0066,0x0066,0x0066,0x0066,0x0066,0x0066,0x0066,0x0066,0x0066,0x0066,0x0066,0x0066,0x0066,0x0066,0x0066,
0x0066,0x0045,0x0045,0x0045,0x0045,0x0045,0x0045,0x0045,0x0045,0x0045,0x0045,0x0045,0x0045,0x0045,0x0045,0x0045,
0x0045,0x0045,0x0045,0x0045,0x0045,0x0045,0x0045,0x0045,0x0025,0x0025,0x0025,0x0025,0x0025,0x0025,0x0025,0x0025,
0x0025,0x0025,0x0025,0x0025,0x0024,0x0024,0x0024,0x0024,0x0024,0x0024,0x0024,0x0024,0x0024,0x0024,0x0024,0x0024,
0x0024,0x0004,0x0004,0x0004,0x0004,0x0004,0x0004,0x0004,0x0004,0x0004,0x0004,0x0004,0x0004,0x0004,0x0004,0x0004,
0x0004,0x0004,0x0004,0x0004,0x0004,0x0004,0x0004,0x0004,0x0004,0x0004,0x0004,0x0004,0x0004,0x0004,0x0004,0x0004,
0x0004,0x0004,0x0004,0x0004,0x0004,0x0004,0x0004,0x0004,0x0004,0x0004,0x0004,0x0004,0x0004,0x0004,0x0004,0x0004,
0x0004,0x0004,0x0004,0x0004,0x0004,0x0004,0x0004,0x0004,0x0004,0x0004,0x0004,0x0004,0x0004,0x0004,0x0004,0x0004,
0x0045,0x0045,0x0045,0x0045,0x0045,0x0045,0x0045,0x0045,0x0045,0x0045,0x0045,0x0045,0x0045,0x0045,0x0045,0x0045,
0x0045,0x0045,0x0045,0x0045,0x0045,0x0045,0x0045,0x0045,0x0065,0x0066,0x0066,0x0066,0x0066,0x0066,0x0066,0x0066,
0x0066,0x0066,0x0066,0x0066,0x0066,0x0066,0x0066,0x0066,0x0066,0x0066,0x0066,0x0066,0x0066,0x0066,0x0066,0x0066,
0x0066,0x0066,0x0086,0x0086,0x0086,0x0086,0x0086,0x0086,0x0086,0x0086,0x0086,0x0086,0x0086,0x0086,0x0086,0x0086,
0x0086,0x0086,0x0086,0x0086,0x0086,0x0086,0x0086,0x0086,0x0086,0x0086,0x0086,0x0086,0x0086,0x0086,0x0086,0x0086,
0x0086,0x0086,0x0086,0x0086,0x0086,0x0086,0x0086,0x0086,0x0086,0x0086,0x0086,0x0086,0x0086,0x0086,0x0086,0x0086,
0x0086,0x0086,0x0086,0x0086,0x0086,0x0086,0x0086,0x0066,0x0066,0x0066,0x0066,0x0066,0x0066,0x0066,0x0066,0x0066,
0x0066,0x0066,0x0066,0x0066,0x0066,0x0066,0x0066,0x0066,0x0066,0x0066,0x0066,0x0066,0x0066,0x0066,0x0066,0x0066,
0x0066,0x0066,0x0066,0x0066,0x0066,0x0045,0x0045,0x0045,0x0045,0x0045,0x0045,0x0045,0x0045,0x0045,0x0045,0x0045,
0x0045,0x0045,0x0045,0x0045,0x0045,0x0045,0x0045,0x0025,0x0025,0x0025,0x0025,0x0025,0x0025,0x0025,0x0025,0x0025,
0x0025,0x0025,0x0025,0x0025,0x0025,0x0024,0x0024,0x0024,0x0024,0x0024,0x0024,0x0024,0x0024,0x0024,0x0024,0x0024,
0x0024,0x0004,0x0004,0x0004,0x0004,0x0004,0x0004,0x0004,0x0004,0x0004,0x0004,0x0004,0x0004,0x0004,0x0004,0x0004,
0x0004,0x0004,0x0004,0x0004,0x0004,0x0004,0x0004,0x0004,0x0004,0x0004,0x0004,0x0004,0x0004,0x0004,0x0004,0x0004,
0x0004,0x0004,0x0004,0x0004,0x0004,0x0004,0x0004,0x0004,0x0004,0x0004,0x0004,0x0004,0x0004,0x0004,0x0004,0x0004,
0x0004,0x0004,0x0004,0x0004,0x0004,0x0004,0x0004,0x0004,0x0004,0x0004,0x0004,0x0004,0x0004,0x0004,0x0004,0x0004,
0x0045,0x0045,0x0045,0x0045,0x0045,0x0045,0x0045,0x0045,0x0045,0x0045,0x0045,0x0045,0x0045,0x0045,0x0045,0x0045,
0x0045,0x0045,0x0045,0x0045,0x0045,0x0065,0x0065,0x0065,0x0065,0x0066,0x0066,0x0066,0x0066,0x0066,0x0066,0x0066,
0x0066,0x0066,0x0066,0x0066,0x0066,0x0066,0x0066,0x0066,0x0066,0x0066,0x0066,0x0066,0x0066,0x0066,0x0066,0x0066,
0x0086,0x0086,0x0086,0x0086,0x0086,0x0086,0x0086,0x0086,0x0086,0x0086,0x0086,0x0086,0x0086,0x0086,0x0086,0x0086,
0x0086,0x0086,0x0086,0x0086,0x0086,0x0086,0x0086,0x0086,0x0086,0x0086,0x0086,0x00A6,0x00A6,0x00A6,0x00A6,0x0086,
0x0086,0x0086,0x0086,0x0086,0x0086,0x0086,0x0086,0x0086,0x0086,0x0086,0x0086,0x0086,0x0086,0x0086,0x0086,0x0086,
0x0086,0x0086,0x0086,0x0086,0x0086,0x0086,0x0086,0x0066,0x0066,0x0066,0x0066,0x0066,0x0066,0x0066,0x0066,0x0066,
0x0066,0x0066,0x0066,0x0066,0x0066,0x0066,0x0066,0x0066,0x0066,0x0066,0x0066,0x0066,0x0066,0x0066,0x0066,0x0066,
0x0066,0x0066,0x0066,0x0066,0x0066,0x0066,0x0065,0x0045,0x0045,0x0045,0x0045,0x0045,0x0045,0x0045,0x0045,0x0045,
0x0045,0x0045,0x0045,0x0045,0x0045,0x0045,0x0045,0x0045,0x0025,0x0025,0x0025,0x0025,0x0025,0x0025,0x0025,0x0025,
0x0025,0x0025,0x0025,0x0025,0x0025,0x0025,0x0024,0x0024,0x0024,0x0024,0x0024,0x0024,0x0024,0x0024,0x0024,0x0024,
0x0024,0x0004,0x0004,0x0004,0x0004,0x0004,0x0004,0x0004,0x0004,0x0004,0x0004,0x0004,0x0004,0x0004,0x0004,0x0004,
0x0004,0x0004,0x0004,0x0004,0x0004,0x0004,0x0004,0x0004,0x0004,0x0004,0x0004,0x0004,0x0004,0x0004,0x0004,0x0004,
0x0004,0x0004,0x0004,0x0004,0x0004,0x0004,0x0004,0x0004,0x0004,0x0004,0x0004,0x0004,0x0004,0x0004,0x0004,0x0004,
0x0004,0x0004,0x0004,0x0004,0x0004,0x0004,0x0004,0x0004,0x0004,0x0004,0x0004,0x0004,0x0004,0x0004,0x0004,0x0004,
0x0045,0x0045,0x0045,0x0045,0x0045,0x0045,0x0045,0x0045,0x0045,0x0045,0x0045,0x0045,0x0045,0x0045,0x0045,0x0045,
0x0045,0x0045,0x0065,0x0065,0x0065,0x0066,0x0066,0x0066,0x0066,0x0066,0x0066,0x0066,0x0066,0x0066,0x0066,0x0066,
0x0066,0x0066,0x0066,0x0066,0x0066,0x0066,0x0066,0x0086,0x0086,0x0086,0x0086,0x0086,0x0086,0x0086,0x0086,0x0086,
0x0086,0x0086,0x0086,0x0086,0x0086,0x0086,0x0086,0x0086,0x0086,0x0086,0x0086,0x0086,0x0086,0x0086,0x0086,0x0086,
0x0086,0x0086,0x0086,0x0086,0x0086,0x0086,0x0086,0x0086,0x0086,0x0086,0x0086,0x00A6,0x00A6,0x00A6,0x00A6,0x0086,
0x0086,0x0086,0x0086,0x0086,0x0086,0x0086,0x0086,0x0086,0x0086,0x0086,0x0086,0x0086,0x0086,0x0086,0x0086,0x0086,
0x0086,0x0086,0x0086,0x0086,0x0086,0x0086,0x0086,0x0086,0x0086,0x0086,0x0086,0x0086,0x0086,0x0086,0x0086,0x0086,
0x0066,0x0066,0x0066,0x0066,0x0066,0x0066,0x0066,0x0066,0x0066,0x0066,0x0066,0x0066,0x0066,0x0066,0x0066,0x0066,
0x0066,0x0066,0x0066,0x0066,0x0066,0x0066,0x0066,0x0066,0x0045,0x0045,0x0045,0x0045,0x0045,0x0045,0x0045,0x0045,
0x0045,0x0045,0x0045,0x0045,0x0045,0x0045,0x0045,0x0045,0x0045,0x0045,0x0045,0x0045,0x0025,0x0025,0x0025,0x0025,
0x0025,0x0025,0x0025,0x0025,0x0025,0x0025,0x0025,0x0024,0x0024,0x0024,0x0024,0x0024,0x0024,0x0024,0x0024,0x0024,
0x0024,0x0004,0x0004,0x0004,0x0004,0x0004,0x0004,0x0004,0x0004,0x0004,0x0004,0x0004,0x0004,0x0004,0x0004,0x0004,
0x0004,0x0004,0x0004,0x0004,0x0004,0x0004,0x0004,0x0004,0x0004,0x0004,0x0004,0x0004,0x0004,0x0004,0x0004,0x0004,
0x0004,0x0004,0x0004,0x0004,0x0004,0x0004,0x0004,0x0004,0x0004,0x0004,0x0004,0x0004,0x0004,0x0004,0x0004,0x0004,
0x0004,0x0004,0x0004,0x0004,0x0004,0x0004,0x0004,0x0004,0x0004,0x0004,0x0004,0x0004,0x0004,0x0004,0x0004,0x0004,
0x0045,0x0045,0x0045,0x0045,0x0045,0x0045,0x0045,0x0045,0x0045,0x0045,0x0045,0x0045,0x0045,0x0045,0x0045,0x0045,
0x0045,0x0045,0x0066,0x0066,0x0066,0x0066,0x0066,0x0066,0x0066,0x0066,0x0066,0x0066,0x0066,0x0066,0x0066,0x0066,
0x0066,0x0066,0x0066,0x0066,0x0066,0x0066,0x0066,0x0086,0x0086,0x0086,0x0086,0x0086,0x0086,0x0086,0x0086,0x0086,
0x0086,0x0086,0x0087,0x0087,0x0087,0x0087,0x0087,0x0087,0x0087,0x0087,0x0087,0x0087,0x0087,0x0087,0x0087,0x0087,
0x0087,0x0087,0x0087,0x0087,0x0087,0x0087,0x0087,0x0087,0x0087,0x0087,0x0087,0x00A7,0x00A7,0x00A7,0x00A7,0x0087,
0x0087,0x0087,0x0087,0x0087,0x0087,0x0087,0x0087,0x0087,0x0087,0x0087,0x0087,0x0087,0x0087,0x0087,0x0087,0x0087,
0x0087,0x0087,0x0087,0x0087,0x0087,0x0087,0x0087,0x0086,0x0086,0x0086,0x0086,0x0086,0x0086,0x0086,0x0086,0x0086,
0x0086,0x0086,0x0066,0x0066,0x0066,0x0066,0x0066,0x0066,0x0066,0x0066,0x0066,0x0066,0x0066,0x0066,0x0066,0x0066,
0x0066,0x0066,0x0066,0x0066,0x0066,0x0066,0x0066,0x0066,0x0045,0x0045,0x0045,0x0045,0x0045,0x0045,0x0045,0x0045,
0x0045,0x0045,0x0045,0x0045,0x0045,0x0045,0x0045,0x0045,0x0045,0x0045,0x0045,0x0045,0x0025,0x0025,0x0025,0x0025,
0x0025,0x0025,0x0025,0x0025,0x0025,0x0025,0x0025,0x0024,0x0024,0x0024,0x0024,0x0024,0x0024,0x0024,0x0024,0x0024,
0x0024,0x0004,0x0004,0x0004,0x0004,0x0004,0x0004,0x0004,0x0004,0x0004,0x0004,0x0004,0x0004,0x0004,0x0004,0x0004,
0x0004,0x0004,0x0004,0x0004,0x0004,0x0004,0x0004,0x0004,0x0004,0x0004,0x0004,0x0004,0x0004,0x0004,0x0004,0x0004,
0x0004,0x0004,0x0004,0x0004,0x0004,0x0004,0x0004,0x0004,0x0004,0x0004,0x0004,0x0004,0x0004,0x0004,0x0004,0x0004,
0x0004,0x0004,0x0004,0x0004,0x0004,0x0004,0x0004,0x0004,0x0004,0x0004,0x0004,0x0004,0x0004,0x0004,0x0004,0x0004,
0x0045,0x0045,0x0045,0x0045,0x0045,0x0045,0x0045,0x0045,0x0045,0x0045,0x0045,0x0045,0x0045,0x0045,0x0045,0x0066,
0x0066,0x0066,0x0066,0x0066,0x0066,0x0066,0x0066,0x0066,0x0066,0x0066,0x0066,0x0066,0x0066,0x0066,0x0066,0x0066,
0x0066,0x0066,0x0086,0x0086,0x0086,0x0086,0x0086,0x0087,0x0087,0x0087,0x0087,0x0087,0x0087,0x0087,0x0087,0x0087,
0x0087,0x0087,0x0087,0x0087,0x0087,0x0087,0x0087,0x0087,0x0087,0x0087,0x0087,0x0087,0x0087,0x0087,0x0087,0x0087,
0x0087,0x0087,0x0087,0x0087,0x0087,0x0087,0x0087,0x0087,0x00A7,0x00A7,0x00A7,0x00A7,0x00A7,0x00A7,0x00A7,0x00A7,
0x00A7,0x00A7,0x00A7,0x0087,0x0087,0x0087,0x0087,0x0087,0x0087,0x0087,0x0087,0x0087,0x0087,0x0087,0x0087,0x0087,
0x0087,0x0087,0x0087,0x0087,0x0087,0x0087,0x0087,0x0086,0x0086,0x0086,0x0086,0x0086,0x0086,0x0086,0x0086,0x0086,
0x0086,0x0086,0x0086,0x0086,0x0086,0x0086,0x0086,0x0066,0x0066,0x0066,0x0066,0x0066,0x0066,0x0066,0x0066,0x0066,
0x0066,0x0066,0x0066,0x0066,0x0066,0x0066,0x0066,0x0066,0x0066,0x0065,0x0065,0x0065,0x0045,0x0045,0x0045,0x0045,
0x0045,0x0045,0x0045,0x0045,0x0045,0x0045,0x0045,0x0045,0x0045,0x0045,0x0045,0x0045,0x0045,0x0045,0x0025,0x0025,
0x0025,0x0025,0x0025,0x0025,0x0025,0x0025,0x0025,0x0025,0x0024,0x0024,0x0024,0x0024,0x0024,0x0024,0x0024,0x0024,
0x0024,0x0004,0x0004,0x0004,0x0004,0x0004,0x0004,0x0004,0x0004,0x0004,0x0004,0x0004,0x0004,0x0004,0x0004,0x0004,
0x0004,0x0004,0x0004,0x0004,0x0004,0x0004,0x0004,0x0004,0x0004,0x0004,0x0004,0x0004,0x0004,0x0004,0x0004,0x0004,
0x0004,0x0004,0x0004,0x0004,0x0004,0x0004,0x0004,0x0004,0x0004,0x0004,0x0004,0x0004,0x0004,0x0004,0x0004,0x0004,
0x0004,0x0004,0x0004,0x0004,0x0004,0x0004,0x0004,0x0004,0x0004,0x0004,0x0004,0x0004,0x0004,0x0004,0x0004,0x0004,
0x0045,0x0045,0x0045,0x0045,0x0045,0x0045,0x0045,0x0045,0x0045,0x0045,0x0045,0x0045,0x0045,0x0045,0x0045,0x0066,
0x0066,0x0066,0x0066,0x0066,0x0066,0x0066,0x0066,0x0066,0x0066,0x0066,0x0066,0x0066,0x0066,0x0066,0x0066,0x0066,
0x0066,0x0086,0x0086,0x0086,0x0086,0x0086,0x0086,0x0087,0x0087,0x0087,0x0087,0x0087,0x0087,0x0087,0x0087,0x0087,
0x0087,0x0087,0x0087,0x0087,0x0087,0x0087,0x0087,0x0087,0x0087,0x0087,0x0087,0x0087,0x0087,0x0087,0x0087,0x0087,
0x0087,0x0087,0x0087,0x0087,0x0087,0x0087,0x0087,0x0087,0x00A7,0x00A7,0x00A7,0x00A7,0x00A7,0x00A7,0x00A7,0x00A7,
0x00A7,0x00A7,0x00A7,0x0087,0x0087,0x0087,0x0087,0x0087,0x0087,0x0087,0x0087,0x0087,0x0087,0x0087,0x0087,0x0087,
0x0087,0x0087,0x0087,0x0087,0x0087,0x0087,0x0087,0x0086,0x0086,0x0086,0x0086,0x0086,0x0086,0x0086,0x0086,0x0086,
0x0086,0x0086,0x0086,0x0086,0x0086,0x0086,0x0086,0x0066,0x0066,0x0066,0x0066,0x0066,0x0066,0x0066,0x0066,0x0066,
0x0066,0x0066,0x0066,0x0066,0x0066,0x0066,0x0066,0x0066,0x0066,0x0065,0x0065,0x0065,0x0045,0x0045,0x0045,0x0045,
0x0045,0x0045,0x0045,0x0045,0x0045,0x0045,0x0045,0x0045,0x0045,0x0045,0x0045,0x0045,0x0045,0x0045,0x0025,0x0025,
0x0025,0x0025,0x0025,0x0025,0x0025,0x0025,0x0025,0x0025,0x0024,0x0024,0x0024,0x0024,0x0024,0x0024,0x0024,0x0024,
0x0024,0x0004,0x0004,0x0004,0x0004,0x0004,0x0004,0x0004,0x0004,0x0004,0x0004,0x0004,0x0004,0x0004,0x0004,0x0004,
0x0004,0x0004,0x0004,0x0004,0x0004,0x0004,0x0004,0x0004,0x0004,0x0004,0x0004,0x0004,0x0004,0x0004,0x0004,0x0004,
0x0004,0x0004,0x0004,0x0004,0x0004,0x0004,0x0004,0x0004,0x0004,0x0004,0x0004,0x0004,0x0004,0x0004,0x0004,0x0004,
0x0004,0x0004,0x0004,0x0004,0x0004,0x0004,0x0004,0x0004,0x0004,0x0004,0x0004,0x0004,0x0004,0x0004,0x0004,0x0004,
0x0045,0x0045,0x0045,0x0045,0x0045,0x0045,0x0045,0x0045,0x0045,0x0045,0x0045,0x0045,0x0045,0x0045,0x0045,0x0066,
0x0066,0x0066,0x0066,0x0066,0x0066,0x0066,0x0066,0x0066,0x0066,0x0066,0x0066,0x0066,0x0066,0x0066,0x0066,0x0086,
0x0086,0x0086,0x0086,0x0086,0x0086,0x0086,0x0086,0x0087,0x0087,0x0087,0x0087,0x0087,0x0087,0x0087,0x0087,0x0087,
0x0087,0x0087,0x00A7,0x00A7,0x00A7,0x00A7,0x00A7,0x00A7,0x00A7,0x00A7,0x00A7,0x00A7,0x00A7,0x00A7,0x00A7,0x00A7,
0x00A7,0x00A7,0x00A7,0x00A7,0x00A7,0x00A7,0x0087,0x0087,0x00A7,0x00A7,0x00A7,0x00A7,0x00A7,0x00A7,0x00A7,0x00A7,
0x00A7,0x00A7,0x00A7,0x00A7,0x00A7,0x00A7,0x00A7,0x00A7,0x0087,0x0087,0x0087,0x0087,0x0087,0x0087,0x0087,0x0087,
0x0087,0x0087,0x0087,0x0087,0x0087,0x0087,0x0087,0x0086,0x0086,0x0086,0x0086,0x0086,0x0086,0x0086,0x0086,0x0086,
0x0086,0x0086,0x0086,0x0086,0x0086,0x0086,0x0086,0x0086,0x0086,0x0066,0x0066,0x0066,0x0066,0x0066,0x0066,0x0066,
0x0066,0x0066,0x0066,0x0066,0x0066,0x0066,0x0066,0x0066,0x0066,0x0065,0x0065,0x0065,0x0065,0x0065,0x0045,0x0045,
0x0045,0x0045,0x0045,0x0045,0x0045,0x0045,0x0045,0x0045,0x0045,0x0045,0x0045,0x0045,0x0045,0x0045,0x0045,0x0025,
0x0025,0x0025,0x0025,0x0025,0x0025,0x0025,0x0025,0x0025,0x0025,0x0024,0x0024,0x0024,0x0024,0x0024,0x0024,0x0024,
0x0024,0x0004,0x0004,0x0004,0x0004,0x0004,0x0004,0x0004,0x0004,0x0004,0x0004,0x0004,0x0004,0x0004,0x0004,0x0004,
0x0004,0x0004,0x0004,0x0004,0x0004,0x0004,0x0004,0x0004,0x0004,0x0004,0x0004,0x0004,0x0004,0x0004,0x0004,0x0004,
0x0004,0x0004,0x0004,0x0004,0x0004,0x0004,0x0004,0x0004,0x0004,0x0004,0x0004,0x0004,0x0004,0x0004,0x0004,0x0004,
0x0004,0x0004,0x0004,0x0004,0x0004,0x0004,0x0004,0x0004,0x0004,0x0004,0x0004,0x0004,0x0004,0x0004,0x0004,0x0004,
0x0045,0x0045,0x0045,0x0045,0x0045,0x0045,0x0045,0x0045,0x0045,0x0045,0x0045,0x0065,0x0066,0x0066,0x0066,0x0066,
0x0066,0x0066,0x0066,0x0066,0x0066,0x0066,0x0066,0x0066,0x0066,0x0066,0x0066,0x0086,0x0086,0x0086,0x0086,0x0086,
0x0086,0x0086,0x0086,0x0086,0x0086,0x0086,0x0086,0x0086,0x0086,0x0086,0x0087,0x0087,0x0087,0x0087,0x0087,0x0087,
0x0087,0x0087,0x00A7,0x00A7,0x00A7,0x00A7,0x00A7,0x00A7,0x00A7,0x00A7,0x00A7,0x00A7,0x00A7,0x00A7,0x00A7,0x00A7,
0x00A7,0x00A7,0x00A7,0x00A7,0x00A7,0x00A7,0x00A7,0x00A7,0x00A7,0x00A7,0x00A7,0x00A7,0x00A7,0x00A7,0x00A7,0x00A7,
0x00A7,0x00A7,0x00A7,0x00A7,0x00A7,0x00A7,0x00A7,0x00A7,0x00A7,0x00A7,0x00A7,0x00A7,0x00A7,0x0087,0x0087,0x0087,
0x0087,0x0087,0x0087,0x0087,0x0087,0x0087,0x00A7,0x0087,0x0087,0x0087,0x0087,0x00A7,0x00A7,0x0087,0x0087,0x0087,
0x0087,0x0087,0x0087,0x0087,0x0087,0x0087,0x0086,0x0086,0x0086,0x0066,0x0066,0x0066,0x0066,0x0066,0x0066,0x0066,
0x0066,0x0066,0x0066,0x0066,0x0066,0x0066,0x0066,0x0066,0x0066,0x0066,0x0066,0x0066,0x0066,0x0066,0x0066,0x0066,
0x0066,0x0045,0x0045,0x0045,0x0045,0x0045,0x0045,0x0045,0x0045,0x0045,0x0045,0x0045,0x0045,0x0045,0x0045,0x0045,
0x0045,0x0025,0x0025,0x0025,0x0025,0x0025,0x0025,0x0025,0x0025,0x0025,0x0025,0x0025,0x0025,0x0025,0x0024,0x0024,
0x0024,0x0024,0x0024,0x0004,0x0004,0x0004,0x0004,0x0004,0x0004,0x0004,0x0004,0x0004,0x0004,0x0004,0x0004,0x0004,
0x0004,0x0004,0x0004,0x0004,0x0004,0x0004,0x0004,0x0004,0x0004,0x0004,0x0004,0x0004,0x0004,0x0004,0x0004,0x0004,
0x0004,0x0004,0x0004,0x0004,0x0004,0x0004,0x0004,0x0004,0x0004,0x0004,0x0004,0x0004,0x0004,0x0004,0x0004,0x0004,
0x0004,0x0004,0x0004,0x0004,0x0004,0x0004,0x0004,0x0004,0x0004,0x0004,0x0004,0x0004,0x0004,0x0004,0x0004,0x0004,
0x0045,0x0045,0x0045,0x0045,0x0045,0x0045,0x0045,0x0045,0x0045,0x0045,0x0045,0x0066,0x0066,0x0066,0x0066,0x0066,
0x0066,0x0066,0x0066,0x0066,0x0066,0x0066,0x0066,0x0066,0x0066,0x0066,0x0086,0x0086,0x0086,0x0086,0x0086,0x0086,
0x0086,0x0086,0x0086,0x0086,0x0086,0x0086,0x0086,0x0086,0x0086,0x0086,0x0087,0x0087,0x00A7,0x00A7,0x00A7,0x00A7,
0x00A7,0x00A7,0x00A7,0x00A7,0x00A7,0x00A7,0x00A7,0x00A7,0x00A7,0x00A7,0x00A7,0x00A7,0x00A7,0x00A7,0x00A7,0x00A7,
0x00A7,0x00A7,0x00A7,0x00A7,0x00A7,0x00A7,0x00A7,0x00A7,0x00A7,0x00A7,0x00A7,0x00A7,0x00A7,0x00A7,0x00A7,0x00A7,
0x00A7,0x00A7,0x00A7,0x00A7,0x00A7,0x00A7,0x00A7,0x00A7,0x00A7,0x00A7,0x00A7,0x00A7,0x00A7,0x00A7,0x00A7,0x00A7,
0x00A7,0x00A7,0x00A7,0x0087,0x0087,0x0087,0x00A7,0x00A7,0x00A7,0x00A7,0x00A7,0x00A7,0x00A7,0x0087,0x0087,0x0087,
0x0087,0x0087,0x0087,0x0087,0x0087,0x0087,0x0086,0x0086,0x0086,0x0086,0x0086,0x0086,0x0086,0x0086,0x0066,0x0066,
0x0066,0x0066,0x0066,0x0066,0x0066,0x0066,0x0066,0x0066,0x0066,0x0066,0x0066,0x0066,0x0066,0x0066,0x0066,0x0066,
0x0066,0x0045,0x0045,0x0045,0x0045,0x0045,0x0045,0x0045,0x0045,0x0045,0x0045,0x0045,0x0045,0x0045,0x0045,0x0045,
0x0045,0x0025,0x0025,0x0025,0x0025,0x0025,0x0025,0x0025,0x0025,0x0025,0x0025,0x0025,0x0025,0x0025,0x0024,0x0024,
0x0024,0x0024,0x0024,0x0004,0x0004,0x0004,0x0004,0x0004,0x0004,0x0004,0x0004,0x0004,0x0004,0x0004,0x0004,0x0004,
0x0004,0x0004,0x0004,0x0004,0x0004,0x0004,0x0004,0x0004,0x0004,0x0004,0x0004,0x0004,0x0004,0x0004,0x0004,0x0004,
0x0004,0x0004,0x0004,0x0004,0x0004,0x0004,0x0004,0x0004,0x0004,0x0004,0x0004,0x0004,0x0004,0x0004,0x0004,0x0004,
0x0004,0x0004,0x0004,0x0004,0x0004,0x0004,0x0004,0x0004,0x0004,0x0004,0x0004,0x0004,0x0004,0x0004,0x0004,0x0004,
0x0045,0x0045,0x0045,0x0045,0x0045,0x0045,0x0045,0x0045,0x0045,0x0045,0x0045,0x0066,0x0066,0x0066,0x0066,0x0066,
0x0066,0x0066,0x0066,0x0066,0x0066,0x0066,0x0066,0x0066,0x0066,0x0086,0x0086,0x0086,0x0086,0x0086,0x0086,0x0086,
0x0086,0x0086,0x0086,0x0086,0x0086,0x0086,0x0086,0x0086,0x0086,0x0086,0x0087,0x0087,0x00A7,0x00A7,0x00A7,0x00A7,
0x00A7,0x00A7,0x00A7,0x00A7,0x00A7,0x00A7,0x00A7,0x00A7,0x00A7,0x00A7,0x00A7,0x00A7,0x00A7,0x00A7,0x00A7,0x00A7,
0x00A7,0x00A7,0x00A7,0x00A7,0x00A7,0x00A7,0x00A7,0x00A7,0x00A7,0x00A7,0x00A7,0x00A7,0x00A7,0x00A7,0x00A7,0x00A7,
0x00A7,0x00A7,0x00A7,0x00A7,0x00A7,0x00A7,0x00A7,0x00A7,0x00A7,0x00A7,0x00A7,0x00A7,0x00A7,0x00A7,0x00A7,0x00A7,
0x00A7,0x00A7,0x00A7,0x00A7,0x00A7,0x00A7,0x00A7,0x00A7,0x00A7,0x00A7,0x00A7,0x00A7,0x00A7,0x00A7,0x0087,0x0087,
0x0087,0x0087,0x0087,0x0087,0x0087,0x0087,0x0086,0x0086,0x0086,0x0086,0x0086,0x0086,0x0086,0x0086,0x0066,0x0066,
0x0066,0x0066,0x0066,0x0066,0x0066,0x0066,0x0066,0x0066,0x0066,0x0066,0x0066,0x0066,0x0066,0x0066,0x0066,0x0066,
0x0066,0x0066,0x0045,0x0045,0x0045,0x0045,0x0045,0x0045,0x0045,0x0045,0x0045,0x0045,0x0045,0x0045,0x0045,0x0045,
0x0045,0x0045,0x0045,0x0025,0x0025,0x0025,0x0025,0x0025,0x0025,0x0025,0x0025,0x0025,0x0025,0x0025,0x0025,0x0024,
0x0024,0x0024,0x0024,0x0024,0x0004,0x0004,0x0004,0x0004,0x0004,0x0004,0x0004,0x0004,0x0004,0x0004,0x0004,0x0004,
0x0004,0x0004,0x0004,0x0004,0x0004,0x0004,0x0004,0x0004,0x0004,0x0004,0x0004,0x0004,0x0004,0x0004,0x0004,0x0004,
0x0004,0x0004,0x0004,0x0004,0x0004,0x0004,0x0004,0x0004,0x0004,0x0004,0x0004,0x0004,0x0004,0x0004,0x0004,0x0004,
0x0004,0x0004,0x0004,0x0004,0x0004,0x0004,0x0004,0x0004,0x0004,0x0004,0x0004,0x0004,0x0004,0x0004,0x0004,0x0004,
0x0045,0x0045,0x0045,0x0045,0x0045,0x0045,0x0045,0x0045,0x0045,0x0066,0x0066,0x0066,0x0066,0x0066,0x0066,0x0066,
0x0066,0x0066,0x0066,0x0066,0x0066,0x0066,0x0066,0x0086,0x0086,0x0086,0x0086,0x0086,0x0086,0x0086,0x0086,0x0086,
0x0086,0x0086,0x0086,0x0086,0x0086,0x0086,0x0086,0x00A7,0x00A7,0x00A7,0x00A7,0x00A7,0x00A7,0x00A7,0x00A7,0x00A7,
0x00A7,0x00A7,0x00A7,0x00A7,0x00A7,0x00A7,0x00A7,0x00A7,0x00A7,0x00A7,0x00A7,0x00A7,0x00A7,0x00A7,0x00A7,0x00A7,
0x00A7,0x00A7,0x00A7,0x00A7,0x00A7,0x00A7,0x00A7,0x00A7,0x00A7,0x00A7,0x00A7,0x00A7,0x00A7,0x00A7,0x00A7,0x00A7,
0x00A7,0x00A7,0x00A7,0x00A7,0x00A7,0x00A7,0x00A7,0x00A7,0x00A7,0x00A7,0x00A7,0x00A7,0x00A7,0x00A7,0x00A7,0x00A7,
0x00A7,0x00A7,0x00A7,0x00A7,0x00A7,0x00A7,0x00A7,0x00A7,0x00A7,0x00A7,0x00A7,0x00A7,0x00A7,0x00A7,0x00A7,0x00A7,
0x0087,0x0087,0x0087,0x0087,0x0087,0x0087,0x0086,0x0086,0x0086,0x0086,0x0086,0x0086,0x0086,0x0086,0x0086,0x0086,
0x0066,0x0066,0x0066,0x0066,0x0066,0x0066,0x0066,0x0066,0x0066,0x0066,0x0066,0x0066,0x0066,0x0066,0x0066,0x0066,
0x0066,0x0066,0x0045,0x0045,0x0045,0x0045,0x0045,0x0045,0x0045,0x0045,0x0045,0x0045,0x0045,0x0045,0x0045,0x0045,
0x0045,0x0045,0x0045,0x0045,0x0025,0x0025,0x0025,0x0025,0x0025,0x0025,0x0025,0x0025,0x0025,0x0025,0x0025,0x0024,
0x0024,0x0024,0x0024,0x0024,0x0004,0x0004,0x0004,0x0004,0x0004,0x0004,0x0004,0x0004,0x0004,0x0004,0x0004,0x0004,
0x0004,0x0004,0x0004,0x0004,0x0004,0x0004,0x0004,0x0004,0x0004,0x0004,0x0004,0x0004,0x0004,0x0004,0x0004,0x0004,
0x0004,0x0004,0x0004,0x0004,0x0004,0x0004,0x0004,0x0004,0x0004,0x0004,0x0004,0x0004,0x0004,0x0004,0x0004,0x0004,
0x0004,0x0004,0x0004,0x0004,0x0004,0x0004,0x0004,0x0004,0x0004,0x0004,0x0004,0x0004,0x0004,0x0004,0x0004,0x0004,
0x0045,0x0045,0x0045,0x0045,0x0045,0x0045,0x0066,0x0066,0x0066,0x0066,0x0066,0x0066,0x0066,0x0066,0x0066,0x0066,
0x0066,0x0066,0x0066,0x0066,0x0066,0x0086,0x0086,0x0086,0x0086,0x0086,0x0086,0x0086,0x0086,0x0086,0x0086,0x0086,
0x0086,0x0086,0x0086,0x0086,0x0086,0x0086,0x0086,0x00A7,0x00A7,0x00A7,0x00A7,0x00A7,0x00A7,0x00A7,0x00A7,0x00A7,
0x00A7,0x00A7,0x00A7,0x00A7,0x00A7,0x00A7,0x00A7,0x00A7,0x00A7,0x00A7,0x00A7,0x00A7,0x00A7,0x00A7,0x00A7,0x00A7,
0x00A7,0x00A7,0x00A7,0x00A7,0x00A7,0x00A7,0x00A7,0x00A7,0x00A7,0x00A7,0x00A7,0x00A7,0x00A7,0x00A7,0x00A7,0x00A7,
0x00A7,0x00A7,0x00A7,0x00A7,0x00A7,0x00A7,0x00A7,0x00A7,0x00A7,0x00A7,0x00A7,0x00A7,0x00A7,0x00A7,0x00A7,0x00A7,
0x00A7,0x00A7,0x00A7,0x00A7,0x00A7,0x00A7,0x00A7,0x00A7,0x00A7,0x00A7,0x00A7,0x00A7,0x00A7,0x00A7,0x00A7,0x00A7,
0x00A7,0x00A7,0x0087,0x0087,0x0087,0x0087,0x0087,0x0086,0x0086,0x0086,0x0086,0x0086,0x0086,0x0086,0x0086,0x0086,
0x0086,0x0086,0x0066,0x0066,0x0066,0x0066,0x0066,0x0066,0x0066,0x0066,0x0066,0x0066,0x0066,0x0066,0x0066,0x0066,
0x0066,0x0066,0x0066,0x0046,0x0046,0x0045,0x0045,0x0045,0x0045,0x0045,0x0045,0x0045,0x0045,0x0045,0x0045,0x0045,
0x0045,0x0045,0x0045,0x0045,0x0025,0x0025,0x0025,0x0025,0x0025,0x0025,0x0025,0x0025,0x0025,0x0025,0x0025,0x0025,
0x0025,0x0024,0x0024,0x0024,0x0024,0x0024,0x0004,0x0004,0x0004,0x0004,0x0004,0x0004,0x0004,0x0004,0x0004,0x0004,
0x0004,0x0004,0x0004,0x0004,0x0004,0x0004,0x0004,0x0004,0x0004,0x0004,0x0004,0x0004,0x0004,0x0004,0x0004,0x0004,
0x0004,0x0004,0x0004,0x0004,0x0004,0x0004,0x0004,0x0004,0x0004,0x0004,0x0004,0x0004,0x0004,0x0004,0x0004,0x0004,
0x0004,0x0004,0x0004,0x0004,0x0004,0x0004,0x0004,0x0004,0x0004,0x0004,0x0004,0x0004,0x0004,0x0004,0x0004,0x0004,
0x0045,0x0045,0x0045,0x0045,0x0065,0x0066,0x0066,0x0066,0x0066,0x0066,0x0066,0x0066,0x0066,0x0066,0x0066,0x0066,
0x0066,0x0066,0x0066,0x0066,0x0066,0x0086,0x0086,0x0086,0x0086,0x0086,0x0086,0x0086,0x0086,0x0086,0x0086,0x0086,
0x0086,0x0086,0x0086,0x00A6,0x00A6,0x00A6,0x00A6,0x00A7,0x00A7,0x00A7,0x00A7,0x00A7,0x00A7,0x00A7,0x00A7,0x00A7,
0x00A7,0x00A7,0x00A7,0x00A7,0x00A7,0x00A7,0x00A7,0x00A7,0x00A7,0x00A7,0x00A7,0x00A7,0x00A7,0x00A7,0x00A7,0x00A7,
0x00A7,0x00A7,0x00A7,0x00A7,0x00A7,0x00C7,0x00C7,0x00C7,0x00C7,0x00C7,0x00C7,0x00C7,0x00C7,0x00C7,0x00C7,0x00C7,
0x00C7,0x00C7,0x00C7,0x00C7,0x00C7,0x00C8,0x00C8,0x00C8,0x00C7,0x00C7,0x00C7,0x00C7,0x00C7,0x00C7,0x00A7,0x00A7,
0x00A7,0x00A7,0x00A7,0x00A7,0x00A7,0x00A7,0x00A7,0x00A7,0x00A7,0x00A7,0x00A7,0x00A7,0x00A7,0x00A7,0x00A7,0x00A7,
0x00A7,0x00A7,0x00A7,0x0087,0x0087,0x0087,0x0087,0x0087,0x0086,0x0086,0x0086,0x0086,0x0086,0x0086,0x0086,0x0086,
0x0086,0x0086,0x0086,0x0066,0x0066,0x0066,0x0066,0x0066,0x0066,0x0066,0x0066,0x0066,0x0066,0x0066,0x0066,0x0066,
0x0066,0x0066,0x0066,0x0066,0x0066,0x0066,0x0045,0x0045,0x0045,0x0045,0x0045,0x0045,0x0045,0x0045,0x0045,0x0045,
0x0045,0x0045,0x0045,0x0045,0x0045,0x0025,0x0025,0x0025,0x0025,0x0025,0x0025,0x0025,0x0025,0x0025,0x0025,0x0025,
0x0025,0x0024,0x0024,0x0024,0x0024,0x0024,0x0004,0x0004,0x0004,0x0004,0x0004,0x0004,0x0004,0x0004,0x0004,0x0004,
0x0004,0x0004,0x0004,0x0004,0x0004,0x0004,0x0004,0x0004,0x0004,0x0004,0x0004,0x0004,0x0004,0x0004,0x0004,0x0004,
0x0004,0x0004,0x0004,0x0004,0x0004,0x0004,0x0004,0x0004,0x0004,0x0004,0x0004,0x0004,0x0004,0x0004,0x0004,0x0004,
0x0004,0x0004,0x0004,0x0004,0x0004,0x0004,0x0004,0x0004,0x0004,0x0004,0x0004,0x0004,0x0004,0x0004,0x0004,0x0004,
0x0045,0x0045,0x0045,0x0045,0x0065,0x0066,0x0066,0x0066,0x0066,0x0066,0x0066,0x0066,0x0066,0x0066,0x0066,0x0066,
0x0066,0x0086,0x0086,0x0086,0x0086,0x0086,0x0086,0x0086,0x0086,0x0086,0x0086,0x0086,0x0086,0x0086,0x0086,0x0086,
0x0086,0x00A6,0x00A6,0x00A6,0x00A7,0x00A7,0x00A7,0x00A7,0x00A7,0x00A7,0x00A7,0x00A7,0x00A7,0x00A7,0x00A7,0x00A7,
0x00A7,0x00A7,0x00A7,0x00A7,0x00A7,0x00A7,0x00A7,0x00A7,0x00A7,0x00A7,0x00A7,0x00A7,0x00A7,0x00C7,0x00C7,0x00C7,
0x00C7,0x00C7,0x00C7,0x00C7,0x00C7,0x00C7,0x00C7,0x00C7,0x00C7,0x00C7,0x00C7,0x00C7,0x00C7,0x00C7,0x00C7,0x00C8,
0x00C8,0x00C8,0x00C8,0x00C8,0x00C8,0x00C8,0x00C8,0x00C8,0x00C8,0x00C8,0x00C8,0x00C8,0x00C8,0x00C8,0x00A7,0x00A7,
0x00A7,0x00A7,0x00A7,0x00A7,0x00A7,0x00A7,0x00A7,0x00A7,0x00A7,0x00A7,0x00A7,0x00A7,0x00A7,0x00A7,0x00A7,0x00A7,
0x00A7,0x00A7,0x00A7,0x00A7,0x00A7,0x00A7,0x00A7,0x0087,0x0086,0x0086,0x0086,0x0086,0x0086,0x0086,0x0086,0x0086,
0x0086,0x0086,0x0086,0x0086,0x0086,0x0086,0x0086,0x0066,0x0066,0x0066,0x0066,0x0066,0x0066,0x0066,0x0066,0x0066,
0x0066,0x0066,0x0066,0x0066,0x0066,0x0066,0x0066,0x0066,0x0045,0x0045,0x0045,0x0045,0x0045,0x0045,0x0045,0x0045,
0x0045,0x0045,0x0045,0x0045,0x0045,0x0045,0x0045,0x0045,0x0025,0x0025,0x0025,0x0025,0x0025,0x0025,0x0025,0x0025,
0x0025,0x0025,0x0025,0x0024,0x0024,0x0024,0x0024,0x0024,0x0024,0x0004,0x0004,0x0004,0x0004,0x0004,0x0004,0x0004,
0x0004,0x0004,0x0004,0x0004,0x0004,0x0004,0x0004,0x0004,0x0004,0x0004,0x0004,0x0004,0x0004,0x0004,0x0004,0x0004,
0x0004,0x0004,0x0004,0x0004,0x0004,0x0004,0x0004,0x0004,0x0004,0x0004,0x0004,0x0004,0x0004,0x0004,0x0004,0x0004,
0x0004,0x0004,0x0004,0x0004,0x0004,0x0004,0x0004,0x0004,0x0004,0x0004,0x0004,0x0004,0x0004,0x0004,0x0004,0x0004,
0x0045,0x0065,0x0065,0x0065,0x0066,0x0066,0x0066,0x0066,0x0066,0x0066,0x0066,0x0066,0x0066,0x0066,0x0066,0x0086,
0x0086,0x0086,0x0086,0x0086,0x0086,0x0087,0x0087,0x0087,0x0087,0x0087,0x0087,0x0087,0x0087,0x0087,0x0087,0x00A7,
0x00A7,0x00A7,0x00A7,0x00A7,0x00A7,0x00A7,0x00A7,0x00A7,0x00A7,0x00A7,0x00A7,0x00A7,0x00A7,0x00A7,0x00A7,0x00A7,
0x00A7,0x00A7,0x00A7,0x00A7,0x00A7,0x00A7,0x00A7,0x00A7,0x00A7,0x00A7,0x00C7,0x00C7,0x00C7,0x00C7,0x00C7,0x00C7,
0x00C7,0x00C7,0x00C7,0x00C7,0x00C7,0x00C8,0x00C8,0x00C8,0x00C8,0x00C8,0x00C8,0x00C8,0x00C8,0x00C8,0x00C8,0x00C8,
0x00C8,0x00C8,0x00C8,0x00C8,0x00C8,0x00C8,0x00C8,0x00C8,0x00C8,0x00C8,0x00C8,0x00C8,0x00C8,0x00C8,0x00C8,0x00C8,
0x00C8,0x00C8,0x00C8,0x00C8,0x00C8,0x00C7,0x00C7,0x00A7,0x00A7,0x00A7,0x00A7,0x00A7,0x00A7,0x00A7,0x00A7,0x00A7,
0x00A7,0x00A7,0x00A7,0x00A7,0x00A7,0x00A7,0x00A7,0x0087,0x0087,0x0086,0x0086,0x0086,0x0086,0x0086,0x0086,0x0086,
0x0086,0x0086,0x0086,0x0086,0x0086,0x0086,0x0086,0x0086,0x0066,0x0066,0x0066,0x0066,0x0066,0x0066,0x0066,0x0066,
0x0066,0x0066,0x0066,0x0066,0x0066,0x0066,0x0066,0x0066,0x0045,0x0045,0x0045,0x0045,0x0045,0x0045,0x0045,0x0045,
0x0045,0x0045,0x0045,0x0045,0x0045,0x0045,0x0045,0x0045,0x0025,0x0025,0x0025,0x0025,0x0025,0x0025,0x0025,0x0025,
0x0025,0x0025,0x0025,0x0024,0x0024,0x0024,0x0024,0x0024,0x0024,0x0004,0x0004,0x0004,0x0004,0x0004,0x0004,0x0004,
0x0004,0x0004,0x0004,0x0004,0x0004,0x0004,0x0004,0x0004,0x0004,0x0004,0x0004,0x0004,0x0004,0x0004,0x0004,0x0004,
0x0004,0x0004,0x0004,0x0004,0x0004,0x0004,0x0004,0x0004,0x0004,0x0004,0x0004,0x0004,0x0004,0x0004,0x0004,0x0004,
0x0004,0x0004,0x0004,0x0004,0x0004,0x0004,0x0004,0x0004,0x0004,0x0004,0x0004,0x0004,0x0004,0x0004,0x0004,0x0004,
0x0065,0x0065,0x0065,0x0065,0x0066,0x0066,0x0066,0x0066,0x0066,0x0066,0x0066,0x0066,0x0066,0x0066,0x0066,0x0086,
0x0086,0x0086,0x0086,0x0086,0x0086,0x0087,0x0087,0x0087,0x0087,0x0087,0x0087,0x0087,0x0087,0x0087,0x00A7,0x00A7,
0x00A7,0x00A7,0x00A7,0x00A7,0x00A7,0x00A7,0x00A7,0x00A7,0x00A7,0x00A7,0x00A7,0x00A7,0x00A7,0x00A7,0x00A7,0x00A7,
0x00A7,0x00A7,0x00A7,0x00A7,0x00A7,0x00A7,0x00C8,0x00C8,0x00C8,0x00C8,0x00C8,0x00C8,0x00C8,0x00C8,0x00C8,0x00C8,
0x00C8,0x00C8,0x00C8,0x00C8,0x00C8,0x00C8,0x00C8,0x00C8,0x00C8,0x00C8,0x00C8,0x00C8,0x00C8,0x00C8,0x00C8,0x00C8,
0x00C8,0x00C8,0x00C8,0x00C8,0x00C8,0x00C8,0x00C8,0x00C8,0x00C8,0x00C8,0x00C8,0x00C8,0x00C8,0x00C8,0x00C8,0x00C8,
0x00C8,0x00C8,0x00C8,0x00C8,0x00C8,0x00C8,0x00C8,0x00A7,0x00A7,0x00A7,0x00A7,0x00A7,0x00A7,0x00A7,0x00A7,0x00A7,
0x00A7,0x00A7,0x00A7,0x00A7,0x00A7,0x00A7,0x00A7,0x0087,0x0087,0x0086,0x0086,0x0086,0x0086,0x0086,0x0086,0x0086,
0x0086,0x0086,0x0086,0x0086,0x0086,0x0086,0x0086,0x0086,0x0066,0x0066,0x0066,0x0066,0x0066,0x0066,0x0066,0x0066,
0x0066,0x0066,0x0066,0x0066,0x0066,0x0066,0x0066,0x0066,0x0045,0x0045,0x0045,0x0045,0x0045,0x0045,0x0045,0x0045,
0x0045,0x0045,0x0045,0x0045,0x0045,0x0045,0x0045,0x0045,0x0025,0x0025,0x0025,0x0025,0x0025,0x0025,0x0025,0x0025,
0x0025,0x0025,0x0025,0x0024,0x0024,0x0024,0x0024,0x0024,0x0024,0x0004,0x0004,0x0004,0x0004,0x0004,0x0004,0x0004,
0x0004,0x0004,0x0004,0x0004,0x0004,0x0004,0x0004,0x0004,0x0004,0x0004,0x0004,0x0004,0x0004,0x0004,0x0004,0x0004,
0x0004,0x0004,0x0004,0x0004,0x0004,0x0004,0x0004,0x0004,0x0004,0x0004,0x0004,0x0004,0x0004,0x0004,0x0004,0x0004,
0x0004,0x0004,0x0004,0x0004,0x0004,0x0004,0x0004,0x0004,0x0004,0x0004,0x0004,0x0004,0x0004,0x0004,0x0004,0x0004,
0x0066,0x0066,0x0066,0x0066,0x0066,0x0066,0x0066,0x0066,0x0066,0x0066,0x0066,0x0066,0x0086,0x0086,0x0086,0x0086,
0x0086,0x0086,0x0086,0x0086,0x0086,0x0087,0x0087,0x0087,0x0087,0x0087,0x0087,0x00A7,0x00A7,0x00A7,0x00A7,0x00A7,
0x00A7,0x00A7,0x00A7,0x00A7,0x00A7,0x00A7,0x00A7,0x00A7,0x00A7,0x00A7,0x00A7,0x00A7,0x00A7,0x00A7,0x00A7,0x00A7,
0x00C7,0x00C7,0x00C7,0x00C7,0x00C7,0x00C8,0x00C8,0x00C8,0x00C8,0x00C8,0x00C8,0x00C8,0x00C8,0x00C8,0x00C8,0x00C8,
0x00C8,0x00C8,0x00C8,0x00C8,0x00C8,0x00C8,0x00C8,0x00C8,0x00C8,0x00C8,0x00C8,0x00C8,0x00C8,0x00C8,0x00C8,0x00C8,
0x00C8,0x00C8,0x00C8,0x00C8,0x00C8,0x00C8,0x00C8,0x00C8,0x00C8,0x00C8,0x00C8,0x00C8,0x00C8,0x00C8,0x00C8,0x00C8,
0x00C8,0x00C8,0x00C8,0x00C8,0x00C8,0x00C8,0x00C8,0x00C7,0x00C7,0x00C7,0x00C7,0x00C7,0x00C7,0x00A7,0x00A7,0x00A7,
0x00A7,0x00A7,0x00A7,0x00A7,0x00A7,0x00A7,0x00A7,0x00A7,0x00A7,0x00A7,0x00A7,0x00A7,0x00A7,0x0087,0x0087,0x0087,
0x0087,0x0087,0x0087,0x0087,0x0087,0x0087,0x0087,0x0086,0x0086,0x0086,0x0086,0x0086,0x0066,0x0066,0x0066,0x0066,
0x0066,0x0066,0x0066,0x0066,0x0066,0x0066,0x0066,0x0066,0x0065,0x0065,0x0045,0x0045,0x0045,0x0045,0x0045,0x0045,
0x0045,0x0045,0x0045,0x0045,0x0045,0x0045,0x0045,0x0045,0x0025,0x0025,0x0025,0x0025,0x0025,0x0025,0x0025,0x0025,
0x0025,0x0025,0x0025,0x0025,0x0025,0x0024,0x0024,0x0024,0x0024,0x0004,0x0004,0x0004,0x0004,0x0004,0x0004,0x0004,
0x0004,0x0004,0x0004,0x0004,0x0004,0x0004,0x0004,0x0004,0x0004,0x0004,0x0004,0x0004,0x0004,0x0004,0x0004,0x0004,
0x0004,0x0004,0x0004,0x0004,0x0004,0x0004,0x0004,0x0004,0x0004,0x0004,0x0004,0x0004,0x0004,0x0004,0x0004,0x0004,
0x0004,0x0004,0x0004,0x0004,0x0004,0x0004,0x0004,0x0004,0x0004,0x0004,0x0004,0x0004,0x0004,0x0004,0x0004,0x0004,
0x0066,0x0066,0x0066,0x0066,0x0066,0x0066,0x0066,0x0066,0x0066,0x0066,0x0066,0x0086,0x0086,0x0086,0x0086,0x0086,
0x0086,0x0086,0x0086,0x0086,0x0086,0x0087,0x0087,0x0087,0x0087,0x00A7,0x00A7,0x00A7,0x00A7,0x00A7,0x00A7,0x00A7,
0x00A7,0x00A7,0x00A7,0x00A7,0x00A7,0x00A7,0x00A7,0x00A7,0x00A7,0x00A7,0x00A7,0x00A7,0x00C7,0x00C7,0x00C7,0x00C7,
0x00C7,0x00C7,0x00C7,0x00C7,0x00C7,0x00C8,0x00C8,0x00C8,0x00C8,0x00C8,0x00C8,0x00C8,0x00C8,0x00C8,0x00C8,0x00C8,
0x00C8,0x00C8,0x00C8,0x00C8,0x00C8,0x00C8,0x00C8,0x00C8,0x00C8,0x00C8,0x00C8,0x00C8,0x00C8,0x00C8,0x00C8,0x00C8,
0x00C8,0x00C8,0x00C8,0x00C8,0x00C8,0x00C8,0x00C8,0x00C8,0x00C8,0x00C8,0x00C8,0x00C8,0x00C8,0x00C8,0x00C8,0x00C8,
0x00C8,0x00C8,0x00C8,0x00C8,0x00C8,0x00C8,0x00C8,0x00C7,0x00C7,0x00C7,0x00C7,0x00C7,0x00C7,0x00A7,0x00A7,0x00A7,
0x00A7,0x00A7,0x00A7,0x00A7,0x00A7,0x00A7,0x00A7,0x00A7,0x00A7,0x00A7,0x00A7,0x00A7,0x00A7,0x00A7,0x0087,0x0087,
0x0087,0x0087,0x0087,0x0087,0x0087,0x0087,0x0087,0x0086,0x0086,0x0086,0x0086,0x0086,0x0086,0x0086,0x0066,0x0066,
0x0066,0x0066,0x0066,0x0066,0x0066,0x0066,0x0066,0x0066,0x0066,0x0065,0x0065,0x0065,0x0045,0x0045,0x0045,0x0045,
0x0045,0x0045,0x0045,0x0045,0x0045,0x0045,0x0045,0x0045,0x0045,0x0025,0x0025,0x0025,0x0025,0x0025,0x0025,0x0025,
0x0025,0x0025,0x0025,0x0025,0x0025,0x0025,0x0024,0x0024,0x0024,0x0004,0x0004,0x0004,0x0004,0x0004,0x0004,0x0004,
0x0004,0x0004,0x0004,0x0004,0x0004,0x0004,0x0004,0x0004,0x0004,0x0004,0x0004,0x0004,0x0004,0x0004,0x0004,0x0004,
0x0004,0x0004,0x0004,0x0004,0x0004,0x0004,0x0004,0x0004,0x0004,0x0004,0x0004,0x0004,0x0004,0x0004,0x0004,0x0004,
0x0004,0x0004,0x0004,0x0004,0x0004,0x0004,0x0004,0x0004,0x0004,0x0004,0x0004,0x0004,0x0004,0x0004,0x0004,0x0004,
0x0066,0x0066,0x0066,0x0066,0x0066,0x0066,0x0066,0x0086,0x0086,0x0086,0x0086,0x0086,0x0086,0x0086,0x0086,0x0086,
0x0086,0x0086,0x0086,0x0086,0x0087,0x0087,0x0087,0x00A7,0x00A7,0x00A7,0x00A7,0x00A7,0x00A7,0x00A7,0x00A7,0x00A7,
0x00A7,0x00A7,0x00A7,0x00A7,0x00A7,0x00A7,0x00A7,0x00C7,0x00C7,0x00C7,0x00C7,0x00C7,0x00C7,0x00C7,0x00C7,0x00C7,
0x00C8,0x00C8,0x00C8,0x00C8,0x00C8,0x00C8,0x00C8,0x00C8,0x00C8,0x00C8,0x00C8,0x00C8,0x00C8,0x00C8,0x00C8,0x00C8,
0x00E8,0x00E8,0x00E8,0x00E8,0x00E8,0x00E8,0x00C8,0x00C8,0x00C8,0x00C8,0x00C8,0x00C8,0x00C8,0x00C8,0x00C8,0x00C8,
0x00C8,0x00C8,0x00C8,0x00C8,0x00C8,0x00C8,0x00C8,0x00C8,0x00C8,0x00C8,0x00C8,0x00C8,0x00C8,0x00C8,0x00C8,0x00C8,
0x00C8,0x00C8,0x00C8,0x00C8,0x00C8,0x00C8,0x00C8,0x00C8,0x00C8,0x00C8,0x00C8,0x00C8,0x00C7,0x00C7,0x00C7,0x00C7,
0x00C7,0x00A7,0x00A7,0x00A7,0x00A7,0x00A7,0x00A7,0x00A7,0x00A7,0x00A7,0x00A7,0x00A7,0x00A7,0x00A7,0x00A7,0x00A7,
0x0087,0x0087,0x0087,0x0087,0x0087,0x0087,0x0087,0x0086,0x0086,0x0086,0x0086,0x0086,0x0086,0x0086,0x0086,0x0086,
0x0066,0x0066,0x0066,0x0066,0x0066,0x0066,0x0066,0x0066,0x0066,0x0065,0x0065,0x0065,0x0065,0x0045,0x0045,0x0045,
0x0045,0x0045,0x0045,0x0045,0x0045,0x0045,0x0045,0x0045,0x0045,0x0045,0x0025,0x0025,0x0025,0x0025,0x0025,0x0025,
0x0025,0x0025,0x0025,0x0025,0x0025,0x0025,0x0025,0x0025,0x0025,0x0024,0x0024,0x0024,0x0024,0x0004,0x0004,0x0004,
0x0004,0x0004,0x0004,0x0004,0x0004,0x0004,0x0004,0x0004,0x0004,0x0004,0x0004,0x0004,0x0004,0x0004,0x0004,0x0004,
0x0004,0x0004,0x0004,0x0004,0x0004,0x0004,0x0004,0x0004,0x0004,0x0004,0x0004,0x0004,0x0004,0x0004,0x0004,0x0004,
0x0004,0x0004,0x0004,0x0004,0x0004,0x0004,0x0004,0x0004,0x0004,0x0004,0x0004,0x0004,0x0004,0x0004,0x0004,0x0004,
0x0066,0x0066,0x0066,0x0066,0x0066,0x0066,0x0086,0x0086,0x0086,0x0086,0x0086,0x0086,0x0086,0x0086,0x0086,0x0087,
0x0087,0x0087,0x0087,0x0087,0x0087,0x00A7,0x00A7,0x00A7,0x00A7,0x00A7,0x00A7,0x00A7,0x00A7,0x00A7,0x00A7,0x00A7,
0x00A7,0x00A7,0x00A7,0x00A7,0x00A7,0x00A7,0x00A7,0x00C7,0x00C7,0x00C7,0x00C7,0x00C8,0x00C8,0x00C8,0x00C8,0x00C8,
0x00C8,0x00C8,0x00C8,0x00C8,0x00C8,0x00C8,0x00C8,0x00C8,0x00C8,0x00C8,0x00E8,0x00E8,0x00E8,0x00E8,0x00E8,0x00E8,
0x00E8,0x00E8,0x00E8,0x00E8,0x00E8,0x00E8,0x00C8,0x00C8,0x00C8,0x00C8,0x00C8,0x00C8,0x00C8,0x00C8,0x00C8,0x00C8,
0x00C8,0x00C8,0x00C8,0x00C8,0x00C8,0x00C8,0x00C8,0x00C8,0x00C8,0x00C8,0x00C8,0x00C8,0x00C8,0x00C8,0x00C8,0x00C8,
0x00C8,0x00C8,0x00C8,0x00C8,0x00C8,0x00C8,0x00C8,0x00C8,0x00C8,0x00C8,0x00C8,0x00C8,0x00C8,0x00C8,0x00C8,0x00C8,
0x00C8,0x00C8,0x00A7,0x00A7,0x00A7,0x00A7,0x00A7,0x00A7,0x00A7,0x00A7,0x00A7,0x00A7,0x00A7,0x00A7,0x00A7,0x00A7,
0x00A7,0x00A7,0x0087,0x0087,0x0087,0x0087,0x0087,0x0086,0x0086,0x0086,0x0086,0x0086,0x0086,0x0086,0x0086,0x0086,
0x0086,0x0066,0x0066,0x0066,0x0066,0x0066,0x0066,0x0066,0x0066,0x0065,0x0065,0x0065,0x0065,0x0065,0x0045,0x0045,
0x0045,0x0045,0x0045,0x0045,0x0045,0x0045,0x0045,0x0045,0x0045,0x0045,0x0025,0x0025,0x0025,0x0025,0x0025,0x0025,
0x0025,0x0025,0x0025,0x0025,0x0025,0x0025,0x0025,0x0025,0x0025,0x0024,0x0024,0x0024,0x0024,0x0004,0x0004,0x0004,
0x0004,0x0004,0x0004,0x0004,0x0004,0x0004,0x0004,0x0004,0x0004,0x0004,0x0004,0x0004,0x0004,0x0004,0x0004,0x0004,
0x0004,0x0004,0x0004,0x0004,0x0004,0x0004,0x0004,0x0004,0x0004,0x0004,0x0004,0x0004,0x0004,0x0004,0x0004,0x0004,
0x0004,0x0004,0x0004,0x0004,0x0004,0x0004,0x0004,0x0004,0x0004,0x0004,0x0004,0x0004,0x0004,0x0004,0x0004,0x0004,
0x0066,0x0066,0x0066,0x0066,0x0066,0x0066,0x0086,0x0086,0x0086,0x0086,0x0087,0x0087,0x0087,0x0087,0x0087,0x0087,
0x0087,0x0087,0x0087,0x0087,0x0087,0x00A7,0x00A7,0x00A7,0x00A7,0x00A7,0x00A7,0x00A7,0x00A7,0x00A7,0x00A7,0x00A7,
0x00A7,0x00A7,0x00A7,0x00C7,0x00C7,0x00C7,0x00C7,0x00C8,0x00C8,0x00C8,0x00C8,0x00C8,0x00C8,0x00C8,0x00C8,0x00C8,
0x00C8,0x00C8,0x00C8,0x00C8,0x00C8,0x00C8,0x00E8,0x00E8,0x00E8,0x00E8,0x00E8,0x00E8,0x00E8,0x00E8,0x00E8,0x00E8,
0x00E8,0x00E8,0x00E8,0x00E8,0x00E8,0x00E8,0x00E8,0x00E8,0x00E8,0x00E8,0x00E8,0x00E8,0x00E8,0x00E8,0x00E8,0x00E8,
0x00E8,0x00E8,0x00E8,0x00E8,0x00E8,0x00E8,0x00E8,0x00E8,0x00E8,0x00E8,0x00E8,0x00E8,0x00E8,0x00E8,0x00C8,0x00C8,
0x00C8,0x00C8,0x00C8,0x00C8,0x00C8,0x00C8,0x00C8,0x00C8,0x00C8,0x00C8,0x00C8,0x00C8,0x00C8,0x00C8,0x00C8,0x00C8,
0x00C8,0x00C8,0x00C8,0x00A8,0x00A7,0x00A7,0x00A7,0x00A7,0x00A7,0x00A7,0x00A7,0x00A7,0x00A7,0x00A7,0x00A7,0x00A7,
0x00A7,0x00A7,0x0087,0x0087,0x0087,0x0087,0x0087,0x0086,0x0086,0x0086,0x0086,0x0086,0x0086,0x0086,0x0086,0x0086,
0x0086,0x0086,0x0066,0x0066,0x0066,0x0066,0x0066,0x0066,0x0066,0x0066,0x0065,0x0065,0x0065,0x0065,0x0045,0x0045,
0x0045,0x0045,0x0045,0x0045,0x0045,0x0045,0x0045,0x0045,0x0045,0x0045,0x0025,0x0025,0x0025,0x0025,0x0025,0x0025,
0x0025,0x0025,0x0025,0x0025,0x0025,0x0025,0x0025,0x0025,0x0025,0x0024,0x0024,0x0024,0x0024,0x0024,0x0004,0x0004,
0x0004,0x0004,0x0004,0x0004,0x0004,0x0004,0x0004,0x0004,0x0004,0x0004,0x0004,0x0004,0x0004,0x0004,0x0004,0x0004,
0x0004,0x0004,0x0004,0x0004,0x0004,0x0004,0x0004,0x0004,0x0004,0x0004,0x0004,0x0004,0x0004,0x0004,0x0004,0x0004,
0x0004,0x0004,0x0004,0x0004,0x0004,0x0004,0x0004,0x0004,0x0004,0x0004,0x0004,0x0004,0x0004,0x0004,0x0004,0x0004,
0x0066,0x0066,0x0066,0x0066,0x0086,0x0086,0x0086,0x0086,0x0087,0x0087,0x0087,0x0087,0x0087,0x0087,0x0087,0x0087,
0x0087,0x0087,0x0087,0x00A7,0x00A7,0x00A7,0x00A7,0x00A7,0x00A7,0x00A7,0x00A7,0x00A7,0x00A7,0x00A7,0x00A7,0x00A7,
0x00A7,0x00C7,0x00C7,0x00C7,0x00C7,0x00C7,0x00C7,0x00C8,0x00C8,0x00C8,0x00C8,0x00C8,0x00C8,0x00C8,0x00C8,0x00C8,
0x00C8,0x00C8,0x00C8,0x00C8,0x00C8,0x00E8,0x00E8,0x00E8,0x00E8,0x00E8,0x00E8,0x00E8,0x00E8,0x00E8,0x00E8,0x00E8,
0x00E8,0x00E8,0x00E8,0x00E8,0x00E8,0x00E8,0x00E8,0x00E8,0x00E8,0x00E8,0x00E8,0x00E8,0x00E8,0x00E8,0x00E8,0x00E8,
0x00E8,0x00E8,0x00E8,0x00E8,0x00E8,0x00E8,0x00E8,0x00E8,0x00E8,0x00E8,0x00E8,0x00E8,0x00E8,0x00E8,0x00E8,0x00E8,
0x00E8,0x00E8,0x00E8,0x00E8,0x00E8,0x00E8,0x00E8,0x00C8,0x00C8,0x00C8,0x00C8,0x00C8,0x00C8,0x00C8,0x00C8,0x00C8,
0x00C8,0x00C8,0x00C8,0x00C8,0x00C8,0x00A7,0x00A7,0x00A7,0x00A7,0x00A7,0x00A7,0x00A7,0x00A7,0x00A7,0x00A7,0x00A7,
0x00A7,0x00A7,0x00A7,0x0087,0x0087,0x0087,0x0087,0x0086,0x0086,0x0086,0x0086,0x0086,0x0086,0x0086,0x0086,0x0086,
0x0086,0x0086,0x0086,0x0066,0x0066,0x0066,0x0066,0x0066,0x0066,0x0066,0x0065,0x0065,0x0065,0x0065,0x0065,0x0045,
0x0045,0x0045,0x0045,0x0045,0x0045,0x0045,0x0045,0x0045,0x0045,0x0045,0x0025,0x0025,0x0025,0x0025,0x0025,0x0025,
0x0025,0x0025,0x0025,0x0025,0x0025,0x0025,0x0025,0x0025,0x0025,0x0024,0x0024,0x0024,0x0024,0x0024,0x0004,0x0004,
0x0004,0x0004,0x0004,0x0004,0x0004,0x0004,0x0004,0x0004,0x0004,0x0004,0x0004,0x0004,0x0004,0x0004,0x0004,0x0004,
0x0004,0x0004,0x0004,0x0004,0x0004,0x0004,0x0004,0x0004,0x0004,0x0004,0x0004,0x0004,0x0004,0x0004,0x0004,0x0004,
0x0004,0x0004,0x0004,0x0004,0x0004,0x0004,0x0004,0x0004,0x0004,0x0004,0x0004,0x0004,0x0004,0x0004,0x0004,0x0004,
0x0066,0x0066,0x0066,0x0066,0x0086,0x0086,0x0086,0x0086,0x0087,0x0087,0x0087,0x0087,0x0087,0x0087,0x0087,0x0087,
0x0087,0x0087,0x00A7,0x00A7,0x00A7,0x00A7,0x00A7,0x00A7,0x00A7,0x00A7,0x00A7,0x00A7,0x00A7,0x00A7,0x00A7,0x00A7,
0x00C7,0x00C7,0x00C7,0x00C7,0x00C7,0x00C7,0x00C7,0x00C8,0x00C8,0x00C8,0x00C8,0x00C8,0x00C8,0x00C8,0x00C8,0x00C8,
0x00C8,0x00C8,0x00C8,0x00C8,0x00C8,0x00E8,0x00E8,0x00E8,0x00E8,0x00E8,0x00E8,0x00E8,0x00E8,0x00E8,0x00E8,0x00E8,
0x00E8,0x00E8,0x00E8,0x00E8,0x00E8,0x00E8,0x00E8,0x00E8,0x00E8,0x00E8,0x00E8,0x00E8,0x00E8,0x00E8,0x00E8,0x00E8,
0x00E8,0x00E8,0x00E8,0x00E8,0x00E8,0x00E8,0x00E8,0x00E8,0x00E8,0x00E8,0x00E8,0x00E8,0x00E8,0x00E8,0x00E8,0x00E8,
0x00E8,0x00E8,0x00E8,0x00E8,0x00E8,0x00E8,0x00E8,0x00C8,0x00C8,0x00E8,0x00C8,0x00C8,0x00C8,0x00C8,0x00C8,0x00C8,
0x00C8,0x00C8,0x00C8,0x00C8,0x00C8,0x00A8,0x00A7,0x00A7,0x00A7,0x00A7,0x00A7,0x00A7,0x00A7,0x00A7,0x00A7,0x00A7,
0x00A7,0x00A7,0x00A7,0x0087,0x0087,0x0087,0x0087,0x0087,0x0086,0x0086,0x0086,0x0086,0x0086,0x0086,0x0086,0x0086,
0x0086,0x0086,0x0086,0x0066,0x0066,0x0066,0x0066,0x0066,0x0066,0x0066,0x0066,0x0066,0x0065,0x0065,0x0065,0x0045,
0x0045,0x0045,0x0045,0x0045,0x0045,0x0045,0x0045,0x0045,0x0045,0x0045,0x0025,0x0025,0x0025,0x0025,0x0025,0x0025,
0x0025,0x0025,0x0025,0x0025,0x0025,0x0025,0x0025,0x0025,0x0025,0x0024,0x0024,0x0024,0x0024,0x0024,0x0024,0x0024,
0x0004,0x0004,0x0004,0x0004,0x0004,0x0004,0x0004,0x0004,0x0004,0x0004,0x0004,0x0004,0x0004,0x0004,0x0004,0x0004,
0x0004,0x0004,0x0004,0x0004,0x0004,0x0004,0x0004,0x0004,0x0004,0x0004,0x0004,0x0004,0x0004,0x0004,0x0004,0x0004,
0x0004,0x0004,0x0004,0x0004,0x0004,0x0004,0x0004,0x0004,0x0004,0x0004,0x0004,0x0004,0x0004,0x0004,0x0004,0x0004,
0x0066,0x0066,0x0086,0x0086,0x0086,0x0086,0x0086,0x0086,0x0086,0x0086,0x0086,0x0086,0x0086,0x0087,0x00A7,0x00A7,
0x00A7,0x00A7,0x00A7,0x00A7,0x00A7,0x00A7,0x00A7,0x00A7,0x00A7,0x00A7,0x00A7,0x00A7,0x00A7,0x00A7,0x00C7,0x00C7,
0x00C8,0x00C8,0x00C8,0x00C8,0x00C8,0x00C8,0x00C8,0x00C8,0x00C8,0x00C8,0x00C8,0x00C8,0x00C8,0x00C8,0x00C8,0x00C8,
0x00C8,0x00C8,0x00E8,0x00E8,0x00E8,0x00E8,0x00E8,0x00E8,0x00E8,0x00E8,0x00E8,0x00E8,0x00E8,0x00E8,0x00E8,0x00E8,
0x00E8,0x00E8,0x00E8,0x00E8,0x00E8,0x00E8,0x00E8,0x00E8,0x00E8,0x00E8,0x00E8,0x00E8,0x00E8,0x00E8,0x00E8,0x00E8,
0x00E8,0x00E8,0x00E8,0x00E8,0x00E8,0x00E8,0x00E8,0x00E8,0x00E8,0x00E8,0x00E8,0x00E8,0x00E8,0x00E8,0x00E8,0x00E8,
0x00E8,0x00E8,0x00E8,0x00E8,0x00E8,0x00E8,0x00E8,0x00E8,0x00E8,0x00C8,0x00C8,0x00C8,0x00C8,0x00C8,0x00C8,0x00C8,
0x00C8,0x00C7,0x00C7,0x00C7,0x00C7,0x00C7,0x00A7,0x00C7,0x00C7,0x00C7,0x00C7,0x00A7,0x00A7,0x00A7,0x00A7,0x00A7,
0x00A7,0x00A7,0x00A7,0x00A7,0x00A7,0x00A7,0x00A7,0x00A7,0x0087,0x0086,0x0086,0x0086,0x0086,0x0086,0x0086,0x0086,
0x0086,0x0086,0x0086,0x0086,0x0086,0x0086,0x0086,0x0086,0x0066,0x0066,0x0066,0x0066,0x0066,0x0066,0x0066,0x0065,
0x0065,0x0065,0x0045,0x0045,0x0045,0x0045,0x0045,0x0045,0x0045,0x0045,0x0045,0x0045,0x0045,0x0045,0x0045,0x0025,
0x0025,0x0025,0x0025,0x0025,0x0025,0x0025,0x0025,0x0025,0x0025,0x0024,0x0024,0x0024,0x0024,0x0024,0x0024,0x0024,
0x0024,0x0024,0x0024,0x0024,0x0024,0x0024,0x0024,0x0024,0x0024,0x0004,0x0004,0x0004,0x0004,0x0004,0x0004,0x0004,
0x0004,0x0004,0x0004,0x0004,0x0004,0x0004,0x0004,0x0004,0x0004,0x0004,0x0004,0x0004,0x0004,0x0004,0x0004,0x0004,
0x0004,0x0004,0x0004,0x0004,0x0004,0x0004,0x0004,0x0004,0x0004,0x0004,0x0004,0x0004,0x0004,0x0004,0x0004,0x0004,
0x0066,0x0066,0x0086,0x0086,0x0086,0x0086,0x0086,0x0086,0x0086,0x0086,0x0086,0x0086,0x0086,0x00A7,0x00A7,0x00A7,
0x00A7,0x00A7,0x00A7,0x00A7,0x00A7,0x00A7,0x00A7,0x00A7,0x00A7,0x00A7,0x00A7,0x00A7,0x00A7,0x00C7,0x00C7,0x00C7,
0x00C8,0x00C8,0x00C8,0x00C8,0x00C8,0x00C8,0x00C8,0x00C8,0x00C8,0x00C8,0x00C8,0x00C8,0x00C8,0x00C8,0x00E8,0x00E8,
0x00E8,0x00E8,0x00E8,0x00E8,0x00E8,0x00E8,0x00E8,0x00E8,0x00E8,0x00E8,0x00E8,0x00E8,0x00E8,0x00E8,0x00E8,0x00E8,
0x00E8,0x00E8,0x00E8,0x00E8,0x00E8,0x00E8,0x00E9,0x00E9,0x00E9,0x00E9,0x00E9,0x00E9,0x00E9,0x00E9,0x00E9,0x00E9,
0x00E9,0x00E9,0x00E9,0x00E9,0x00E9,0x00E9,0x00E9,0x00E9,0x00E9,0x00E9,0x00E9,0x00E9,0x00E9,0x00E9,0x00E8,0x00E8,
0x00E8,0x00E8,0x00E8,0x00E8,0x00E8,0x00E8,0x00E8,0x00E8,0x00E8,0x00C8,0x00C8,0x00C8,0x00C8,0x00C8,0x00C8,0x00C8,
0x00C8,0x00C7,0x00C7,0x00C7,0x00C7,0x00C7,0x00C7,0x00C7,0x00C7,0x00C7,0x00C7,0x00C7,0x00C7,0x00A7,0x00A7,0x00A7,
0x00A7,0x00A7,0x00A7,0x00A7,0x00A7,0x00A7,0x00A7,0x00A7,0x00A7,0x00A7,0x0087,0x0087,0x0087,0x0086,0x0086,0x0086,
0x0086,0x0086,0x0086,0x0086,0x0086,0x0086,0x0086,0x0086,0x0066,0x0066,0x0066,0x0066,0x0066,0x0066,0x0066,0x0066,
0x0066,0x0066,0x0045,0x0045,0x0045,0x0045,0x0045,0x0045,0x0045,0x0045,0x0045,0x0045,0x0045,0x0045,0x0045,0x0045,
0x0045,0x0045,0x0025,0x0025,0x0025,0x0025,0x0025,0x0025,0x0025,0x0025,0x0024,0x0024,0x0024,0x0024,0x0024,0x0024,
0x0024,0x0024,0x0024,0x0024,0x0024,0x0024,0x0024,0x0024,0x0024,0x0004,0x0004,0x0004,0x0004,0x0004,0x0004,0x0004,
0x0004,0x0004,0x0004,0x0004,0x0004,0x0004,0x0004,0x0004,0x0004,0x0004,0x0004,0x0004,0x0004,0x0004,0x0004,0x0004,
0x0004,0x0004,0x0004,0x0004,0x0004,0x0004,0x0004,0x0004,0x0004,0x0004,0x0004,0x0004,0x0004,0x0004,0x0004,0x0004,
0x0086,0x0086,0x0086,0x0086,0x0086,0x0086,0x0086,0x0086,0x0086,0x0086,0x0086,0x0086,0x0086,0x00A7,0x00A7,0x00A7,
0x00A7,0x00A7,0x00A7,0x00A7,0x00A7,0x00A7,0x00A7,0x00A7,0x00A7,0x00A7,0x00A7,0x00A7,0x00C7,0x00C7,0x00C7,0x00C8,
0x00C8,0x00C8,0x00C8,0x00C8,0x00C8,0x00C8,0x00C8,0x00C8,0x00C8,0x00C8,0x00C8,0x00C8,0x00E8,0x00E8,0x00E8,0x00E8,
0x00E8,0x00E8,0x00E8,0x00E8,0x00E8,0x00E8,0x00E8,0x00E8,0x00E8,0x00E8,0x00E8,0x00E8,0x00E8,0x00E8,0x0108,0x0108,
0x0108,0x0109,0x0109,0x0109,0x0109,0x0109,0x0109,0x0109,0x0109,0x0109,0x0109,0x0109,0x0109,0x0109,0x0109,0x0109,
0x0109,0x0109,0x0109,0x0109,0x0109,0x0109,0x0109,0x0109,0x0109,0x0109,0x0109,0x00E9,0x00E9,0x00E9,0x00E9,0x00E9,
0x00E9,0x00E9,0x00E9,0x00E9,0x00E8,0x00E8,0x00E8,0x00E8,0x00E8,0x00E8,0x00E8,0x00E8,0x00E8,0x00C8,0x00C8,0x00C8,
0x00C8,0x00C8,0x00C8,0x00C8,0x00C7,0x00C7,0x00C7,0x00C7,0x00C7,0x00C7,0x00C7,0x00C7,0x00C7,0x00C7,0x00C7,0x00A7,
0x00A7,0x00A7,0x00A7,0x00A7,0x00A7,0x00A7,0x00A7,0x00A7,0x00A7,0x00A7,0x00A7,0x00A7,0x0087,0x0087,0x0086,0x0086,
0x0086,0x0086,0x0086,0x0086,0x0086,0x0086,0x0086,0x0086,0x0066,0x0066,0x0066,0x0066,0x0066,0x0066,0x0066,0x0066,
0x0066,0x0066,0x0066,0x0045,0x0045,0x0045,0x0045,0x0045,0x0045,0x0045,0x0045,0x0045,0x0045,0x0045,0x0045,0x0045,
0x0045,0x0045,0x0025,0x0025,0x0025,0x0025,0x0025,0x0025,0x0025,0x0025,0x0024,0x0024,0x0024,0x0024,0x0024,0x0024,
0x0024,0x0024,0x0024,0x0024,0x0024,0x0024,0x0024,0x0024,0x0024,0x0004,0x0004,0x0004,0x0004,0x0004,0x0004,0x0004,
0x0004,0x0004,0x0004,0x0004,0x0004,0x0004,0x0004,0x0004,0x0004,0x0004,0x0004,0x0004,0x0004,0x0004,0x0004,0x0004,
0x0004,0x0004,0x0004,0x0004,0x0004,0x0004,0x0004,0x0004,0x0004,0x0004,0x0004,0x0004,0x0004,0x0004,0x0004,0x0004,
0x0086,0x0086,0x0086,0x0086,0x0086,0x0086,0x0086,0x0086,0x0086,0x0086,0x0086,0x0086,0x0086,0x00A7,0x00A7,0x00A7,
0x00A7,0x00A7,0x00A7,0x00A7,0x00A7,0x00A7,0x00A7,0x00A7,0x00A7,0x00A7,0x00A7,0x00C7,0x00C7,0x00C7,0x00C8,0x00C8,
0x00C8,0x00C8,0x00C8,0x00C8,0x00C8,0x00C8,0x00C8,0x00C8,0x00E8,0x00E8,0x00E8,0x00E8,0x00E8,0x00E8,0x00E8,0x00E8,
0x00E8,0x00E8,0x00E8,0x00E8,0x00E8,0x00E8,0x00E9,0x00E9,0x00E9,0x00E9,0x00E9,0x0109,0x0109,0x0109,0x0109,0x0109,
0x0109,0x0109,0x0109,0x0109,0x0109,0x0109,0x0109,0x0109,0x0109,0x0109,0x0109,0x0109,0x0109,0x0109,0x0109,0x0109,
0x0109,0x0109,0x0109,0x0109,0x0109,0x0109,0x0109,0x0109,0x0109,0x0109,0x0109,0x00E9,0x00E9,0x00E9,0x00E9,0x00E9,
0x00E9,0x00E9,0x00E9,0x00E9,0x00E9,0x00E8,0x00E8,0x00E8,0x00E8,0x00E8,0x00E8,0x00E8,0x00E8,0x00E8,0x00E8,0x00E8,
0x00C8,0x00C8,0x00C8,0x00C8,0x00C8,0x00C8,0x00C8,0x00C7,0x00C7,0x00C7,0x00C7,0x00C7,0x00C7,0x00C7,0x00C7,0x00A7,
0x00A7,0x00A7,0x00A7,0x00A7,0x00A7,0x00A7,0x00A7,0x00A7,0x00A7,0x00A7,0x00A7,0x00A7,0x00A7,0x0087,0x0087,0x0086,
0x0086,0x0086,0x0086,0x0086,0x0086,0x0086,0x0086,0x0086,0x0066,0x0066,0x0066,0x0066,0x0066,0x0066,0x0066,0x0066,
0x0066,0x0066,0x0066,0x0066,0x0045,0x0045,0x0045,0x0045,0x0045,0x0045,0x0045,0x0045,0x0045,0x0045,0x0045,0x0045,
0x0045,0x0045,0x0025,0x0025,0x0025,0x0025,0x0025,0x0025,0x0025,0x0025,0x0024,0x0024,0x0024,0x0024,0x0024,0x0024,
0x0024,0x0024,0x0024,0x0024,0x0024,0x0024,0x0024,0x0024,0x0024,0x0004,0x0004,0x0004,0x0004,0x0004,0x0004,0x0004,
0x0004,0x0004,0x0004,0x0004,0x0004,0x0004,0x0004,0x0004,0x0004,0x0004,0x0004,0x0004,0x0004,0x0004,0x0004,0x0004,
0x0004,0x0004,0x0004,0x0004,0x0004,0x0004,0x0004,0x0004,0x0004,0x0004,0x0004,0x0004,0x0004,0x0004,0x0004,0x0004,
0x0086,0x0086,0x0086,0x0086,0x0086,0x0086,0x0086,0x0086,0x0086,0x0086,0x0086,0x0086,0x00A7,0x00A7,0x00A7,0x00A7,
0x00A7,0x00A7,0x00A7,0x00A7,0x00A7,0x00A7,0x00A7,0x00A7,0x00A7,0x00A7,0x00C7,0x00C7,0x00C7,0x00C8,0x00C8,0x00C8,
0x00C8,0x00C8,0x00C8,0x00C8,0x00E8,0x00C8,0x00C8,0x00C8,0x00E8,0x00E8,0x00E8,0x00E8,0x00E8,0x00E8,0x00E8,0x00E8,
0x00E8,0x00E8,0x00E8,0x0109,0x0109,0x0109,0x0109,0x0109,0x0109,0x0109,0x0109,0x0109,0x0109,0x0109,0x0109,0x0109,
0x0109,0x0109,0x0109,0x0109,0x0109,0x0109,0x0109,0x0109,0x0109,0x0109,0x0109,0x0109,0x0109,0x0109,0x0109,0x0109,
0x0109,0x0109,0x0109,0x0109,0x0109,0x0109,0x0109,0x0109,0x0109,0x0109,0x0109,0x0109,0x0109,0x0109,0x0109,0x0109,
0x0109,0x0109,0x0109,0x0109,0x00E9,0x00E9,0x00E9,0x00E9,0x00E9,0x00E9,0x00E8,0x00E8,0x00E8,0x00E8,0x00E8,0x00E8,
0x00E8,0x00C8,0x00C8,0x00C8,0x00C8,0x00C8,0x00C8,0x00C8,0x00C8,0x00C8,0x00C8,0x00C8,0x00C7,0x00C7,0x00C7,0x00A7,
0x00A7,0x00A7,0x00A7,0x00A7,0x00A7,0x00A7,0x00A7,0x00A7,0x00A7,0x00A7,0x00A7,0x00A7,0x00A7,0x00A7,0x0087,0x0086,
0x0086,0x0086,0x0086,0x0086,0x0086,0x0086,0x0086,0x0086,0x0066,0x0066,0x0066,0x0066,0x0066,0x0066,0x0066,0x0066,
0x0066,0x0066,0x0066,0x0066,0x0045,0x0045,0x0045,0x0045,0x0045,0x0045,0x0045,0x0045,0x0045,0x0045,0x0045,0x0045,
0x0045,0x0045,0x0045,0x0025,0x0025,0x0025,0x0025,0x0025,0x0025,0x0025,0x0024,0x0024,0x0024,0x0024,0x0024,0x0024,
0x0024,0x0024,0x0024,0x0024,0x0024,0x0024,0x0024,0x0024,0x0024,0x0024,0x0004,0x0004,0x0004,0x0004,0x0004,0x0004,
0x0004,0x0004,0x0004,0x0004,0x0004,0x0004,0x0004,0x0004,0x0004,0x0004,0x0004,0x0004,0x0004,0x0004,0x0004,0x0004,
0x0004,0x0004,0x0004,0x0004,0x0004,0x0004,0x0004,0x0004,0x0004,0x0004,0x0004,0x0004,0x0004,0x0004,0x0004,0x0004,
0x0086,0x0086,0x0086,0x0086,0x0086,0x0086,0x0086,0x0086,0x0086,0x0086,0x0086,0x00A7,0x00A7,0x00A7,0x00A7,0x00A7,
0x00A7,0x00A7,0x00A7,0x00A7,0x00A7,0x00A7,0x00A7,0x00A7,0x00A7,0x00C7,0x00C7,0x00C8,0x00C8,0x00C8,0x00C8,0x00C8,
0x00C8,0x00C8,0x00C8,0x00C8,0x00E8,0x00C8,0x00E8,0x00E8,0x00E8,0x00E8,0x00E8,0x00E8,0x00E8,0x00E8,0x00E8,0x00E8,
0x0109,0x0109,0x0109,0x0109,0x0109,0x0109,0x0109,0x0109,0x0109,0x0109,0x0109,0x0109,0x0109,0x0109,0x0109,0x0109,
0x0109,0x0109,0x0109,0x0109,0x0109,0x0109,0x0109,0x0109,0x0109,0x0109,0x0109,0x0109,0x0109,0x0109,0x0109,0x0109,
0x0109,0x0109,0x0109,0x0109,0x0109,0x0109,0x0109,0x0109,0x0109,0x0109,0x0109,0x0109,0x0109,0x0109,0x0109,0x0109,
0x0109,0x0109,0x0109,0x0109,0x0109,0x0109,0x0109,0x0109,0x0109,0x00E9,0x00E9,0x00E8,0x00E8,0x00E8,0x00E8,0x00E8,
0x00E8,0x00E8,0x00E8,0x00E8,0x00C8,0x00C8,0x00C8,0x00C8,0x00C8,0x00C8,0x00C8,0x00C8,0x00C8,0x00C7,0x00C7,0x00C7,
0x00A7,0x00A7,0x00A7,0x00A7,0x00A7,0x00A7,0x00A7,0x00A7,0x00A7,0x00A7,0x00A7,0x00A7,0x00A7,0x00A7,0x0087,0x0087,
0x0086,0x0086,0x0086,0x0086,0x0086,0x0086,0x0086,0x0086,0x0086,0x0066,0x0066,0x0066,0x0066,0x0066,0x0066,0x0066,
0x0066,0x0066,0x0066,0x0066,0x0066,0x0045,0x0045,0x0045,0x0045,0x0045,0x0045,0x0045,0x0045,0x0045,0x0045,0x0045,
0x0045,0x0045,0x0045,0x0045,0x0025,0x0025,0x0025,0x0025,0x0025,0x0025,0x0024,0x0024,0x0024,0x0024,0x0024,0x0024,
0x0024,0x0024,0x0024,0x0024,0x0024,0x0024,0x0024,0x0024,0x0024,0x0024,0x0004,0x0004,0x0004,0x0004,0x0004,0x0004,
0x0004,0x0004,0x0004,0x0004,0x0004,0x0004,0x0004,0x0004,0x0004,0x0004,0x0004,0x0004,0x0004,0x0004,0x0004,0x0004,
0x0004,0x0004,0x0004,0x0004,0x0004,0x0004,0x0004,0x0004,0x0004,0x0004,0x0004,0x0004,0x0004,0x0004,0x0004,0x0004,
0x0086,0x0086,0x0086,0x0086,0x0086,0x0086,0x0086,0x0086,0x0086,0x0087,0x00A7,0x00A7,0x00A7,0x00A7,0x00A7,0x00A7,
0x00A7,0x00A7,0x00A7,0x00A7,0x00A7,0x00C7,0x00C7,0x00C7,0x00C7,0x00C7,0x00C8,0x00C8,0x00C8,0x00C8,0x00C8,0x00C8,
0x00C8,0x00E8,0x00E8,0x00E8,0x00E8,0x00E8,0x00E8,0x00E8,0x00E8,0x00E8,0x00E8,0x00E8,0x00E8,0x00E8,0x0109,0x0109,
0x0109,0x0109,0x0109,0x0109,0x0109,0x0109,0x0109,0x0109,0x0109,0x0109,0x0109,0x0109,0x0109,0x0109,0x0109,0x0109,
0x0109,0x0109,0x0109,0x0109,0x0109,0x0109,0x0109,0x0109,0x0109,0x0109,0x0109,0x0109,0x0109,0x0109,0x0109,0x0109,
0x0109,0x0109,0x0109,0x0109,0x0109,0x0109,0x0109,0x0109,0x0109,0x0109,0x0109,0x0109,0x0109,0x0109,0x0109,0x0109,
0x0109,0x0109,0x0109,0x0109,0x0109,0x0109,0x0109,0x0109,0x0109,0x00E9,0x00E9,0x00E8,0x00E8,0x00E8,0x00E8,0x00E8,
0x00E8,0x00E8,0x00E8,0x00E8,0x00C8,0x00C8,0x00C8,0x00E8,0x00E8,0x00E8,0x00E8,0x00C8,0x00C8,0x00C8,0x00C8,0x00C7,
0x00C7,0x00C7,0x00A7,0x00A7,0x00A7,0x00A7,0x00A7,0x00A7,0x00A7,0x00A7,0x00A7,0x00A7,0x00A7,0x00A7,0x00A7,0x0087,
0x0087,0x0086,0x0086,0x0086,0x0086,0x0086,0x0086,0x0086,0x0086,0x0086,0x0086,0x0086,0x0066,0x0066,0x0066,0x0066,
0x0066,0x0066,0x0066,0x0066,0x0066,0x0066,0x0045,0x0045,0x0045,0x0045,0x0045,0x0045,0x0045,0x0045,0x0045,0x0045,
0x0045,0x0045,0x0045,0x0045,0x0045,0x0025,0x0025,0x0025,0x0025,0x0025,0x0024,0x0024,0x0024,0x0024,0x0024,0x0024,
0x0024,0x0024,0x0024,0x0024,0x0024,0x0024,0x0024,0x0024,0x0024,0x0024,0x0004,0x0004,0x0004,0x0004,0x0004,0x0004,
0x0004,0x0004,0x0004,0x0004,0x0004,0x0004,0x0004,0x0004,0x0004,0x0004,0x0004,0x0004,0x0004,0x0004,0x0004,0x0004,
0x0004,0x0004,0x0004,0x0004,0x0004,0x0004,0x0004,0x0004,0x0004,0x0004,0x0004,0x0004,0x0004,0x0004,0x0004,0x0004,
0x0086,0x0086,0x0086,0x0086,0x0086,0x0086,0x0086,0x0086,0x00A7,0x00A7,0x00A7,0x00A7,0x00A7,0x00A7,0x00A7,0x00A7,
0x00A7,0x00A7,0x00A7,0x00A7,0x00C7,0x00C7,0x00C7,0x00C8,0x00C8,0x00C8,0x00C8,0x00C8,0x00C8,0x00C8,0x00C8,0x00C8,
0x00E8,0x00E8,0x00E8,0x00E8,0x00E8,0x00E8,0x00E8,0x00E8,0x00E8,0x00E8,0x00E8,0x00E8,0x0109,0x0109,0x0109,0x0109,
0x0109,0x0109,0x0109,0x0109,0x0109,0x0109,0x0109,0x0109,0x0109,0x0109,0x0109,0x0109,0x0109,0x0109,0x0109,0x0109,
0x0109,0x0129,0x0129,0x0129,0x0129,0x0129,0x0129,0x0129,0x0129,0x0129,0x0129,0x0129,0x0129,0x0129,0x0129,0x0129,
0x0129,0x0129,0x0129,0x0129,0x0129,0x0129,0x0129,0x0129,0x0129,0x0129,0x0129,0x0109,0x0109,0x0109,0x0109,0x0109,
0x0109,0x0109,0x0109,0x0109,0x0109,0x0109,0x0109,0x0109,0x0109,0x0109,0x0109,0x0109,0x0109,0x00E8,0x00E8,0x00E8,
0x00E8,0x00E8,0x00E8,0x00E8,0x00E8,0x00E8,0x00E8,0x00E8,0x00E8,0x00C8,0x00C8,0x00E8,0x00E8,0x00C8,0x00C8,0x00C8,
0x00C8,0x00C7,0x00C7,0x00C7,0x00A7,0x00A7,0x00A7,0x00A7,0x00A7,0x00A7,0x00A7,0x00A7,0x00A7,0x00A7,0x00A7,0x00A7,
0x00A7,0x0087,0x0086,0x0086,0x0086,0x0086,0x0086,0x0086,0x0086,0x0086,0x0086,0x0086,0x0066,0x0066,0x0066,0x0066,
0x0066,0x0066,0x0066,0x0066,0x0066,0x0066,0x0066,0x0066,0x0045,0x0045,0x0045,0x0045,0x0045,0x0045,0x0045,0x0045,
0x0045,0x0045,0x0045,0x0045,0x0045,0x0045,0x0025,0x0025,0x0025,0x0025,0x0024,0x0024,0x0024,0x0024,0x0024,0x0024,
0x0024,0x0024,0x0024,0x0024,0x0024,0x0024,0x0024,0x0024,0x0024,0x0024,0x0004,0x0004,0x0004,0x0004,0x0004,0x0004,
0x0004,0x0004,0x0004,0x0004,0x0004,0x0004,0x0004,0x0004,0x0004,0x0004,0x0004,0x0004,0x0004,0x0004,0x0004,0x0004,
0x0004,0x0004,0x0004,0x0004,0x0004,0x0004,0x0004,0x0004,0x0004,0x0004,0x0004,0x0004,0x0004,0x0004,0x0004,0x0004,
0x0086,0x0086,0x0086,0x0086,0x0086,0x0086,0x00A7,0x00A7,0x00A7,0x00A7,0x00A7,0x00A7,0x00A7,0x00A7,0x00A7,0x00A7,
0x00A7,0x00C7,0x00C7,0x00C7,0x00C7,0x00C8,0x00C8,0x00C8,0x00C8,0x00C8,0x00C8,0x00C8,0x00C8,0x00E8,0x00E8,0x00E8,
0x00E8,0x00E8,0x00E8,0x00E8,0x00E8,0x00E8,0x00E8,0x00E8,0x00E9,0x0109,0x0109,0x0109,0x0109,0x0109,0x0109,0x0109,
0x0109,0x0109,0x0109,0x0109,0x0109,0x0109,0x0109,0x0109,0x0109,0x0109,0x0109,0x0109,0x0109,0x0129,0x0129,0x0129,
0x0129,0x0129,0x0129,0x0129,0x0129,0x0129,0x0129,0x0129,0x0129,0x0129,0x0129,0x0129,0x0129,0x0129,0x0129,0x0129,
0x0129,0x0129,0x0129,0x0129,0x0129,0x0129,0x0129,0x0129,0x0129,0x0129,0x0129,0x0109,0x0109,0x0109,0x0109,0x0109,
0x0109,0x0109,0x0109,0x0109,0x0109,0x0109,0x0109,0x0109,0x0109,0x0109,0x0109,0x0109,0x0109,0x00E8,0x00E8,0x00E8,
0x00E8,0x00E8,0x00E8,0x00E8,0x00E8,0x00E8,0x00E8,0x00E8,0x00E8,0x00E8,0x00E8,0x00E8,0x00C8,0x00C8,0x00C8,0x00C8,
0x00C8,0x00C8,0x00C8,0x00C8,0x00C8,0x00C8,0x00C8,0x00C8,0x00A7,0x00A7,0x00A7,0x00A7,0x00A7,0x00A7,0x00A7,0x00A7,
0x00A7,0x0087,0x0087,0x0086,0x0086,0x0086,0x0086,0x0086,0x0086,0x0086,0x0086,0x0086,0x0086,0x0086,0x0066,0x0066,
0x0066,0x0066,0x0066,0x0066,0x0066,0x0066,0x0066,0x0066,0x0065,0x0045,0x0045,0x0045,0x0045,0x0045,0x0045,0x0045,
0x0045,0x0045,0x0045,0x0045,0x0045,0x0045,0x0045,0x0045,0x0045,0x0025,0x0024,0x0024,0x0024,0x0024,0x0024,0x0024,
0x0024,0x0024,0x0024,0x0024,0x0024,0x0024,0x0024,0x0024,0x0024,0x0024,0x0004,0x0004,0x0004,0x0004,0x0004,0x0004,
0x0004,0x0004,0x0004,0x0004,0x0004,0x0004,0x0004,0x0004,0x0004,0x0004,0x0004,0x0004,0x0004,0x0004,0x0004,0x0004,
0x0004,0x0004,0x0004,0x0004,0x0004,0x0004,0x0004,0x0004,0x0004,0x0004,0x0004,0x0004,0x0004,0x0004,0x0004,0x0004,
0x0086,0x0086,0x0086,0x0086,0x00A6,0x00A7,0x00A7,0x00A7,0x00A7,0x00A7,0x00A7,0x00A7,0x00A7,0x00A7,0x00A7,0x00C7,
0x00C7,0x00C8,0x00C8,0x00C8,0x00C8,0x00C8,0x00C8,0x00C8,0x00C8,0x00C8,0x00C8,0x00E8,0x00E8,0x00E8,0x00E8,0x00E8,
0x00E8,0x00E8,0x00E8,0x00E8,0x00E8,0x00E9,0x00E9,0x00E9,0x0109,0x0109,0x0109,0x0109,0x0109,0x0109,0x0109,0x0109,
0x0109,0x0109,0x0109,0x0109,0x0109,0x0109,0x0129,0x0129,0x0129,0x0129,0x0129,0x0129,0x0129,0x0129,0x0129,0x0129,
0x0129,0x012A,0x012A,0x012A,0x012A,0x012A,0x012A,0x012A,0x012A,0x012A,0x012A,0x012A,0x012A,0x012A,0x012A,0x012A,
0x012A,0x012A,0x012A,0x012A,0x012A,0x012A,0x012A,0x012A,0x012A,0x012A,0x012A,0x0129,0x0129,0x0129,0x0129,0x0129,
0x0129,0x0129,0x0129,0x0129,0x0109,0x0109,0x0109,0x0109,0x0109,0x0109,0x0109,0x0109,0x0109,0x0109,0x0109,0x0109,
0x0108,0x00E8,0x00E8,0x00E8,0x00E8,0x00E8,0x00E8,0x00E8,0x00E8,0x00E8,0x00E8,0x00E8,0x00E8,0x00E8,0x00C8,0x00C8,
0x00C8,0x00C8,0x00C8,0x00C8,0x00C8,0x00C8,0x00C8,0x00C8,0x00A7,0x00A7,0x00A7,0x00A7,0x00A7,0x00A7,0x00A7,0x00A7,
0x00A7,0x00A7,0x00A7,0x0087,0x0087,0x0086,0x0086,0x0086,0x0086,0x0086,0x0086,0x0086,0x0086,0x0086,0x0086,0x0066,
0x0066,0x0066,0x0066,0x0066,0x0066,0x0066,0x0066,0x0066,0x0066,0x0045,0x0045,0x0045,0x0045,0x0045,0x0045,0x0045,
0x0045,0x0045,0x0045,0x0045,0x0045,0x0045,0x0045,0x0045,0x0045,0x0025,0x0025,0x0024,0x0024,0x0024,0x0024,0x0024,
0x0024,0x0024,0x0024,0x0024,0x0024,0x0024,0x0024,0x0024,0x0024,0x0024,0x0004,0x0004,0x0004,0x0004,0x0004,0x0004,
0x0004,0x0004,0x0004,0x0004,0x0004,0x0004,0x0004,0x0004,0x0004,0x0004,0x0004,0x0004,0x0004,0x0004,0x0004,0x0004,
0x0004,0x0004,0x0004,0x0004,0x0004,0x0004,0x0004,0x0004,0x0004,0x0004,0x0004,0x0004,0x0004,0x0004,0x0004,0x0004,
0x0086,0x0086,0x0086,0x0086,0x00A7,0x00A7,0x00A7,0x00A7,0x00A7,0x00A7,0x00A7,0x00A7,0x00A7,0x00A7,0x00C7,0x00C7,
0x00C7,0x00C8,0x00C8,0x00C8,0x00C8,0x00C8,0x00C8,0x00C8,0x00C8,0x00C8,0x00E8,0x00E8,0x00E8,0x00E8,0x00E8,0x00E8,
0x00E8,0x00E8,0x00E8,0x00E8,0x00E8,0x00E9,0x00E9,0x0109,0x0109,0x0109,0x0109,0x0109,0x0109,0x0109,0x0109,0x0109,
0x0109,0x0109,0x0109,0x0109,0x0109,0x0109,0x0129,0x0129,0x0129,0x0129,0x0129,0x0129,0x0129,0x0129,0x0129,0x012A,
0x012A,0x012A,0x012A,0x012A,0x012A,0x012A,0x012A,0x012A,0x012A,0x012A,0x012A,0x012A,0x012A,0x012A,0x012A,0x012A,
0x012A,0x012A,0x012A,0x012A,0x012A,0x012A,0x012A,0x012A,0x012A,0x012A,0x012A,0x0129,0x0129,0x0129,0x0129,0x0129,
0x0129,0x0129,0x0129,0x0129,0x0109,0x0109,0x0109,0x0109,0x0109,0x0109,0x0109,0x0109,0x0109,0x0109,0x0109,0x0109,
0x0108,0x0108,0x0108,0x0108,0x00E8,0x00E8,0x00E8,0x00E8,0x00E8,0x00E8,0x00E8,0x00E8,0x00E8,0x00E8,0x00E8,0x00C8,
0x00C8,0x00C8,0x00C8,0x00C8,0x00C8,0x00C8,0x00C8,0x00C8,0x00C7,0x00A7,0x00A7,0x00A7,0x00A7,0x00A7,0x00A7,0x00A7,
0x00A7,0x00A7,0x00A7,0x00A7,0x0087,0x0086,0x0086,0x0086,0x0086,0x0086,0x0086,0x0086,0x0086,0x0086,0x0086,0x0086,
0x0066,0x0066,0x0066,0x0066,0x0066,0x0066,0x0066,0x0066,0x0066,0x0065,0x0045,0x0045,0x0045,0x0045,0x0045,0x0045,
0x0045,0x0045,0x0045,0x0045,0x0045,0x0045,0x0045,0x0045,0x0045,0x0025,0x0025,0x0024,0x0024,0x0024,0x0024,0x0024,
0x0024,0x0024,0x0024,0x0024,0x0024,0x0024,0x0024,0x0024,0x0024,0x0024,0x0004,0x0004,0x0004,0x0004,0x0004,0x0004,
0x0004,0x0004,0x0004,0x0004,0x0004,0x0004,0x0004,0x0004,0x0004,0x0004,0x0004,0x0004,0x0004,0x0004,0x0004,0x0004,
0x0004,0x0004,0x0004,0x0004,0x0004,0x0004,0x0004,0x0004,0x0004,0x0004,0x0004,0x0004,0x0004,0x0004,0x0004,0x0004,
0x0086,0x00A6,0x00A6,0x00A6,0x00A7,0x00A7,0x00A7,0x00A7,0x00A7,0x00A7,0x00A7,0x00A7,0x00A7,0x00C7,0x00C7,0x00C8,
0x00C8,0x00C8,0x00C8,0x00C8,0x00C8,0x00C8,0x00E8,0x00E8,0x00C8,0x00E8,0x00E8,0x00E8,0x00E8,0x00E8,0x00E8,0x00E8,
0x00E8,0x00E8,0x0108,0x00E8,0x00E8,0x0109,0x0109,0x0109,0x0109,0x0109,0x0109,0x0109,0x0109,0x0109,0x0109,0x0109,
0x0109,0x0109,0x0109,0x0109,0x0129,0x0129,0x0129,0x0129,0x0129,0x0129,0x0129,0x0129,0x012A,0x012A,0x012A,0x012A,
0x012A,0x012A,0x012A,0x012A,0x012A,0x012A,0x012A,0x012A,0x012A,0x012A,0x012A,0x012A,0x012A,0x012A,0x012A,0x012A,
0x012A,0x012A,0x012A,0x012A,0x012A,0x012A,0x012A,0x012A,0x012A,0x012A,0x012A,0x0129,0x0129,0x0129,0x0129,0x0129,
0x0129,0x0129,0x0129,0x0129,0x0109,0x0109,0x0109,0x0109,0x0109,0x0109,0x0109,0x0109,0x0109,0x0109,0x0109,0x0109,
0x0109,0x00E9,0x00E9,0x00E9,0x00E8,0x00E8,0x00E8,0x00E8,0x00E8,0x00E8,0x00E8,0x00E8,0x00E8,0x00E8,0x00E8,0x00E8,
0x00C8,0x00E8,0x00C8,0x00C8,0x00C8,0x00C8,0x00C8,0x00C8,0x00C8,0x00C8,0x00C8,0x00A7,0x00A7,0x00A7,0x00A7,0x00A7,
0x00A7,0x00A7,0x00A7,0x00A7,0x0087,0x0087,0x0087,0x0086,0x0086,0x0086,0x0086,0x0086,0x0086,0x0086,0x0086,0x0086,
0x0086,0x0066,0x0066,0x0066,0x0066,0x0066,0x0066,0x0066,0x0066,0x0065,0x0065,0x0065,0x0045,0x0045,0x0045,0x0045,
0x0045,0x0045,0x0045,0x0045,0x0045,0x0045,0x0045,0x0045,0x0045,0x0025,0x0025,0x0024,0x0024,0x0024,0x0024,0x0024,
0x0024,0x0024,0x0024,0x0024,0x0024,0x0024,0x0024,0x0024,0x0024,0x0024,0x0004,0x0004,0x0004,0x0004,0x0004,0x0004,
0x0004,0x0004,0x0004,0x0004,0x0004,0x0004,0x0004,0x0004,0x0004,0x0004,0x0004,0x0004,0x0004,0x0004,0x0004,0x0004,
0x0004,0x0004,0x0004,0x0004,0x0004,0x0004,0x0004,0x0004,0x0004,0x0004,0x0004,0x0004,0x0004,0x0004,0x0004,0x0004,
0x00A6,0x00A6,0x00A6,0x00A7,0x00A7,0x00A7,0x00A7,0x00A7,0x00A7,0x00A7,0x00A7,0x00A7,0x00C7,0x00C7,0x00C8,0x00C8,
0x00C8,0x00C8,0x00C8,0x00C8,0x00C8,0x00E8,0x00E8,0x00E8,0x00E8,0x00E8,0x00E8,0x00E8,0x00E8,0x00E8,0x00E8,0x00E8,
0x00E8,0x0109,0x0109,0x0109,0x0109,0x0109,0x0109,0x0109,0x0109,0x0109,0x0109,0x0109,0x0109,0x0109,0x0129,0x0129,
0x0129,0x0129,0x0129,0x0129,0x0129,0x0129,0x012A,0x012A,0x012A,0x012A,0x012A,0x012A,0x012A,0x012A,0x012A,0x012A,
0x012A,0x012A,0x012A,0x012A,0x012A,0x012A,0x012A,0x012A,0x012A,0x012A,0x012A,0x012A,0x012A,0x012A,0x012A,0x012A,
0x012A,0x012A,0x012A,0x012A,0x012A,0x012A,0x012A,0x012A,0x012A,0x012A,0x012A,0x012A,0x012A,0x012A,0x012A,0x012A,
0x012A,0x012A,0x012A,0x012A,0x0129,0x0129,0x0129,0x0129,0x0129,0x0109,0x0109,0x0109,0x0109,0x0109,0x0109,0x0109,
0x0109,0x0109,0x0109,0x0109,0x00E8,0x00E8,0x00E8,0x00E8,0x00E8,0x00E8,0x00E8,0x00E8,0x00E8,0x00E8,0x00E8,0x00E8,
0x00E8,0x00E8,0x00E8,0x00C8,0x00C8,0x00C8,0x00C8,0x00C8,0x00C8,0x00C8,0x00C8,0x00C8,0x00A7,0x00A7,0x00A7,0x00A7,
0x00A7,0x00A7,0x00A7,0x00A7,0x00A7,0x00A7,0x00A7,0x0087,0x0086,0x0086,0x0086,0x0086,0x0086,0x0086,0x0086,0x0086,
0x0086,0x0066,0x0066,0x0066,0x0066,0x0066,0x0066,0x0066,0x0066,0x0065,0x0065,0x0065,0x0065,0x0045,0x0045,0x0045,
0x0045,0x0045,0x0045,0x0045,0x0045,0x0045,0x0045,0x0045,0x0045,0x0025,0x0025,0x0024,0x0024,0x0024,0x0024,0x0024,
0x0024,0x0024,0x0024,0x0024,0x0024,0x0024,0x0024,0x0024,0x0024,0x0024,0x0004,0x0004,0x0004,0x0004,0x0004,0x0004,
0x0004,0x0004,0x0004,0x0004,0x0004,0x0004,0x0004,0x0004,0x0004,0x0004,0x0004,0x0004,0x0004,0x0004,0x0004,0x0004,
0x0004,0x0004,0x0004,0x0004,0x0004,0x0004,0x0004,0x0004,0x0004,0x0004,0x0004,0x0004,0x0004,0x0004,0x0004,0x0004,
0x00A6,0x00A6,0x00A6,0x00A7,0x00A7,0x00A7,0x00A7,0x00A7,0x00A7,0x00A7,0x00A7,0x00C7,0x00C7,0x00C8,0x00C8,0x00C8,
0x00C8,0x00C8,0x00C8,0x00C8,0x00C8,0x00E8,0x00E8,0x00E8,0x00E8,0x00E8,0x00E8,0x00E8,0x00E8,0x00E8,0x00E8,0x00E8,
0x0109,0x0109,0x0109,0x0109,0x0109,0x0109,0x0109,0x0109,0x0109,0x0109,0x0109,0x0109,0x0129,0x0129,0x0129,0x0129,
0x0129,0x0129,0x0129,0x0129,0x0129,0x0129,0x012A,0x012A,0x012A,0x012A,0x012A,0x012A,0x012A,0x012A,0x012A,0x012A,
0x012A,0x012A,0x012A,0x014A,0x014A,0x014A,0x014A,0x014A,0x014A,0x014A,0x014A,0x014A,0x014A,0x014A,0x014A,0x014A,
0x014A,0x014A,0x014A,0x014A,0x014A,0x014A,0x014A,0x014A,0x014A,0x014A,0x014A,0x012A,0x012A,0x012A,0x012A,0x012A,
0x012A,0x012A,0x012A,0x012A,0x012A,0x012A,0x012A,0x012A,0x012A,0x012A,0x0129,0x0129,0x0129,0x0109,0x0109,0x0109,
0x0109,0x0109,0x0109,0x0109,0x0109,0x0109,0x0109,0x00E8,0x00E8,0x00E8,0x00E8,0x00E8,0x00E8,0x00E8,0x00E8,0x00E8,
0x00E8,0x00E8,0x00E8,0x00C8,0x00C8,0x00C8,0x00C8,0x00C8,0x00C8,0x00C8,0x00C8,0x00C8,0x00A7,0x00A7,0x00A7,0x00A7,
0x00A7,0x00A7,0x00A7,0x00A7,0x00A7,0x00A7,0x00A7,0x00A7,0x0086,0x0086,0x00A6,0x0086,0x0086,0x0086,0x0086,0x0086,
0x0086,0x0086,0x0066,0x0066,0x0066,0x0066,0x0066,0x0066,0x0066,0x0065,0x0065,0x0065,0x0065,0x0065,0x0045,0x0045,
0x0045,0x0045,0x0045,0x0045,0x0045,0x0045,0x0045,0x0045,0x0045,0x0045,0x0025,0x0024,0x0024,0x0024,0x0024,0x0024,
0x0024,0x0024,0x0024,0x0024,0x0024,0x0024,0x0024,0x0024,0x0024,0x0024,0x0004,0x0004,0x0004,0x0004,0x0004,0x0004,
0x0004,0x0004,0x0004,0x0004,0x0004,0x0004,0x0004,0x0004,0x0004,0x0004,0x0004,0x0004,0x0004,0x0004,0x0004,0x0004,
0x0004,0x0004,0x0004,0x0004,0x0004,0x0004,0x0004,0x0004,0x0004,0x0004,0x0004,0x0004,0x0004,0x0004,0x0004,0x0004,
0x00A6,0x00A6,0x00A6,0x00A7,0x00A7,0x00A7,0x00A7,0x00A7,0x00A7,0x00A7,0x00C7,0x00C7,0x00C7,0x00C8,0x00C8,0x00C8,
0x00C8,0x00C8,0x00C8,0x00C8,0x00C8,0x00E8,0x00E8,0x00E8,0x00E8,0x00E8,0x00E8,0x00E8,0x00E8,0x00E8,0x0109,0x0109,
0x0109,0x0109,0x0109,0x0109,0x0109,0x0109,0x0109,0x0129,0x0129,0x0129,0x0129,0x0129,0x0129,0x0129,0x0129,0x0129,
0x0129,0x0129,0x0129,0x0129,0x0129,0x012A,0x014A,0x014A,0x014A,0x014A,0x014A,0x014A,0x014A,0x014A,0x014A,0x014A,
0x014A,0x014A,0x014A,0x014A,0x014A,0x014A,0x014A,0x014A,0x014A,0x014A,0x014A,0x014A,0x014A,0x014A,0x014A,0x014A,
0x014A,0x014A,0x014A,0x014A,0x014A,0x014A,0x014A,0x014A,0x014A,0x014A,0x014A,0x014A,0x014A,0x014A,0x014A,0x014A,
0x014A,0x014A,0x014A,0x014A,0x012A,0x012A,0x012A,0x012A,0x012A,0x012A,0x0129,0x0129,0x0129,0x0129,0x0129,0x0129,
0x0129,0x0109,0x0109,0x0109,0x0109,0x0109,0x0109,0x0109,0x0109,0x0109,0x0109,0x00E8,0x00E8,0x00E8,0x00E8,0x00E8,
0x00E8,0x00E8,0x00E8,0x00E8,0x00C8,0x00C8,0x00C8,0x00C8,0x00C8,0x00C8,0x00C8,0x00C8,0x00C8,0x00A7,0x00A7,0x00A7,
0x00A7,0x00A7,0x00A7,0x00A7,0x00A7,0x00A7,0x00A7,0x00A7,0x0086,0x0086,0x00A6,0x00A6,0x0086,0x0086,0x0086,0x0086,
0x0086,0x0086,0x0086,0x0066,0x0066,0x0066,0x0066,0x0066,0x0066,0x0066,0x0065,0x0065,0x0065,0x0065,0x0045,0x0045,
0x0045,0x0045,0x0045,0x0045,0x0045,0x0045,0x0045,0x0045,0x0045,0x0045,0x0045,0x0024,0x0024,0x0024,0x0024,0x0024,
0x0024,0x0024,0x0024,0x0024,0x0024,0x0024,0x0024,0x0024,0x0024,0x0024,0x0004,0x0004,0x0004,0x0004,0x0004,0x0004,
0x0004,0x0004,0x0004,0x0004,0x0004,0x0004,0x0004,0x0004,0x0004,0x0004,0x0004,0x0004,0x0004,0x0004,0x0004,0x0004,
0x0004,0x0004,0x0004,0x0004,0x0004,0x0004,0x0004,0x0004,0x0004,0x0004,0x0004,0x0004,0x0004,0x0004,0x0004,0x0004,
0x00A6,0x00A6,0x00A6,0x00A7,0x00A7,0x00A7,0x00A7,0x00A7,0x00A7,0x00A7,0x00A7,0x00C7,0x00C8,0x00C8,0x00C8,0x00C8,
0x00C8,0x00C8,0x00E8,0x00C8,0x00C8,0x00E8,0x00E8,0x00E8,0x00E8,0x00E8,0x00E8,0x00E8,0x00E8,0x0109,0x0109,0x0109,
0x0109,0x0109,0x0109,0x0109,0x0109,0x0109,0x0109,0x0129,0x0129,0x0129,0x0129,0x0129,0x0129,0x0129,0x0129,0x012A,
0x012A,0x012A,0x012A,0x012A,0x012A,0x014A,0x014A,0x014A,0x014A,0x014A,0x014A,0x014A,0x014A,0x014A,0x014A,0x014A,
0x014A,0x014A,0x014A,0x014A,0x014A,0x014A,0x014A,0x014A,0x014A,0x014A,0x014A,0x014A,0x014A,0x014A,0x014A,0x014A,
0x014A,0x014A,0x014A,0x014A,0x014A,0x014A,0x014A,0x014A,0x014A,0x014A,0x014A,0x014A,0x014A,0x014A,0x014A,0x014A,
0x014A,0x014A,0x014A,0x014A,0x012A,0x012A,0x012A,0x012A,0x012A,0x012A,0x012A,0x012A,0x012A,0x0129,0x0129,0x0129,
0x0129,0x0109,0x0109,0x0109,0x0109,0x0109,0x0109,0x0109,0x0109,0x0109,0x0109,0x0109,0x00E8,0x00E8,0x00E8,0x00E8,
0x00E8,0x00E8,0x00E8,0x00E8,0x00E8,0x00C8,0x00C8,0x00C8,0x00C8,0x00C8,0x00C8,0x00C8,0x00C8,0x00C8,0x00A7,0x00A7,
0x00A7,0x00A7,0x00A7,0x00A7,0x00A7,0x00A7,0x00A7,0x00A7,0x0087,0x0086,0x00A6,0x00A6,0x00A6,0x0086,0x0086,0x0086,
0x0086,0x0086,0x0086,0x0086,0x0066,0x0066,0x0066,0x0066,0x0066,0x0066,0x0065,0x0065,0x0065,0x0065,0x0045,0x0045,
0x0045,0x0045,0x0045,0x0045,0x0045,0x0045,0x0045,0x0045,0x0045,0x0045,0x0045,0x0024,0x0024,0x0024,0x0024,0x0024,
0x0024,0x0024,0x0024,0x0024,0x0024,0x0024,0x0024,0x0024,0x0024,0x0024,0x0004,0x0004,0x0004,0x0004,0x0004,0x0004,
0x0004,0x0004,0x0004,0x0004,0x0004,0x0004,0x0004,0x0004,0x0004,0x0004,0x0004,0x0004,0x0004,0x0004,0x0004,0x0004,
0x0004,0x0004,0x0004,0x0004,0x0004,0x0004,0x0004,0x0004,0x0004,0x0004,0x0004,0x0004,0x0004,0x0004,0x0004,0x0004,
0x00A7,0x00A7,0x00A7,0x00A7,0x00A7,0x00A7,0x00A7,0x00A7,0x00A7,0x00A7,0x00C8,0x00C7,0x00C8,0x00C8,0x00C8,0x00C8,
0x00C8,0x00C8,0x00C8,0x00C8,0x00E8,0x00E8,0x00E8,0x00E8,0x00E8,0x00E8,0x00E8,0x00E8,0x00E9,0x0109,0x0109,0x0109,
0x0109,0x0109,0x0109,0x0109,0x0129,0x0109,0x0129,0x0129,0x0129,0x0129,0x012A,0x012A,0x012A,0x012A,0x012A,0x012A,
0x012A,0x012A,0x014A,0x014A,0x014A,0x014A,0x014A,0x014A,0x014A,0x014A,0x014A,0x014A,0x014A,0x014A,0x014A,0x014A,
0x014A,0x014A,0x014A,0x014A,0x014A,0x014A,0x014A,0x014A,0x014A,0x014A,0x014A,0x014A,0x014A,0x014A,0x014A,0x014A,
0x014A,0x014A,0x014A,0x014A,0x014A,0x014A,0x014A,0x014A,0x014A,0x014A,0x014A,0x014A,0x014A,0x014A,0x014A,0x014A,
0x014A,0x014A,0x014A,0x014A,0x012A,0x012A,0x012A,0x012A,0x012A,0x012A,0x012A,0x012A,0x012A,0x012A,0x012A,0x012A,
0x0129,0x0129,0x0109,0x0109,0x0109,0x0109,0x0109,0x0109,0x0109,0x0109,0x0109,0x0109,0x0109,0x00E8,0x00E8,0x00E8,
0x00E8,0x00E8,0x00E8,0x00E8,0x00E8,0x00E8,0x00C8,0x00C8,0x00C8,0x00C8,0x00C8,0x00C8,0x00C8,0x00C8,0x00C8,0x00A7,
0x00A7,0x00A7,0x00A7,0x00A7,0x00A7,0x00A7,0x00A7,0x00A7,0x00A7,0x00A7,0x0086,0x0086,0x0086,0x0086,0x0086,0x0086,
0x0086,0x0086,0x0086,0x0066,0x0066,0x0066,0x0066,0x0066,0x0066,0x0066,0x0066,0x0066,0x0066,0x0065,0x0065,0x0045,
0x0045,0x0045,0x0045,0x0045,0x0045,0x0045,0x0045,0x0045,0x0045,0x0045,0x0045,0x0024,0x0024,0x0024,0x0024,0x0025,
0x0024,0x0024,0x0024,0x0024,0x0024,0x0024,0x0024,0x0024,0x0024,0x0024,0x0024,0x0004,0x0004,0x0004,0x0004,0x0004,
0x0004,0x0004,0x0004,0x0004,0x0004,0x0004,0x0004,0x0004,0x0004,0x0004,0x0004,0x0004,0x0004,0x0004,0x0004,0x0004,
0x0004,0x0004,0x0004,0x0004,0x0004,0x0004,0x0004,0x0004,0x0004,0x0004,0x0004,0x0004,0x0004,0x0004,0x0004,0x0004,
0x00A7,0x00A7,0x00A7,0x00A7,0x00A7,0x00C7,0x00A7,0x00A7,0x00A7,0x00C8,0x00C8,0x00C8,0x00C8,0x00C8,0x00C8,0x00C8,
0x00E8,0x00C8,0x00E8,0x00E8,0x00E8,0x00E8,0x00E8,0x00E8,0x00E8,0x00E8,0x0109,0x0109,0x0109,0x0109,0x0109,0x0109,
0x0109,0x0109,0x0109,0x0129,0x0129,0x0129,0x0129,0x0129,0x0129,0x0129,0x012A,0x012A,0x012A,0x012A,0x012A,0x012A,
0x012A,0x012A,0x012A,0x012A,0x014A,0x014A,0x014A,0x014A,0x014A,0x014A,0x014A,0x014A,0x014A,0x014A,0x014A,0x014A,
0x014A,0x016B,0x016B,0x016B,0x016B,0x016B,0x014A,0x014A,0x014A,0x014A,0x014A,0x014A,0x014A,0x014A,0x014A,0x014A,
0x014A,0x014A,0x014A,0x014A,0x014A,0x014A,0x014A,0x014A,0x014A,0x014A,0x014A,0x014A,0x014A,0x014A,0x014A,0x014A,
0x014A,0x014A,0x014A,0x014A,0x014A,0x014A,0x014A,0x014A,0x012A,0x012A,0x012A,0x012A,0x012A,0x012A,0x012A,0x012A,
0x012A,0x0129,0x0129,0x0129,0x0109,0x0109,0x0109,0x0109,0x0109,0x0109,0x0109,0x0109,0x0109,0x0109,0x0109,0x00E8,
0x00E8,0x00E8,0x00E8,0x00E8,0x00E8,0x00E8,0x00E8,0x00C8,0x00C8,0x00C8,0x00C8,0x00C8,0x00C8,0x00C8,0x00C8,0x00C7,
0x00C7,0x00A7,0x00A7,0x00A7,0x00A7,0x00A7,0x00A7,0x00A7,0x00A7,0x00A7,0x00A7,0x00A7,0x00A6,0x0086,0x0086,0x0086,
0x0086,0x0086,0x0086,0x0086,0x0066,0x0066,0x0066,0x0066,0x0066,0x0066,0x0066,0x0066,0x0066,0x0066,0x0066,0x0066,
0x0066,0x0046,0x0045,0x0045,0x0045,0x0045,0x0045,0x0045,0x0045,0x0045,0x0045,0x0045,0x0045,0x0045,0x0045,0x0025,
0x0025,0x0025,0x0025,0x0025,0x0025,0x0025,0x0024,0x0024,0x0024,0x0024,0x0024,0x0024,0x0024,0x0024,0x0004,0x0004,
0x0004,0x0004,0x0004,0x0004,0x0004,0x0004,0x0004,0x0004,0x0004,0x0004,0x0004,0x0004,0x0004,0x0004,0x0004,0x0004,
0x0004,0x0004,0x0004,0x0004,0x0004,0x0004,0x0004,0x0004,0x0004,0x0004,0x0004,0x0004,0x0004,0x0004,0x0004,0x0004,
0x00A7,0x00A7,0x00A7,0x00A7,0x00A7,0x00A7,0x00A7,0x00A7,0x00C8,0x00C8,0x00C8,0x00C8,0x00C8,0x00C8,0x00C8,0x00C8,
0x00E8,0x00C8,0x00E8,0x00E8,0x00E8,0x00E8,0x00E8,0x00E8,0x00E8,0x0109,0x0109,0x0109,0x0109,0x0109,0x0109,0x0109,
0x0109,0x0109,0x0129,0x0129,0x0129,0x0129,0x0129,0x0129,0x0129,0x012A,0x012A,0x012A,0x012A,0x012A,0x012A,0x012A,
0x012A,0x012A,0x014A,0x014A,0x014A,0x014A,0x014A,0x014A,0x014A,0x014A,0x014A,0x014A,0x016B,0x016B,0x016B,0x014A,
0x014A,0x016B,0x016B,0x016B,0x016B,0x016B,0x014A,0x014A,0x014A,0x014A,0x014A,0x014A,0x014A,0x014A,0x014A,0x014A,
0x014A,0x014A,0x014A,0x014A,0x014A,0x014A,0x014A,0x014A,0x014A,0x014A,0x014A,0x014A,0x014A,0x014A,0x014A,0x014A,
0x014A,0x014A,0x014A,0x014A,0x014A,0x014A,0x014A,0x014A,0x012A,0x012A,0x012A,0x012A,0x012A,0x012A,0x012A,0x012A,
0x012A,0x012A,0x0129,0x0129,0x0109,0x0109,0x0109,0x0109,0x0109,0x0109,0x0109,0x0109,0x0109,0x0109,0x0109,0x00E8,
0x00E8,0x00E8,0x00E8,0x00E8,0x00E8,0x00E8,0x00E8,0x00E8,0x00C8,0x00C8,0x00C8,0x00C8,0x00C8,0x00C8,0x00C8,0x00C7,
0x00C7,0x00A7,0x00A7,0x00A7,0x00A7,0x00A7,0x00A7,0x00A7,0x00A7,0x00A7,0x00A7,0x00A7,0x00A7,0x0087,0x0086,0x0086,
0x0086,0x0086,0x0086,0x0086,0x0086,0x0066,0x0066,0x0066,0x0066,0x0066,0x0066,0x0066,0x0066,0x0066,0x0066,0x0066,
0x0066,0x0046,0x0045,0x0045,0x0045,0x0045,0x0045,0x0045,0x0045,0x0045,0x0045,0x0045,0x0045,0x0045,0x0045,0x0045,
0x0025,0x0025,0x0025,0x0025,0x0025,0x0025,0x0024,0x0024,0x0024,0x0024,0x0024,0x0024,0x0024,0x0024,0x0004,0x0004,
0x0004,0x0004,0x0004,0x0004,0x0004,0x0004,0x0004,0x0004,0x0004,0x0004,0x0004,0x0004,0x0004,0x0004,0x0004,0x0004,
0x0004,0x0004,0x0004,0x0004,0x0004,0x0004,0x0004,0x0004,0x0004,0x0004,0x0004,0x0004,0x0004,0x0004,0x0004,0x0004,
0x00A7,0x00A7,0x00A7,0x00A7,0x00A7,0x00A7,0x00A7,0x00C8,0x00C8,0x00C8,0x00C8,0x00C8,0x00C8,0x00C8,0x00C8,0x00E8,
0x00E8,0x00E8,0x00E8,0x00E8,0x00E8,0x00E8,0x0108,0x0108,0x0109,0x0109,0x0109,0x0109,0x0109,0x0109,0x0109,0x0109,
0x0109,0x0129,0x0129,0x0109,0x012A,0x0129,0x0129,0x0129,0x012A,0x012A,0x012A,0x012A,0x014A,0x014A,0x014A,0x014A,
0x014A,0x014A,0x014A,0x014A,0x014A,0x014A,0x014A,0x014A,0x014A,0x014A,0x014A,0x014B,0x014B,0x014B,0x014B,0x016B,
0x016B,0x016B,0x016B,0x016B,0x016B,0x016B,0x016B,0x016B,0x016B,0x016B,0x016B,0x016B,0x016B,0x016B,0x016B,0x016B,
0x016B,0x016B,0x016B,0x016B,0x016B,0x016B,0x016B,0x016B,0x016B,0x014A,0x014A,0x014A,0x014A,0x014A,0x014A,0x014A,
0x014A,0x014A,0x014A,0x014A,0x014A,0x014A,0x014A,0x014A,0x014A,0x014A,0x012A,0x012A,0x012A,0x012A,0x012A,0x012A,
0x012A,0x012A,0x012A,0x012A,0x0129,0x0129,0x0129,0x0109,0x0109,0x0109,0x0109,0x0109,0x0109,0x0109,0x0109,0x0109,
0x00E8,0x00E8,0x00E8,0x00E8,0x00E8,0x00E8,0x00E8,0x00E8,0x00C8,0x00C8,0x00C8,0x00C8,0x00C8,0x00C8,0x00C8,0x00C7,
0x00C7,0x00C7,0x00A7,0x00A7,0x00A7,0x00A7,0x00A7,0x00A7,0x00A7,0x00A7,0x00A7,0x00A7,0x00A7,0x00A7,0x0087,0x0086,
0x0086,0x0086,0x0086,0x0086,0x0086,0x0086,0x0066,0x0066,0x0066,0x0066,0x0066,0x0066,0x0066,0x0066,0x0066,0x0066,
0x0066,0x0066,0x0045,0x0045,0x0045,0x0045,0x0045,0x0045,0x0045,0x0045,0x0045,0x0045,0x0045,0x0045,0x0045,0x0045,
0x0025,0x0025,0x0025,0x0025,0x0025,0x0025,0x0024,0x0024,0x0024,0x0024,0x0024,0x0024,0x0024,0x0024,0x0024,0x0004,
0x0004,0x0004,0x0004,0x0004,0x0004,0x0004,0x0004,0x0004,0x0004,0x0004,0x0004,0x0004,0x0004,0x0004,0x0004,0x0004,
0x0004,0x0004,0x0004,0x0004,0x0004,0x0004,0x0004,0x0004,0x0004,0x0004,0x0004,0x0004,0x0004,0x0004,0x0004,0x0004,
0x00A7,0x00A7,0x00A7,0x00A7,0x00A7,0x00A7,0x00C8,0x00C8,0x00C8,0x00C8,0x00C8,0x00C8,0x00C8,0x00C8,0x00C8,0x00E8,
0x00E8,0x00E8,0x00E8,0x00E8,0x00E9,0x00E9,0x0109,0x0109,0x0109,0x0109,0x0109,0x0109,0x0109,0x0109,0x0109,0x0109,
0x0129,0x0129,0x012A,0x012A,0x012A,0x012A,0x012A,0x012A,0x012A,0x012A,0x012A,0x014A,0x014A,0x014A,0x014A,0x014A,
0x014A,0x014A,0x014A,0x014A,0x014A,0x014A,0x014A,0x014A,0x014A,0x014A,0x014A,0x014B,0x014B,0x014B,0x014B,0x016B,
0x016B,0x016B,0x016B,0x016B,0x016B,0x016B,0x016B,0x016B,0x016B,0x016B,0x016B,0x016B,0x016B,0x016B,0x016B,0x016B,
0x016B,0x016B,0x016B,0x016B,0x016B,0x016B,0x016B,0x016B,0x016B,0x014B,0x014B,0x014B,0x014B,0x016B,0x016B,0x014A,
0x014A,0x014A,0x014A,0x014A,0x014A,0x014A,0x014A,0x014A,0x014A,0x014A,0x014A,0x014A,0x012A,0x012A,0x012A,0x012A,
0x012A,0x012A,0x012A,0x012A,0x0129,0x0129,0x0129,0x0109,0x0109,0x0109,0x0109,0x0109,0x0109,0x0109,0x0109,0x0109,
0x00E8,0x00E8,0x00E8,0x00E8,0x00E8,0x00E8,0x00E8,0x00E8,0x00E8,0x00C8,0x00C8,0x00C8,0x00C8,0x00C8,0x00C8,0x00C8,
0x00C7,0x00C7,0x00A7,0x00A7,0x00A7,0x00A7,0x00A7,0x00A7,0x00A7,0x00A7,0x00A7,0x00A7,0x00A7,0x00A7,0x0087,0x0087,
0x0086,0x0086,0x0086,0x0086,0x0086,0x0086,0x0066,0x0066,0x0066,0x0066,0x0066,0x0066,0x0066,0x0066,0x0066,0x0066,
0x0066,0x0066,0x0045,0x0045,0x0045,0x0045,0x0045,0x0045,0x0045,0x0045,0x0045,0x0045,0x0045,0x0045,0x0045,0x0045,
0x0025,0x0025,0x0025,0x0025,0x0025,0x0025,0x0024,0x0024,0x0024,0x0024,0x0024,0x0024,0x0024,0x0024,0x0024,0x0004,
0x0004,0x0004,0x0004,0x0004,0x0004,0x0004,0x0004,0x0004,0x0004,0x0004,0x0004,0x0004,0x0004,0x0004,0x0004,0x0004,
0x0004,0x0004,0x0004,0x0004,0x0004,0x0004,0x0004,0x0004,0x0004,0x0004,0x0004,0x0004,0x0004,0x0004,0x0004,0x0004,
0x00A7,0x00A7,0x00A7,0x00C8,0x00C8,0x00C8,0x00C8,0x00C8,0x00C8,0x00C8,0x00C8,0x00E8,0x00E8,0x00E8,0x00E8,0x00E8,
0x00E8,0x00E9,0x00E9,0x00E9,0x0109,0x0109,0x0109,0x0109,0x0109,0x0109,0x0109,0x0109,0x0109,0x0129,0x0129,0x0129,
0x0129,0x012A,0x012A,0x012A,0x012A,0x012A,0x012A,0x014A,0x014A,0x014A,0x014A,0x014A,0x014A,0x014A,0x014A,0x014A,
0x014A,0x016A,0x016B,0x016B,0x016B,0x016B,0x016B,0x016B,0x016B,0x016B,0x016B,0x016B,0x016B,0x016B,0x016B,0x016B,
0x016B,0x016B,0x016B,0x016B,0x016B,0x016B,0x016B,0x016B,0x016B,0x016B,0x016B,0x016B,0x016B,0x016B,0x016B,0x016B,
0x016B,0x016B,0x016B,0x016B,0x016B,0x016B,0x016B,0x016B,0x016B,0x016B,0x016B,0x016B,0x016B,0x016B,0x016B,0x016B,
0x016B,0x016B,0x016B,0x016A,0x014A,0x014A,0x014A,0x014A,0x014A,0x014A,0x014A,0x014A,0x014A,0x014A,0x012A,0x012A,
0x012A,0x012A,0x012A,0x012A,0x012A,0x012A,0x012A,0x0129,0x0129,0x0109,0x0109,0x0109,0x0109,0x0109,0x0109,0x0109,
0x0109,0x0109,0x00E8,0x00E8,0x00E8,0x00E8,0x00E8,0x00E8,0x00E8,0x00E8,0x00E8,0x00C8,0x00C8,0x00C8,0x00C8,0x00C8,
0x00C8,0x00C7,0x00C7,0x00A7,0x00A7,0x00A7,0x00A7,0x00A7,0x00A7,0x00A7,0x00A7,0x00A7,0x00A7,0x00A7,0x00A7,0x0087,
0x0086,0x0086,0x0086,0x0086,0x0086,0x0086,0x0086,0x0066,0x0066,0x0066,0x0066,0x0066,0x0066,0x0066,0x0066,0x0066,
0x0066,0x0066,0x0066,0x0045,0x0045,0x0045,0x0045,0x0045,0x0045,0x0045,0x0045,0x0045,0x0045,0x0045,0x0045,0x0045,
0x0025,0x0025,0x0025,0x0025,0x0025,0x0025,0x0025,0x0024,0x0024,0x0024,0x0024,0x0024,0x0024,0x0024,0x0024,0x0024,
0x0004,0x0004,0x0004,0x0004,0x0004,0x0004,0x0004,0x0004,0x0004,0x0004,0x0004,0x0004,0x0004,0x0004,0x0004,0x0004,
0x0004,0x0004,0x0004,0x0004,0x0004,0x0004,0x0004,0x0004,0x0004,0x0004,0x0004,0x0004,0x0004,0x0004,0x0004,0x0004,
0x00A7,0x00C7,0x00C7,0x00C8,0x00C8,0x00C8,0x00C8,0x00C8,0x00C8,0x00C8,0x00E8,0x00E8,0x00E8,0x00E8,0x00E8,0x00E8,
0x00E8,0x00E9,0x00E9,0x0109,0x0109,0x0109,0x0109,0x0109,0x0109,0x0109,0x0109,0x0109,0x0109,0x0129,0x0129,0x0129,
0x012A,0x012A,0x012A,0x012A,0x012A,0x014A,0x014A,0x014A,0x014A,0x014A,0x014A,0x014A,0x014A,0x014A,0x014A,0x014A,
0x014A,0x016B,0x016B,0x016B,0x016B,0x016B,0x016B,0x016B,0x016B,0x016B,0x016B,0x016B,0x016B,0x016B,0x016B,0x016B,
0x018B,0x018B,0x018B,0x018B,0x018B,0x018B,0x018B,0x018B,0x018B,0x018B,0x018B,0x018B,0x018B,0x018B,0x018B,0x018B,
0x018B,0x018B,0x018B,0x018B,0x018B,0x018B,0x018B,0x016B,0x016B,0x016B,0x016B,0x016B,0x016B,0x016B,0x016B,0x016B,
0x016B,0x016B,0x016B,0x016B,0x016B,0x016B,0x016B,0x014A,0x014A,0x014A,0x014A,0x014A,0x014A,0x014A,0x014A,0x014A,
0x012A,0x012A,0x012A,0x012A,0x012A,0x012A,0x012A,0x0129,0x0129,0x0109,0x0109,0x0109,0x0109,0x0109,0x0109,0x0109,
0x0109,0x0109,0x0109,0x00E8,0x00E8,0x00E8,0x00E8,0x00E8,0x00E8,0x00E8,0x00E8,0x00E8,0x00C8,0x00C8,0x00C8,0x00C8,
0x00C8,0x00C8,0x00C7,0x00C7,0x00A7,0x00A7,0x00A7,0x00A7,0x00A7,0x00A7,0x00A7,0x00A7,0x00A7,0x00A7,0x00A7,0x0087,
0x0087,0x0086,0x0086,0x0086,0x0086,0x0086,0x0086,0x0086,0x0086,0x0066,0x0066,0x0066,0x0066,0x0066,0x0066,0x0066,
0x0066,0x0066,0x0066,0x0045,0x0045,0x0045,0x0045,0x0045,0x0045,0x0045,0x0045,0x0045,0x0045,0x0045,0x0045,0x0045,
0x0025,0x0025,0x0025,0x0025,0x0025,0x0025,0x0025,0x0024,0x0024,0x0024,0x0024,0x0024,0x0024,0x0024,0x0024,0x0024,
0x0004,0x0004,0x0004,0x0004,0x0004,0x0004,0x0004,0x0004,0x0004,0x0004,0x0004,0x0004,0x0004,0x0004,0x0004,0x0004,
0x0004,0x0004,0x0004,0x0004,0x0004,0x0004,0x0004,0x0004,0x0004,0x0004,0x0004,0x0004,0x0004,0x0004,0x0004,0x0004,
0x00C7,0x00C7,0x00C7,0x00C8,0x00C8,0x00C8,0x00C8,0x00C8,0x00E8,0x00E8,0x00E8,0x00E8,0x00E8,0x00E8,0x00E8,0x00E8,
0x00E8,0x00E9,0x0109,0x0109,0x0109,0x0109,0x0109,0x0109,0x0109,0x0109,0x0109,0x0129,0x0129,0x0929,0x0129,0x0129,
0x012A,0x012A,0x012A,0x092A,0x012A,0x014A,0x014A,0x014A,0x014A,0x014A,0x014A,0x014A,0x014A,0x014A,0x016A,0x014A,
0x016B,0x016B,0x016B,0x016B,0x016B,0x016B,0x016B,0x016B,0x016B,0x016B,0x016B,0x016B,0x016B,0x016B,0x016B,0x018B,
0x018B,0x018B,0x018B,0x018B,0x018B,0x018B,0x018B,0x018B,0x018B,0x018B,0x018B,0x018B,0x018B,0x018B,0x018B,0x018B,
0x018B,0x018B,0x018B,0x018B,0x018B,0x018B,0x018B,0x018B,0x016B,0x016B,0x016B,0x016B,0x016B,0x016B,0x016B,0x016B,
0x016B,0x016B,0x016B,0x016B,0x016B,0x016B,0x016B,0x016A,0x016A,0x014A,0x014A,0x014A,0x014A,0x014A,0x014A,0x014A,
0x014A,0x014A,0x012A,0x012A,0x012A,0x012A,0x012A,0x012A,0x012A,0x012A,0x0129,0x0129,0x0109,0x0109,0x0109,0x0109,
0x0109,0x0109,0x0109,0x00E9,0x0109,0x00E8,0x00E8,0x00E8,0x00E8,0x00E8,0x00E8,0x00E8,0x00E8,0x00E8,0x00C8,0x00C8,
0x00C8,0x00C8,0x00C7,0x00C7,0x00C7,0x00A7,0x00A7,0x00A7,0x00A7,0x00A7,0x00A7,0x00A7,0x00A7,0x00A7,0x00A7,0x00A7,
0x0087,0x0087,0x0086,0x0086,0x0086,0x0086,0x0086,0x0086,0x0086,0x0066,0x0066,0x0066,0x0066,0x0066,0x0066,0x0066,
0x0066,0x0066,0x0066,0x0066,0x0045,0x0045,0x0045,0x0045,0x0045,0x0045,0x0045,0x0045,0x0045,0x0045,0x0045,0x0045,
0x0025,0x0025,0x0025,0x0025,0x0025,0x0025,0x0025,0x0025,0x0025,0x0024,0x0024,0x0024,0x0024,0x0024,0x0024,0x0024,
0x0024,0x0004,0x0004,0x0004,0x0004,0x0004,0x0004,0x0004,0x0004,0x0004,0x0004,0x0004,0x0004,0x0004,0x0004,0x0004,
0x0004,0x0004,0x0004,0x0004,0x0004,0x0004,0x0004,0x0004,0x0004,0x0004,0x0004,0x0004,0x0004,0x0004,0x0004,0x0004,
0x00C7,0x00C7,0x00C8,0x00C8,0x00C8,0x00C8,0x00C8,0x00C8,0x00E8,0x00E8,0x00E8,0x00E8,0x00E8,0x00E8,0x00E8,0x00E8,
0x00E8,0x0109,0x0109,0x0109,0x0109,0x0109,0x0109,0x0109,0x0109,0x0109,0x0109,0x0129,0x0129,0x0129,0x012A,0x012A,
0x012A,0x012A,0x012A,0x014A,0x014A,0x014A,0x014A,0x014A,0x014A,0x014A,0x014A,0x014A,0x014A,0x016A,0x016B,0x016B,
0x016B,0x016B,0x016B,0x016B,0x016B,0x016B,0x016B,0x016B,0x016B,0x016B,0x018B,0x018B,0x018B,0x018B,0x018B,0x018B,
0x018B,0x018B,0x018B,0x018B,0x018B,0x018B,0x018B,0x018B,0x018B,0x018B,0x018B,0x018B,0x018B,0x018B,0x018B,0x018B,
0x018B,0x018B,0x018B,0x018B,0x018B,0x018B,0x018B,0x018B,0x018B,0x018B,0x018B,0x018B,0x018B,0x016B,0x016B,0x016B,
0x016B,0x016B,0x016B,0x016B,0x016B,0x016B,0x016B,0x016B,0x014B,0x014B,0x016B,0x014A,0x014A,0x014A,0x014A,0x014A,
0x014A,0x014A,0x014A,0x014A,0x012A,0x012A,0x012A,0x012A,0x012A,0x012A,0x012A,0x0129,0x0129,0x0129,0x0109,0x0109,
0x0109,0x0109,0x0109,0x0109,0x0109,0x00E8,0x00E8,0x00E8,0x00E8,0x00E8,0x00E8,0x00E8,0x00E8,0x00E8,0x00C8,0x00C8,
0x00C8,0x00C8,0x00C8,0x00C8,0x00C7,0x00C7,0x00C7,0x00C7,0x00A7,0x00A7,0x00A7,0x00A7,0x00A7,0x00A7,0x00A7,0x00A7,
0x00A7,0x0087,0x0087,0x0086,0x0086,0x0086,0x0086,0x0086,0x0086,0x0066,0x0066,0x0066,0x0066,0x0066,0x0066,0x0066,
0x0066,0x0066,0x0066,0x0066,0x0045,0x0045,0x0045,0x0045,0x0045,0x0045,0x0045,0x0045,0x0045,0x0045,0x0045,0x0045,
0x0025,0x0025,0x0025,0x0025,0x0025,0x0025,0x0025,0x0025,0x0025,0x0024,0x0024,0x0024,0x0024,0x0024,0x0024,0x0024,
0x0024,0x0004,0x0004,0x0004,0x0004,0x0004,0x0004,0x0004,0x0004,0x0004,0x0004,0x0004,0x0004,0x0004,0x0004,0x0004,
0x0004,0x0004,0x0004,0x0004,0x0004,0x0004,0x0004,0x0004,0x0004,0x0004,0x0004,0x0004,0x0004,0x0004,0x0004,0x0004,
0x00C7,0x00C7,0x00C8,0x00C8,0x00C8,0x00C8,0x00C8,0x00E8,0x00E8,0x00E8,0x00E8,0x00E8,0x00E8,0x00E8,0x00E8,0x00E8,
0x0108,0x0109,0x0109,0x0109,0x0109,0x0109,0x0109,0x0109,0x0109,0x0129,0x0129,0x0129,0x0129,0x012A,0x012A,0x012A,
0x012A,0x012A,0x094A,0x014A,0x014A,0x014A,0x014A,0x014A,0x014A,0x014A,0x014A,0x014A,0x016A,0x016A,0x016B,0x016B,
0x016B,0x016B,0x016B,0x016B,0x016B,0x016B,0x016B,0x016B,0x016B,0x018B,0x018B,0x016B,0x016B,0x016B,0x018C,0x018C,
0x018C,0x018C,0x018C,0x018C,0x018C,0x018C,0x018C,0x018C,0x018C,0x018C,0x018C,0x018C,0x018C,0x018C,0x018C,0x018C,
0x018C,0x018C,0x018C,0x018C,0x018C,0x018C,0x018C,0x018B,0x018B,0x018B,0x018B,0x018B,0x016B,0x018B,0x018B,0x018B,
0x016B,0x016B,0x016B,0x016B,0x016B,0x016B,0x016B,0x016B,0x016B,0x016B,0x016B,0x016B,0x016B,0x014A,0x014A,0x014A,
0x014A,0x014A,0x014A,0x014A,0x014A,0x014A,0x014A,0x012A,0x012A,0x012A,0x012A,0x012A,0x0129,0x0129,0x0109,0x0109,
0x0109,0x0109,0x0109,0x0109,0x0109,0x0109,0x0109,0x00E8,0x00E8,0x00E8,0x00E8,0x00E8,0x00E8,0x00E8,0x00E8,0x00E8,
0x00C8,0x00C8,0x00C8,0x00C8,0x00C8,0x00C7,0x00C7,0x00C7,0x00A7,0x00A7,0x00A7,0x00A7,0x00A7,0x00A7,0x00A7,0x00A7,
0x00A7,0x0087,0x0087,0x0087,0x0086,0x0086,0x0086,0x0086,0x0086,0x0086,0x0066,0x0066,0x0066,0x0066,0x0066,0x0066,
0x0066,0x0066,0x0066,0x0066,0x0066,0x0066,0x0045,0x0045,0x0045,0x0045,0x0045,0x0045,0x0045,0x0045,0x0045,0x0045,
0x0045,0x0025,0x0025,0x0025,0x0025,0x0025,0x0025,0x0025,0x0025,0x0024,0x0024,0x0024,0x0024,0x0024,0x0024,0x0024,
0x0024,0x0024,0x0004,0x0004,0x0004,0x0004,0x0004,0x0004,0x0004,0x0004,0x0004,0x0004,0x0004,0x0004,0x0004,0x0004,
0x0004,0x0004,0x0004,0x0004,0x0004,0x0004,0x0004,0x0004,0x0004,0x0004,0x0004,0x0004,0x0004,0x0004,0x0004,0x0004,
0x00C7,0x00C7,0x08C8,0x00C8,0x00C8,0x00C8,0x00E8,0x00E8,0x00E8,0x00E8,0x00E8,0x00E8,0x00E8,0x00E8,0x00E8,0x0108,
0x0108,0x0109,0x0109,0x0909,0x0109,0x0109,0x0109,0x0109,0x0109,0x0129,0x0129,0x0129,0x012A,0x012A,0x012A,0x012A,
0x014A,0x014A,0x014A,0x094A,0x014A,0x014A,0x014A,0x014A,0x014A,0x016A,0x016A,0x016A,0x016B,0x016B,0x016B,0x016B,
0x016B,0x016B,0x016B,0x016B,0x018B,0x018B,0x018B,0x018B,0x098B,0x018B,0x018B,0x018C,0x018C,0x018C,0x098C,0x018C,
0x018C,0x018C,0x018C,0x018C,0x01AC,0x018C,0x018C,0x018C,0x018C,0x018C,0x018C,0x018C,0x018C,0x018C,0x018C,0x018C,
0x018C,0x018C,0x018C,0x018C,0x018C,0x018C,0x018C,0x018C,0x018C,0x018C,0x018C,0x018C,0x018C,0x018B,0x018B,0x018B,
0x016B,0x016B,0x016B,0x016B,0x016B,0x016B,0x016B,0x016B,0x016B,0x016B,0x016B,0x016B,0x016B,0x016B,0x016B,0x016B,
0x014A,0x014A,0x014A,0x014A,0x014A,0x014A,0x014A,0x014A,0x014A,0x012A,0x012A,0x012A,0x012A,0x012A,0x0129,0x0129,
0x0109,0x0109,0x0109,0x0109,0x0109,0x0109,0x0109,0x0109,0x0109,0x00E8,0x00E8,0x00E8,0x00E8,0x00E8,0x00E8,0x00E8,
0x00E8,0x00C8,0x00C8,0x00C8,0x00C8,0x00C8,0x00C8,0x00C8,0x00C7,0x00A7,0x00A7,0x00A7,0x00A7,0x00A7,0x00A7,0x00A7,
0x00A7,0x00A7,0x0087,0x0087,0x0087,0x0086,0x0086,0x0086,0x0086,0x0086,0x0086,0x0086,0x0066,0x0066,0x0066,0x0066,
0x0066,0x0066,0x0066,0x0066,0x0066,0x0066,0x0045,0x0045,0x0045,0x0045,0x0045,0x0045,0x0045,0x0045,0x0045,0x0045,
0x0045,0x0045,0x0025,0x0025,0x0025,0x0025,0x0025,0x0025,0x0025,0x0024,0x0024,0x0024,0x0024,0x0024,0x0024,0x0024,
0x0024,0x0024,0x0004,0x0004,0x0004,0x0004,0x0004,0x0004,0x0004,0x0004,0x0004,0x0004,0x0004,0x0004,0x0004,0x0004,
0x0004,0x0004,0x0004,0x0004,0x0004,0x0004,0x0004,0x0004,0x0004,0x0004,0x0004,0x0004,0x0004,0x0004,0x0004,0x0004,
0x00C7,0x08C8,0x08C8,0x00C8,0x08C8,0x00C8,0x00E8,0x00E8,0x00E8,0x00E8,0x00E8,0x00E8,0x00E8,0x0108,0x0108,0x0108,
0x0109,0x0109,0x0109,0x0109,0x0109,0x0109,0x0129,0x0129,0x0129,0x0129,0x0129,0x012A,0x012A,0x012A,0x012A,0x014A,
0x014A,0x014A,0x094A,0x094A,0x014A,0x014A,0x014A,0x016A,0x016A,0x016A,0x016A,0x016A,0x016B,0x016B,0x016B,0x016B,
0x018B,0x018B,0x018B,0x018B,0x018B,0x018B,0x018B,0x018B,0x018B,0x018B,0x018B,0x018C,0x018C,0x018C,0x018C,0x01AC,
0x01AC,0x01AC,0x01AC,0x01AC,0x01AC,0x01AC,0x01AC,0x01AC,0x01AC,0x01AC,0x01AC,0x01AC,0x01AC,0x01AC,0x01AC,0x01AC,
0x01AC,0x01AC,0x01AC,0x01AC,0x01AC,0x01AC,0x01AC,0x018C,0x018C,0x018C,0x018C,0x018C,0x018C,0x018B,0x018B,0x018B,
0x018B,0x018B,0x018B,0x018B,0x018B,0x018B,0x018B,0x016B,0x016B,0x016B,0x016B,0x016B,0x016B,0x016B,0x016B,0x016B,
0x016B,0x016A,0x014A,0x014A,0x014A,0x014A,0x014A,0x014A,0x014A,0x012A,0x012A,0x012A,0x012A,0x012A,0x012A,0x0129,
0x0129,0x0109,0x0109,0x0109,0x0109,0x0109,0x0109,0x0109,0x0109,0x0109,0x00E8,0x00E8,0x00E8,0x00E8,0x00E8,0x00E8,
0x00E8,0x00E8,0x00C8,0x00C8,0x00C8,0x00C8,0x00C8,0x00C8,0x00C8,0x00C8,0x00C7,0x00A7,0x00A7,0x00A7,0x00A7,0x00A7,
0x00A7,0x00A7,0x00A7,0x0087,0x0087,0x0087,0x0086,0x0086,0x0086,0x0086,0x0086,0x0086,0x0086,0x0066,0x0066,0x0066,
0x0066,0x0066,0x0066,0x0066,0x0066,0x0066,0x0066,0x0066,0x0045,0x0045,0x0045,0x0045,0x0045,0x0045,0x0045,0x0045,
0x0045,0x0045,0x0025,0x0025,0x0025,0x0025,0x0025,0x0025,0x0025,0x0024,0x0024,0x0024,0x0024,0x0024,0x0024,0x0024,
0x0024,0x0024,0x0024,0x0004,0x0004,0x0004,0x0004,0x0004,0x0004,0x0004,0x0004,0x0004,0x0004,0x0004,0x0004,0x0004,
0x0004,0x0004,0x0004,0x0004,0x0004,0x0004,0x0004,0x0004,0x0004,0x0004,0x0004,0x0004,0x0004,0x0004,0x0004,0x0004,
0x08C8,0x08C8,0x08C8,0x08C8,0x00E8,0x00E8,0x00E8,0x00E8,0x00E8,0x00E8,0x0908,0x0108,0x0108,0x0108,0x0108,0x0109,
0x0109,0x0109,0x0109,0x0109,0x0929,0x0129,0x0129,0x0129,0x0129,0x0129,0x012A,0x012A,0x012A,0x012A,0x014A,0x014A,
0x094A,0x094A,0x094A,0x094A,0x014A,0x016A,0x016A,0x016A,0x016B,0x016B,0x016B,0x016B,0x016B,0x016B,0x016B,0x018B,
0x018B,0x018B,0x018B,0x018B,0x018B,0x018B,0x098C,0x098C,0x098C,0x018C,0x018C,0x018C,0x018C,0x01AC,0x01AC,0x01AC,
0x01AC,0x01AC,0x01AC,0x01AC,0x01AC,0x01AC,0x01AC,0x01AC,0x01AC,0x01AC,0x01AC,0x01AC,0x01AC,0x01AC,0x01AC,0x01AC,
0x01AC,0x01AC,0x01AC,0x01AC,0x01AC,0x01AC,0x01AC,0x01AC,0x018C,0x018C,0x018C,0x018C,0x018C,0x018B,0x018B,0x018B,
0x018B,0x018B,0x018B,0x018B,0x018B,0x018B,0x018B,0x018B,0x018B,0x016B,0x016B,0x016B,0x016B,0x016B,0x016B,0x016B,
0x016B,0x016B,0x016A,0x016A,0x014A,0x014A,0x014A,0x014A,0x014A,0x012A,0x012A,0x012A,0x012A,0x012A,0x012A,0x012A,
0x0129,0x0129,0x0129,0x0109,0x0109,0x0109,0x0109,0x0109,0x0109,0x0109,0x0109,0x00E8,0x00E8,0x00E8,0x00E8,0x00E8,
0x00E8,0x00E8,0x00C8,0x00C8,0x00C8,0x00C8,0x00C8,0x00C8,0x00C8,0x00C8,0x00C8,0x00C8,0x00A7,0x00A7,0x00A7,0x00A7,
0x00A7,0x00A7,0x00A7,0x0087,0x0087,0x0087,0x0087,0x0086,0x0086,0x0086,0x0086,0x0086,0x0086,0x0066,0x0066,0x0066,
0x0066,0x0066,0x0066,0x0066,0x0066,0x0066,0x0066,0x0066,0x0065,0x0045,0x0045,0x0045,0x0045,0x0045,0x0045,0x0045,
0x0045,0x0045,0x0025,0x0025,0x0025,0x0025,0x0025,0x0025,0x0025,0x0024,0x0024,0x0024,0x0024,0x0024,0x0024,0x0024,
0x0024,0x0024,0x0024,0x0004,0x0004,0x0004,0x0004,0x0004,0x0004,0x0004,0x0004,0x0004,0x0004,0x0004,0x0004,0x0004,
0x0004,0x0004,0x0004,0x0004,0x0004,0x0004,0x0004,0x0004,0x0004,0x0004,0x0004,0x0004,0x0004,0x0004,0x0004,0x0004,
0x08C8,0x08C8,0x08C8,0x08C8,0x00E8,0x00E8,0x00E8,0x00E8,0x0908,0x0908,0x0908,0x0108,0x0109,0x0109,0x0109,0x0109,
0x0109,0x0109,0x0929,0x0929,0x0929,0x0929,0x0129,0x0129,0x0129,0x012A,0x012A,0x012A,0x012A,0x014A,0x094A,0x094A,
0x094A,0x094A,0x094A,0x014A,0x014A,0x016A,0x016A,0x016B,0x016B,0x016B,0x016B,0x016B,0x016B,0x016B,0x018B,0x018B,
0x018B,0x018B,0x098B,0x018B,0x018B,0x018B,0x018C,0x018C,0x018C,0x01AC,0x01AC,0x01AC,0x01AC,0x01AC,0x01AC,0x01AC,
0x01AC,0x01AC,0x01AC,0x01AC,0x01AC,0x01AC,0x01AC,0x01AC,0x01AC,0x01AC,0x01AC,0x01AC,0x01AC,0x01AC,0x01AC,0x01AC,
0x01AC,0x01AC,0x01AC,0x01AC,0x01AC,0x01AC,0x01AC,0x01AC,0x01AC,0x01AC,0x01AC,0x01AC,0x01AC,0x01AC,0x01AC,0x018B,
0x018B,0x018B,0x018B,0x018B,0x018B,0x018B,0x018B,0x018B,0x018B,0x016B,0x018B,0x016B,0x016B,0x016B,0x016B,0x016B,
0x016B,0x016B,0x016B,0x016B,0x016B,0x014A,0x014A,0x014A,0x014A,0x012A,0x012A,0x012A,0x012A,0x012A,0x012A,0x012A,
0x012A,0x0129,0x0129,0x0129,0x0109,0x0109,0x0109,0x0109,0x0109,0x0109,0x0109,0x0109,0x00E8,0x00E8,0x00E8,0x00E8,
0x00E8,0x00E8,0x00E8,0x00C8,0x00C8,0x00C8,0x00C8,0x00C8,0x00C8,0x00C8,0x00C8,0x00C8,0x00C8,0x00A7,0x00A7,0x00A7,
0x00A7,0x00A7,0x00A7,0x00A7,0x0087,0x0087,0x0087,0x0087,0x0086,0x0086,0x0086,0x0086,0x0086,0x0086,0x0066,0x0066,
0x0066,0x0066,0x0066,0x0066,0x0066,0x0066,0x0066,0x0066,0x0065,0x0045,0x0045,0x0045,0x0045,0x0045,0x0045,0x0045,
0x0045,0x0045,0x0025,0x0025,0x0025,0x0025,0x0025,0x0025,0x0025,0x0024,0x0024,0x0024,0x0024,0x0024,0x0024,0x0024,
0x0024,0x0024,0x0024,0x0004,0x0004,0x0004,0x0004,0x0004,0x0004,0x0004,0x0004,0x0004,0x0004,0x0004,0x0004,0x0004,
0x0004,0x0004,0x0004,0x0004,0x0004,0x0004,0x0004,0x0004,0x0004,0x0004,0x0004,0x0004,0x0004,0x0004,0x0004,0x0004,
0x08C8,0x08C8,0x08C8,0x08E8,0x08E8,0x00E8,0x00E8,0x00E8,0x0908,0x0908,0x0908,0x0108,0x0109,0x0909,0x0109,0x0929,
0x0929,0x0129,0x0929,0x0929,0x0929,0x092A,0x012A,0x012A,0x012A,0x092A,0x092A,0x092A,0x094A,0x094A,0x094A,0x094A,
0x094A,0x094A,0x094A,0x096B,0x096B,0x016B,0x016B,0x018B,0x018B,0x018B,0x016B,0x018B,0x018B,0x018B,0x018B,0x098B,
0x018B,0x018B,0x01AC,0x018C,0x018C,0x01AC,0x09AC,0x09AC,0x01AC,0x01AC,0x01AC,0x01AC,0x01AC,0x09AC,0x09AC,0x01AC,
0x01AC,0x01AC,0x09CC,0x09CC,0x01AC,0x01AC,0x09CC,0x09CC,0x09CC,0x09CC,0x09CC,0x09CC,0x09CC,0x09CC,0x09CC,0x09CC,
0x09CC,0x09CC,0x09CC,0x09CC,0x09CC,0x09CC,0x09CC,0x01AC,0x09AC,0x09AC,0x01AC,0x01AC,0x01AC,0x01AC,0x01AC,0x01AC,
0x01AC,0x01AC,0x01AC,0x01AC,0x018B,0x018B,0x018B,0x018C,0x018C,0x018B,0x018B,0x018B,0x018B,0x016B,0x016B,0x016B,
0x016B,0x016B,0x016B,0x016B,0x016B,0x016B,0x016B,0x014A,0x014A,0x014A,0x014A,0x014A,0x012A,0x012A,0x012A,0x012A,
0x012A,0x012A,0x0109,0x0129,0x0129,0x0109,0x0109,0x0109,0x0109,0x0109,0x0109,0x0109,0x0109,0x00E8,0x00E8,0x00E8,
0x00E8,0x00E8,0x00E8,0x00E8,0x00C8,0x00C8,0x00C8,0x00C8,0x00C8,0x00C8,0x00C8,0x00C8,0x00C8,0x00C8,0x00A7,0x00A7,
0x00A7,0x00A7,0x00A7,0x00A7,0x00A7,0x00A7,0x0087,0x0087,0x0086,0x0086,0x0086,0x0086,0x0086,0x0086,0x0086,0x0066,
0x0066,0x0066,0x0066,0x0066,0x0066,0x0066,0x0066,0x0066,0x0065,0x0045,0x0045,0x0045,0x0045,0x0045,0x0045,0x0045,
0x0045,0x0045,0x0025,0x0025,0x0025,0x0025,0x0025,0x0025,0x0025,0x0024,0x0024,0x0024,0x0024,0x0024,0x0024,0x0024,
0x0024,0x0024,0x0024,0x0004,0x0004,0x0004,0x0004,0x0004,0x0004,0x0004,0x0004,0x0004,0x0004,0x0004,0x0004,0x0004,
0x0004,0x0004,0x0004,0x0004,0x0004,0x0004,0x0004,0x0004,0x0004,0x0004,0x0004,0x0004,0x0004,0x0004,0x0004,0x0004,
0x08C8,0x08C8,0x08C8,0x08E8,0x08E8,0x08E8,0x00E8,0x0908,0x0908,0x0908,0x0909,0x0909,0x0909,0x0909,0x0909,0x0929,
0x0929,0x0929,0x0929,0x0929,0x0929,0x092A,0x012A,0x012A,0x012A,0x092A,0x092A,0x094A,0x094A,0x094A,0x094A,0x094A,
0x094A,0x094A,0x094A,0x096B,0x096B,0x096B,0x098B,0x018B,0x018B,0x018B,0x018B,0x098B,0x018B,0x018B,0x098B,0x098C,
0x018C,0x018C,0x01AC,0x01AC,0x01AC,0x01AC,0x09AC,0x09AC,0x09AC,0x01AC,0x01AC,0x01AC,0x09AC,0x09AC,0x09AC,0x01AC,
0x01AC,0x09CC,0x09CC,0x09CC,0x09CC,0x09CC,0x09CC,0x09CC,0x09CC,0x09CC,0x09CC,0x09CC,0x09CC,0x09CC,0x09CC,0x09CC,
0x09CC,0x09CC,0x09CC,0x09CC,0x09CC,0x09CC,0x09CC,0x01AC,0x09AC,0x09AC,0x01AC,0x01AC,0x01AC,0x01AC,0x01AC,0x01AC,
0x01AC,0x01AC,0x01AC,0x01AC,0x018C,0x018C,0x018C,0x018C,0x018C,0x018C,0x018C,0x018B,0x018B,0x016B,0x016B,0x016B,
0x016B,0x016B,0x016B,0x016B,0x016B,0x016B,0x016B,0x014A,0x014A,0x014A,0x014A,0x014A,0x012A,0x012A,0x012A,0x012A,
0x012A,0x012A,0x0129,0x0129,0x0129,0x0129,0x0109,0x0109,0x0109,0x0109,0x0109,0x0109,0x0109,0x0109,0x00E8,0x00E8,
0x00E8,0x00E8,0x00E8,0x00E8,0x00E8,0x00C8,0x00C8,0x00C8,0x00C8,0x00C8,0x00C8,0x00C8,0x00C8,0x00C8,0x00A7,0x00A7,
0x00A7,0x00A7,0x00A7,0x00A7,0x00A7,0x00A7,0x0087,0x0087,0x0086,0x0086,0x0086,0x0086,0x0086,0x0086,0x0086,0x0066,
0x0066,0x0066,0x0066,0x0066,0x0066,0x0066,0x0066,0x0066,0x0065,0x0045,0x0045,0x0045,0x0045,0x0045,0x0045,0x0045,
0x0045,0x0045,0x0025,0x0025,0x0025,0x0025,0x0025,0x0025,0x0025,0x0024,0x0024,0x0024,0x0024,0x0024,0x0024,0x0024,
0x0024,0x0024,0x0024,0x0004,0x0004,0x0004,0x0004,0x0004,0x0004,0x0004,0x0004,0x0004,0x0004,0x0004,0x0004,0x0004,
0x0004,0x0004,0x0004,0x0004,0x0004,0x0004,0x0004,0x0004,0x0004,0x0004,0x0004,0x0004,0x0004,0x0004,0x0004,0x0004,
0x08C8,0x08C8,0x08E8,0x08E8,0x08E8,0x08E8,0x0908,0x0908,0x0908,0x0908,0x0909,0x0909,0x0909,0x0909,0x0909,0x0929,
0x0929,0x0929,0x0929,0x0929,0x0929,0x092A,0x014A,0x094A,0x092A,0x092A,0x094A,0x094A,0x094A,0x094A,0x094A,0x094A,
0x094A,0x096B,0x096B,0x096B,0x096B,0x096B,0x096B,0x018B,0x018B,0x018B,0x018B,0x098B,0x018B,0x018B,0x098C,0x098C,
0x018C,0x018C,0x01AC,0x01AC,0x01AC,0x01AC,0x09AC,0x09AC,0x01AC,0x09AC,0x09AC,0x09AC,0x09AC,0x09AC,0x01CC,0x09AC,
0x09AC,0x09CC,0x09CC,0x09CC,0x09CC,0x09CC,0x09CC,0x09CC,0x09CC,0x09CC,0x09CC,0x09CC,0x09CC,0x09CC,0x09CC,0x09CC,
0x09CC,0x09CC,0x09CC,0x09CC,0x09CC,0x09CC,0x09CC,0x09AC,0x09AC,0x01AC,0x09AC,0x01AC,0x01AC,0x01AC,0x01AC,0x01AC,
0x01AC,0x01AC,0x01AC,0x01AC,0x018C,0x018C,0x018C,0x018C,0x018C,0x018C,0x018C,0x018B,0x018B,0x018B,0x018B,0x018B,
0x016B,0x016B,0x016B,0x016B,0x016B,0x016B,0x016B,0x014A,0x014A,0x014A,0x014A,0x014A,0x014A,0x014A,0x012A,0x012A,
0x012A,0x012A,0x0129,0x0129,0x0129,0x0129,0x0129,0x0109,0x0109,0x0109,0x0109,0x0109,0x0109,0x0109,0x00E8,0x00E8,
0x00E8,0x00E8,0x00E8,0x00E8,0x00E8,0x00C8,0x00C8,0x00C8,0x00C8,0x00C8,0x00C8,0x00C8,0x00C8,0x00C8,0x00A7,0x00A7,
0x00A7,0x00A7,0x00A7,0x00A7,0x00A7,0x00A7,0x0087,0x0087,0x0086,0x0086,0x0086,0x0086,0x0086,0x0086,0x0086,0x0066,
0x0066,0x0066,0x0066,0x0066,0x0066,0x0066,0x0066,0x0066,0x0065,0x0045,0x0045,0x0045,0x0045,0x0045,0x0045,0x0045,
0x0045,0x0045,0x0025,0x0025,0x0025,0x0025,0x0025,0x0025,0x0025,0x0024,0x0024,0x0024,0x0024,0x0024,0x0024,0x0024,
0x0024,0x0024,0x0024,0x0004,0x0004,0x0004,0x0004,0x0004,0x0004,0x0004,0x0004,0x0004,0x0004,0x0004,0x0004,0x0004,
0x0004,0x0004,0x0004,0x0004,0x0004,0x0004,0x0004,0x0004,0x0004,0x0004,0x0004,0x0004,0x0004,0x0004,0x0004,0x0004,
0x08E8,0x08E8,0x08E8,0x08E8,0x08E8,0x08E8,0x0908,0x0908,0x0909,0x0909,0x0909,0x0909,0x0909,0x0909,0x0929,0x0929,
0x0929,0x0929,0x0929,0x0929,0x0929,0x092A,0x094A,0x094A,0x094A,0x094A,0x094A,0x094A,0x094A,0x094A,0x096A,0x096B,
0x096B,0x096B,0x096B,0x096B,0x096B,0x098B,0x098B,0x098B,0x098B,0x098B,0x098B,0x098B,0x098B,0x098B,0x09AC,0x09AC,
0x01AC,0x09AC,0x09AC,0x09AC,0x09AC,0x09AC,0x09AC,0x09AC,0x09AC,0x01AC,0x01AC,0x01AC,0x09CC,0x09CC,0x09CC,0x01CC,
0x01CD,0x09CD,0x09CD,0x09CD,0x09CD,0x09CD,0x09CD,0x09CD,0x09CD,0x09CD,0x09CD,0x09CD,0x09CD,0x09CD,0x09CD,0x09CD,
0x09CD,0x09CD,0x09CD,0x09CD,0x09CD,0x09CD,0x01CD,0x01CC,0x01CC,0x09CC,0x09CC,0x09CC,0x01AC,0x01AC,0x01AC,0x01AC,
0x01AC,0x01AC,0x01AC,0x01AC,0x01AC,0x01AC,0x018C,0x01AC,0x018C,0x018C,0x018C,0x018C,0x018C,0x018B,0x018B,0x018B,
0x016B,0x016B,0x016B,0x016B,0x016B,0x016B,0x016B,0x016A,0x016A,0x014A,0x014A,0x014A,0x014A,0x014A,0x014A,0x014A,
0x014A,0x012A,0x012A,0x0129,0x0129,0x0129,0x0109,0x0109,0x0109,0x0109,0x0109,0x0109,0x0109,0x0109,0x0109,0x00E8,
0x00E8,0x00E8,0x00E8,0x00E8,0x00E8,0x00E8,0x00E8,0x00E8,0x00C8,0x00C8,0x00C8,0x00C8,0x00C8,0x00C8,0x00C8,0x00A7,
0x00A7,0x00A7,0x00A7,0x00A7,0x00A7,0x00A7,0x00A7,0x0087,0x0087,0x0087,0x0086,0x0086,0x0086,0x0086,0x0086,0x0066,
0x0066,0x0066,0x0066,0x0066,0x0066,0x0066,0x0066,0x0066,0x0066,0x0065,0x0065,0x0045,0x0045,0x0045,0x0045,0x0045,
0x0045,0x0045,0x0045,0x0045,0x0025,0x0025,0x0025,0x0025,0x0025,0x0025,0x0024,0x0024,0x0024,0x0024,0x0024,0x0024,
0x0024,0x0024,0x0024,0x0024,0x0024,0x0024,0x0024,0x0024,0x0024,0x0024,0x0004,0x0004,0x0004,0x0004,0x0004,0x0004,
0x0004,0x0004,0x0004,0x0004,0x0004,0x0004,0x0004,0x0004,0x0004,0x0004,0x0004,0x0004,0x0004,0x0004,0x0004,0x0004,
0x08E8,0x08E8,0x08E8,0x08E8,0x08E8,0x08E8,0x0909,0x0909,0x0909,0x0909,0x0909,0x0909,0x0909,0x0909,0x0929,0x0929,
0x0929,0x0929,0x0949,0x0949,0x0949,0x094A,0x094A,0x094A,0x094A,0x094A,0x094A,0x094A,0x094A,0x096A,0x096A,0x096B,
0x096B,0x096B,0x096B,0x096B,0x096B,0x098B,0x098B,0x098B,0x098B,0x098B,0x098B,0x098B,0x09AB,0x09AC,0x09AC,0x09AC,
0x09AC,0x09AC,0x09AC,0x09AC,0x09AC,0x09AC,0x09CC,0x09CC,0x09CC,0x09CC,0x09CC,0x09CC,0x09CC,0x09CD,0x09CD,0x01CD,
0x01CD,0x01CD,0x09CD,0x09CD,0x09CD,0x09CD,0x09CD,0x09CD,0x09CD,0x09CD,0x09CD,0x09CD,0x09CD,0x09CD,0x09CD,0x01CD,
0x01CD,0x01CD,0x01CD,0x01CD,0x01CD,0x01CD,0x01CD,0x01CD,0x09CD,0x09CC,0x09CC,0x01CC,0x01CC,0x01AC,0x01AC,0x01AC,
0x01AC,0x01AC,0x01AC,0x01AC,0x01AC,0x01AC,0x018C,0x01AC,0x01AC,0x01AC,0x018C,0x018C,0x018C,0x018C,0x018B,0x018B,
0x016B,0x016B,0x016B,0x016B,0x016B,0x016B,0x016B,0x016B,0x016A,0x016A,0x016A,0x014A,0x014A,0x014A,0x014A,0x014A,
0x014A,0x012A,0x012A,0x012A,0x0129,0x0129,0x0129,0x0129,0x0109,0x0109,0x0109,0x0109,0x0109,0x0109,0x0109,0x0109,
0x00E8,0x00E8,0x00E8,0x00E8,0x00E8,0x00E8,0x00E8,0x00E8,0x00C8,0x00C8,0x00C8,0x00C8,0x00C8,0x00C8,0x00C8,0x00A7,
0x00A7,0x00A7,0x00A7,0x00A7,0x00A7,0x00A7,0x00A7,0x00A7,0x0087,0x0087,0x0087,0x0087,0x0087,0x0086,0x0086,0x0066,
0x0066,0x0066,0x0066,0x0066,0x0066,0x0066,0x0066,0x0066,0x0066,0x0066,0x0065,0x0045,0x0045,0x0045,0x0045,0x0045,
0x0045,0x0045,0x0045,0x0045,0x0045,0x0045,0x0025,0x0025,0x0025,0x0025,0x0024,0x0024,0x0024,0x0024,0x0024,0x0024,
0x0024,0x0024,0x0024,0x0024,0x0024,0x0024,0x0024,0x0024,0x0024,0x0024,0x0004,0x0004,0x0004,0x0004,0x0004,0x0004,
0x0004,0x0004,0x0004,0x0004,0x0004,0x0004,0x0004,0x0004,0x0004,0x0004,0x0004,0x0004,0x0004,0x0004,0x0004,0x0004,
0x08E8,0x08C7,0x08E8,0x08E8,0x08E8,0x08E9,0x0909,0x0909,0x0909,0x0909,0x0909,0x0909,0x0909,0x0909,0x0929,0x0929,
0x0929,0x0929,0x0929,0x0929,0x0949,0x094A,0x094A,0x094A,0x094A,0x094A,0x094A,0x094A,0x096A,0x096A,0x096B,0x096B,
0x096B,0x096B,0x096B,0x096B,0x096B,0x098B,0x098B,0x098B,0x098B,0x098B,0x098B,0x098B,0x09AB,0x09AC,0x09AC,0x09AC,
0x09AC,0x09AC,0x09AC,0x09AC,0x09AC,0x09CC,0x09CC,0x09CC,0x09CC,0x09CC,0x09CC,0x09CD,0x09CD,0x09CD,0x01CD,0x09CD,
0x09CD,0x09CD,0x01CD,0x01CD,0x09CD,0x09CD,0x09CD,0x09CD,0x09CD,0x09CD,0x09CD,0x09CD,0x09CD,0x09CD,0x09CD,0x01CD,
0x01CD,0x01CD,0x01CD,0x01CD,0x01CD,0x01CD,0x01CD,0x09CD,0x01CD,0x01CD,0x01CD,0x01CD,0x01CD,0x01CC,0x09AC,0x01AC,
0x01AC,0x01AC,0x01AC,0x01AC,0x01AC,0x01AC,0x01AC,0x01AC,0x01AC,0x01AC,0x01AC,0x01AC,0x018C,0x018C,0x018B,0x018B,
0x018B,0x018B,0x016B,0x016B,0x016B,0x016B,0x016B,0x016B,0x016A,0x016A,0x016A,0x016A,0x014A,0x016A,0x014A,0x014A,
0x014A,0x014A,0x014A,0x012A,0x0129,0x0129,0x0129,0x0129,0x0129,0x0129,0x0109,0x0109,0x0109,0x0109,0x0109,0x0109,
0x0109,0x00E8,0x00E8,0x00E8,0x00E8,0x00E8,0x00E8,0x00E8,0x00C8,0x00C8,0x00C8,0x00C8,0x00C8,0x00C8,0x00C8,0x00C8,
0x00A7,0x00A7,0x00A7,0x00A7,0x00A7,0x00A7,0x00A7,0x00A7,0x0087,0x0087,0x0087,0x0087,0x0087,0x0087,0x0087,0x0086,
0x0066,0x0066,0x0066,0x0066,0x0066,0x0066,0x0066,0x0066,0x0066,0x0066,0x0066,0x0045,0x0045,0x0045,0x0045,0x0045,
0x0045,0x0045,0x0045,0x0045,0x0045,0x0045,0x0025,0x0025,0x0025,0x0025,0x0024,0x0024,0x0024,0x0024,0x0024,0x0024,
0x0024,0x0024,0x0024,0x0024,0x0024,0x0024,0x0024,0x0024,0x0024,0x0024,0x0004,0x0004,0x0004,0x0004,0x0004,0x0004,
0x0004,0x0004,0x0004,0x0004,0x0004,0x0004,0x0004,0x0004,0x0004,0x0004,0x0004,0x0004,0x0004,0x0004,0x0004,0x0004,
0x00C7,0x08E9,0x08E9,0x08E8,0x08C7,0x08E8,0x0909,0x0909,0x08E8,0x08E8,0x0909,0x0909,0x0909,0x0929,0x0929,0x0929,
0x0929,0x0929,0x0929,0x0929,0x0949,0x094A,0x094A,0x094A,0x094A,0x094A,0x094A,0x094A,0x096A,0x096B,0x096B,0x096B,
0x096B,0x096B,0x096B,0x096B,0x096B,0x098B,0x098B,0x098B,0x098B,0x098B,0x098B,0x09AC,0x09AB,0x09AC,0x09AC,0x09AC,
0x09AC,0x09AC,0x09AC,0x09AC,0x09CC,0x09CC,0x09CC,0x09CC,0x09CC,0x09CC,0x09CC,0x09CD,0x09CD,0x01CD,0x09CD,0x09CD,
0x09CD,0x09CD,0x01CD,0x09ED,0x09ED,0x09ED,0x09ED,0x09ED,0x09ED,0x09ED,0x09ED,0x09ED,0x09ED,0x09ED,0x09ED,0x01CD,
0x01CD,0x01CD,0x01CD,0x01CD,0x01CD,0x01CD,0x01CD,0x09ED,0x09CD,0x09CD,0x09CD,0x01CD,0x01CD,0x01CD,0x01CC,0x09CC,
0x01AC,0x01AC,0x01AC,0x01AC,0x01AC,0x01AC,0x01AC,0x01AC,0x01AC,0x01AC,0x01AC,0x01AC,0x018C,0x018C,0x018C,0x018B,
0x018B,0x018B,0x016B,0x016B,0x016B,0x016B,0x016B,0x016B,0x016B,0x016A,0x016A,0x016A,0x014A,0x014A,0x014A,0x014A,
0x014A,0x014A,0x014A,0x012A,0x012A,0x0129,0x0129,0x0129,0x0129,0x0129,0x0109,0x0109,0x0109,0x0109,0x0109,0x0109,
0x0109,0x00E8,0x00E8,0x00E8,0x00E8,0x00E8,0x00E8,0x00E8,0x00C8,0x00C8,0x00C8,0x00C8,0x00C8,0x00C8,0x00C8,0x00C8,
0x00A7,0x00A7,0x00A7,0x00A7,0x00A7,0x00A7,0x00A7,0x00A7,0x0087,0x0087,0x0087,0x0087,0x0087,0x0087,0x0087,0x0086,
0x0066,0x0066,0x0066,0x0066,0x0066,0x0066,0x0066,0x0066,0x0066,0x0066,0x0066,0x0045,0x0045,0x0045,0x0045,0x0045,
0x0045,0x0045,0x0045,0x0045,0x0045,0x0045,0x0025,0x0025,0x0025,0x0025,0x0024,0x0024,0x0024,0x0024,0x0024,0x0024,
0x0024,0x0024,0x0024,0x0024,0x0024,0x0024,0x0024,0x0024,0x0024,0x0024,0x0004,0x0004,0x0004,0x0004,0x0004,0x0004,
0x0004,0x0004,0x0004,0x0004,0x0004,0x0004,0x0004,0x0004,0x0004,0x0004,0x0004,0x0004,0x0004,0x0004,0x0004,0x0004,
0x11D1,0x1A33,0x1109,0x08A7,0x098F,0x11CE,0x0909,0x08E8,0x096C,0x096C,0x0908,0x0929,0x0909,0x0929,0x0929,0x0929,
0x0929,0x0929,0x0929,0x0949,0x094A,0x094A,0x094A,0x094A,0x094A,0x096A,0x094A,0x096B,0x096B,0x096B,0x096B,0x096B,
0x096B,0x096B,0x096B,0x098B,0x098B,0x098B,0x098B,0x098B,0x098B,0x09AC,0x09AC,0x09AC,0x09AC,0x09AC,0x09AC,0x09AC,
0x09CC,0x09AC,0x09CC,0x09CC,0x09CC,0x09CC,0x09CD,0x09CD,0x09CD,0x09CD,0x09CD,0x09CD,0x09ED,0x09ED,0x09CD,0x09ED,
0x09CD,0x09ED,0x09ED,0x09ED,0x09ED,0x09ED,0x09ED,0x09ED,0x09ED,0x09ED,0x09ED,0x09ED,0x09ED,0x09ED,0x09ED,0x09ED,
0x09ED,0x09ED,0x09ED,0x09ED,0x09ED,0x09ED,0x09ED,0x09ED,0x09ED,0x09ED,0x09ED,0x09ED,0x09CD,0x09CD,0x01CD,0x09CD,
0x01CC,0x09CC,0x09CC,0x01CC,0x01AC,0x01AC,0x09AC,0x09AC,0x09AC,0x01AC,0x01AC,0x01AC,0x01AC,0x01AC,0x018C,0x018C,
0x018C,0x018B,0x018B,0x016B,0x016B,0x016B,0x016B,0x016B,0x016B,0x016B,0x016B,0x016A,0x016A,0x014A,0x014A,0x014A,
0x014A,0x014A,0x014A,0x014A,0x012A,0x0129,0x012A,0x0129,0x0129,0x0129,0x0129,0x0109,0x0109,0x0109,0x0109,0x0109,
0x0109,0x00E8,0x00E8,0x00E8,0x00E8,0x00E8,0x00E8,0x00E8,0x00E8,0x00C8,0x00C8,0x00C8,0x00C8,0x00C8,0x00C8,0x00C8,
0x00A7,0x00A7,0x00A7,0x00A7,0x00A7,0x00A7,0x00A7,0x00A7,0x00A7,0x0087,0x0087,0x0087,0x0087,0x0087,0x0087,0x0086,
0x0086,0x0066,0x0066,0x0066,0x0066,0x0066,0x0066,0x0066,0x0066,0x0066,0x0066,0x0066,0x0066,0x0045,0x0045,0x0045,
0x0045,0x0045,0x0045,0x0045,0x0045,0x0045,0x0045,0x0025,0x0025,0x0025,0x0024,0x0024,0x0024,0x0024,0x0024,0x0024,
0x0024,0x0024,0x0024,0x0024,0x0024,0x0024,0x0024,0x0024,0x0024,0x0024,0x0004,0x0004,0x0004,0x0004,0x0004,0x0004,
0x0004,0x0004,0x0004,0x0004,0x0004,0x0004,0x0004,0x0004,0x0004,0x0004,0x0004,0x0004,0x0004,0x0004,0x0004,0x0004,
0x1A33,0x092A,0x08E9,0x1A11,0x1A54,0x094C,0x08E8,0x09AE,0x1A53,0x118D,0x10E7,0x092B,0x1A10,0x096B,0x0929,0x0949,
0x096C,0x0949,0x0949,0x0929,0x0929,0x094A,0x096A,0x096A,0x096A,0x096B,0x096B,0x096B,0x096B,0x096B,0x096B,0x096B,
0x096B,0x096B,0x098B,0x098B,0x098B,0x098B,0x09AB,0x09AC,0x09AC,0x09AC,0x09AC,0x09AC,0x09AC,0x09AC,0x09CC,0x09AC,
0x09CC,0x09CC,0x09CC,0x09CC,0x09CC,0x09CD,0x09CD,0x09CD,0x09CD,0x09CD,0x09ED,0x09ED,0x09ED,0x09ED,0x09ED,0x09ED,
0x09ED,0x09ED,0x09ED,0x09ED,0x09ED,0x09EE,0x09ED,0x09ED,0x09ED,0x09ED,0x09ED,0x09ED,0x09ED,0x09ED,0x09ED,0x09ED,
0x09ED,0x09ED,0x09ED,0x09ED,0x09ED,0x09ED,0x09ED,0x09ED,0x09ED,0x09ED,0x09ED,0x09ED,0x09ED,0x09ED,0x09CD,0x01CD,
0x09CD,0x09CD,0x09CD,0x09CD,0x09CD,0x09CD,0x09CD,0x01AC,0x01AC,0x09AC,0x09AC,0x01AC,0x01AC,0x01AC,0x01AC,0x018C,
0x018C,0x018C,0x018B,0x018B,0x018B,0x018B,0x018B,0x016B,0x016B,0x016B,0x016B,0x016B,0x016A,0x016A,0x014A,0x014A,
0x014A,0x014A,0x014A,0x012A,0x012A,0x012A,0x012A,0x012A,0x0129,0x0129,0x0129,0x0129,0x0109,0x0109,0x0109,0x0109,
0x0109,0x0109,0x00E8,0x00E8,0x00E8,0x00E8,0x00E8,0x00E8,0x00E8,0x00E8,0x00C8,0x00C8,0x00C8,0x00C8,0x00C8,0x00C8,
0x00C7,0x00A7,0x00A7,0x00A7,0x00A7,0x00A7,0x00A7,0x00A7,0x00A7,0x0087,0x0087,0x0087,0x0087,0x0087,0x0087,0x0086,
0x0086,0x0086,0x0066,0x0066,0x0066,0x0066,0x0066,0x0066,0x0066,0x0066,0x0066,0x0066,0x0066,0x0045,0x0045,0x0045,
0x0045,0x0045,0x0045,0x0045,0x0045,0x0045,0x0045,0x0025,0x0025,0x0025,0x0024,0x0024,0x0024,0x0024,0x0024,0x0024,
0x0024,0x0024,0x0024,0x0024,0x0024,0x0024,0x0024,0x0024,0x0024,0x0024,0x0004,0x0004,0x0004,0x0004,0x0004,0x0004,
0x0004,0x0004,0x0004,0x0004,0x0004,0x0004,0x0004,0x0004,0x0004,0x0004,0x0004,0x0004,0x0004,0x0004,0x0004,0x0004,
0x08C4,0x0929,0x22B6,0x1212,0x08E8,0x08C6,0x1211,0x1A74,0x094B,0x0907,0x094A,0x1A52,0x09CF,0x0949,0x0929,0x09CF,
0x1251,0x0949,0x0929,0x096A,0x098C,0x094A,0x096A,0x094A,0x096A,0x096B,0x096B,0x096B,0x096B,0x096B,0x096B,0x096B,
0x096B,0x098B,0x098B,0x098B,0x098B,0x098C,0x09AC,0x09AC,0x09AC,0x09AC,0x09AC,0x09AC,0x09AC,0x09CC,0x09CC,0x09CC,
0x09CC,0x09CC,0x09CC,0x09CC,0x09CD,0x09ED,0x09ED,0x09ED,0x09ED,0x09ED,0x09ED,0x09ED,0x09ED,0x09ED,0x09ED,0x09ED,
0x09ED,0x09ED,0x09EE,0x09EE,0x09EE,0x09EE,0x0A0D,0x0A0D,0x0A0D,0x0A0D,0x0A0D,0x0A0D,0x0A0D,0x0A0D,0x0A0D,0x0A0D,
0x0A0D,0x09ED,0x09ED,0x09ED,0x09ED,0x09ED,0x09ED,0x09ED,0x09ED,0x09ED,0x09ED,0x09ED,0x09ED,0x09ED,0x09CD,0x09CD,
0x09CD,0x09CD,0x09CD,0x09CD,0x09CD,0x09CD,0x09CD,0x09CC,0x09CC,0x09AC,0x09AC,0x09AC,0x01AC,0x01AC,0x01AC,0x01AC,
0x018C,0x018C,0x018B,0x018B,0x018B,0x018B,0x018B,0x016B,0x016B,0x016B,0x016B,0x016B,0x016B,0x016A,0x016A,0x014A,
0x014A,0x014A,0x014A,0x014A,0x014A,0x012A,0x012A,0x012A,0x012A,0x012A,0x0129,0x0129,0x0109,0x0109,0x0109,0x0109,
0x0109,0x0109,0x00E8,0x00E8,0x00E8,0x00E8,0x00E8,0x00E8,0x00E8,0x00E8,0x00C8,0x00C8,0x00C8,0x00C8,0x00C8,0x00C8,
0x00C7,0x00A7,0x00A7,0x00A7,0x00A7,0x00A7,0x00A7,0x00A7,0x00A7,0x0087,0x0087,0x0087,0x0087,0x0087,0x0087,0x0086,
0x0086,0x0086,0x0066,0x0066,0x0066,0x0066,0x0066,0x0066,0x0066,0x0066,0x0066,0x0066,0x0066,0x0045,0x0045,0x0045,
0x0045,0x0045,0x0045,0x0045,0x0045,0x0045,0x0045,0x0025,0x0025,0x0025,0x0024,0x0024,0x0024,0x0024,0x0024,0x0024,
0x0024,0x0024,0x0024,0x0024,0x0024,0x0024,0x0024,0x0024,0x0024,0x0024,0x0004,0x0004,0x0004,0x0004,0x0004,0x0004,
0x0004,0x0004,0x0004,0x0004,0x0004,0x0004,0x0004,0x0004,0x0004,0x0004,0x0004,0x0004,0x0004,0x0004,0x0004,0x0004,
0x096D,0x22B6,0x098F,0x08E6,0x08E7,0x1232,0x1A74,0x094A,0x0927,0x096B,0x1A73,0x09CE,0x0928,0x0908,0x09CF,0x1273,
0x096B,0x0949,0x094A,0x1231,0x1210,0x094A,0x094A,0x096D,0x096B,0x096A,0x096B,0x096B,0x096B,0x096B,0x098B,0x098B,
0x098B,0x098B,0x098B,0x098C,0x098C,0x09AC,0x09AC,0x09AC,0x09AC,0x09AC,0x09AC,0x09AC,0x09CC,0x09CC,0x09CC,0x09CC,
0x09CC,0x09CC,0x09CD,0x09CD,0x09ED,0x09ED,0x09ED,0x09ED,0x09ED,0x09ED,0x09ED,0x09ED,0x09ED,0x09ED,0x09ED,0x09ED,
0x09EE,0x0A0E,0x0A0E,0x0A0E,0x0A0E,0x0A0E,0x0A0E,0x0A0E,0x0A0E,0x0A0E,0x0A0E,0x0A0E,0x0A0E,0x0A0E,0x0A0E,0x0A0E,
0x0A0E,0x0A0E,0x0A0E,0x0A0D,0x0A0D,0x0A0E,0x0A0D,0x0A0D,0x0A0D,0x0A0D,0x0A0D,0x09ED,0x09ED,0x09ED,0x09ED,0x09ED,
0x09CD,0x09CD,0x09CD,0x09CD,0x09CD,0x09CD,0x01CD,0x09CD,0x09CD,0x09CC,0x09CC,0x01AC,0x09AC,0x01AC,0x01AC,0x01AC,
0x01AC,0x01AC,0x018C,0x018C,0x018B,0x018B,0x018B,0x018B,0x018B,0x016B,0x016B,0x016B,0x016B,0x016B,0x016A,0x014A,
0x014A,0x014A,0x014A,0x014A,0x014A,0x014A,0x012A,0x012A,0x012A,0x012A,0x012A,0x012A,0x0129,0x0129,0x0109,0x0109,
0x0109,0x0109,0x00E9,0x00E9,0x00E8,0x00E8,0x00E8,0x00E8,0x00E8,0x00E8,0x00E8,0x00E8,0x00C8,0x00C8,0x00C8,0x00C8,
0x00C7,0x00C7,0x00A7,0x00A7,0x00A7,0x00A7,0x00A7,0x00A7,0x00A7,0x00A7,0x0087,0x0087,0x0087,0x0087,0x0087,0x0086,
0x0086,0x0086,0x0086,0x0066,0x0066,0x0066,0x0066,0x0066,0x0066,0x0066,0x0066,0x0066,0x0066,0x0065,0x0045,0x0045,
0x0045,0x0045,0x0045,0x0045,0x0045,0x0045,0x0045,0x0045,0x0045,0x0025,0x0024,0x0024,0x0024,0x0024,0x0024,0x0024,
0x0024,0x0024,0x0024,0x0024,0x0024,0x0024,0x0024,0x0024,0x0024,0x0024,0x0004,0x0004,0x0004,0x0004,0x0004,0x0004,
0x0004,0x0004,0x0004,0x0004,0x0004,0x0004,0x0004,0x0004,0x0004,0x0004,0x0004,0x0004,0x0004,0x0004,0x0004,0x0004,
0x22B8,0x096D,0x08A5,0x08E9,0x1A53,0x1232,0x0908,0x1128,0x098C,0x1A94,0x11CF,0x1128,0x0928,0x11CE,0x1A73,0x094B,
0x0928,0x0929,0x1210,0x1231,0x094A,0x116A,0x014B,0x1A73,0x11CD,0x096A,0x096B,0x094B,0x098B,0x096B,0x098B,0x098B,
0x098B,0x098B,0x098B,0x098C,0x09AC,0x09AC,0x09AC,0x09AC,0x09AC,0x09AC,0x09CC,0x09CC,0x09CC,0x09CC,0x09CC,0x09CC,
0x09CD,0x09CD,0x09ED,0x09ED,0x09ED,0x09ED,0x09ED,0x09ED,0x09ED,0x09ED,0x09ED,0x09ED,0x09ED,0x09ED,0x09ED,0x0A0E,
0x0A0E,0x0A0E,0x0A0E,0x0A0E,0x0A0E,0x0A0E,0x0A0E,0x0A0E,0x0A0E,0x0A0E,0x0A0E,0x0A0E,0x0A0E,0x0A0E,0x0A0E,0x0A0E,
0x0A0E,0x0A0E,0x0A0E,0x0A0E,0x0A0E,0x0A0E,0x0A0E,0x0A0D,0x0A0D,0x0A0D,0x0A0D,0x0A0D,0x09ED,0x09ED,0x09ED,0x09ED,
0x09ED,0x09ED,0x09CD,0x09CD,0x09CD,0x09CD,0x09CD,0x09CD,0x09CD,0x09CD,0x09CC,0x09CC,0x09AC,0x09AC,0x01AC,0x01AC,
0x01AC,0x01AC,0x018C,0x018C,0x018C,0x018B,0x018B,0x018B,0x018B,0x018B,0x016B,0x016B,0x016B,0x016B,0x016A,0x016A,
0x014A,0x014A,0x014A,0x014A,0x014A,0x014A,0x014A,0x012A,0x012A,0x012A,0x012A,0x012A,0x0129,0x0129,0x0109,0x0109,
0x0109,0x0109,0x0109,0x0109,0x00E8,0x00E8,0x00E8,0x00E8,0x00E8,0x00E8,0x00E8,0x00E8,0x00C8,0x00C8,0x00C8,0x00C8,
0x00C7,0x00C7,0x00A7,0x00A7,0x00A7,0x00A7,0x00A7,0x00A7,0x00A7,0x00A7,0x0087,0x0087,0x0087,0x0087,0x0087,0x0086,
0x0086,0x0086,0x0086,0x0066,0x0066,0x0066,0x0066,0x0066,0x0066,0x0066,0x0066,0x0066,0x0066,0x0066,0x0045,0x0045,
0x0045,0x0045,0x0045,0x0045,0x0045,0x0045,0x0045,0x0045,0x0045,0x0025,0x0024,0x0024,0x0024,0x0024,0x0024,0x0024,
0x0024,0x0024,0x0024,0x0024,0x0024,0x0024,0x0024,0x0024,0x0024,0x0024,0x0004,0x0004,0x0004,0x0004,0x0004,0x0004,
0x0004,0x0004,0x0004,0x0004,0x0004,0x0004,0x0004,0x0004,0x0004,0x0004,0x0004,0x0004,0x0004,0x0004,0x0004,0x0004,
0x118C,0x0907,0x0909,0x2233,0x2253,0x08E7,0x10E7,0x114C,0x2294,0x11AE,0x1108,0x1109,0x11AE,0x1A52,0x116B,0x1128,
0x1129,0x11EF,0x1A51,0x114A,0x114A,0x014A,0x1251,0x120F,0x014A,0x094A,0x098C,0x1A72,0x096B,0x096B,0x098B,0x096A,
0x098B,0x098B,0x09AC,0x09AC,0x09AC,0x09AC,0x09AC,0x09AC,0x09AC,0x09CC,0x09CC,0x09CC,0x09CC,0x09CD,0x09ED,0x09ED,
0x09ED,0x09ED,0x09ED,0x09ED,0x09ED,0x09ED,0x09ED,0x09ED,0x09ED,0x09ED,0x09ED,0x09EE,0x09EE,0x0A0E,0x0A0E,0x0A0E,
0x0A0E,0x0A0E,0x0A0E,0x0A0E,0x0A0E,0x0A0E,0x0A0E,0x0A0E,0x0A0E,0x0A0E,0x0A0E,0x0A0E,0x0A0E,0x0A0E,0x0A0E,0x0A0E,
0x0A0E,0x0A0E,0x0A0E,0x0A0E,0x0A0E,0x0A0E,0x0A0E,0x0A0E,0x0A0E,0x0A0E,0x0A0E,0x0A0D,0x0A0D,0x0A0D,0x09ED,0x09ED,
0x09ED,0x09ED,0x09ED,0x09ED,0x01ED,0x09CD,0x09CD,0x09CD,0x09CD,0x09CD,0x09CD,0x09CD,0x09CC,0x01AC,0x09AC,0x09AC,
0x01AC,0x01AC,0x01AC,0x01AC,0x018C,0x018C,0x018C,0x018B,0x018B,0x018B,0x018B,0x016B,0x016B,0x016B,0x016B,0x016B,
0x016A,0x014A,0x014A,0x014A,0x014A,0x014A,0x012A,0x012A,0x014A,0x012A,0x012A,0x012A,0x012A,0x012A,0x010A,0x0109,
0x0109,0x0109,0x0109,0x0109,0x0109,0x0109,0x00E9,0x00E8,0x00E8,0x00E8,0x00E8,0x00E8,0x00E8,0x00C8,0x00C8,0x00C8,
0x00C8,0x00C7,0x00C7,0x00A7,0x00A7,0x00A7,0x00A7,0x00A7,0x00A7,0x00A7,0x00A7,0x0087,0x0087,0x0087,0x0087,0x0086,
0x0086,0x0086,0x0086,0x0066,0x0066,0x0066,0x0066,0x0066,0x0066,0x0066,0x0066,0x0066,0x0066,0x0066,0x0045,0x0045,
0x0045,0x0045,0x0045,0x0045,0x0045,0x0045,0x0045,0x0045,0x0045,0x0045,0x0024,0x0024,0x0024,0x0024,0x0024,0x0024,
0x0024,0x0024,0x0024,0x0024,0x0024,0x0024,0x0024,0x0024,0x0024,0x0024,0x0004,0x0004,0x0004,0x0004,0x0004,0x0004,
0x0004,0x0004,0x0004,0x0004,0x0004,0x0004,0x0004,0x0004,0x0004,0x0004,0x0004,0x0004,0x0004,0x0004,0x0004,0x0004,
0x08E8,0x10E7,0x19D0,0x2253,0x08E9,0x1108,0x092A,0x2294,0x11AE,0x10E8,0x10E8,0x118D,0x2293,0x096C,0x1149,0x0929,
0x11CE,0x1A93,0x116B,0x116A,0x0929,0x1210,0x1251,0x096A,0x116A,0x116A,0x1252,0x0A11,0x096A,0x096A,0x11CD,0x120F,
0x098B,0x098B,0x11AB,0x09AC,0x09AC,0x09AC,0x09AC,0x09CC,0x09CC,0x09CC,0x09CD,0x09CD,0x09CD,0x09CD,0x09ED,0x09ED,
0x09ED,0x09ED,0x09ED,0x09ED,0x09ED,0x09ED,0x0A0D,0x0A0D,0x0A0D,0x0A0D,0x09EE,0x09EE,0x0A0E,0x0A0E,0x0A0E,0x0A0E,
0x0A0E,0x0A0E,0x0A0E,0x0A0E,0x0A0E,0x0A0E,0x0A2E,0x0A2E,0x0A2E,0x0A2E,0x0A2E,0x0A2E,0x0A0E,0x0A0E,0x0A0E,0x0A0E,
0x0A0E,0x0A0E,0x0A0E,0x0A0E,0x0A0E,0x0A0E,0x0A0E,0x0A0E,0x0A0E,0x0A0E,0x0A0E,0x0A0E,0x0A0E,0x0A0E,0x0A0D,0x09ED,
0x09ED,0x09ED,0x09ED,0x09ED,0x09ED,0x09ED,0x09ED,0x09CD,0x09CD,0x09CD,0x09CD,0x09CD,0x09CC,0x09CC,0x09AC,0x09AC,
0x01AC,0x01AC,0x01AC,0x01AC,0x018C,0x018C,0x018C,0x018C,0x018B,0x018B,0x018B,0x018B,0x016B,0x016B,0x016B,0x016B,
0x016A,0x016A,0x014A,0x014A,0x014A,0x014A,0x012A,0x012A,0x014A,0x012A,0x012A,0x012A,0x012A,0x012A,0x010A,0x0129,
0x0109,0x0109,0x0109,0x0109,0x0109,0x0109,0x00E9,0x00E9,0x00E8,0x00E8,0x00E8,0x00E8,0x00E8,0x00E8,0x00C8,0x00C8,
0x00C8,0x00C7,0x00C7,0x00A7,0x00A7,0x00A7,0x00A7,0x00A7,0x00A7,0x00A7,0x00A7,0x00A7,0x0087,0x0087,0x0087,0x0086,
0x0086,0x0086,0x0086,0x0086,0x0066,0x0066,0x0066,0x0066,0x0066,0x0066,0x0066,0x0066,0x0066,0x0066,0x0045,0x0045,
0x0045,0x0045,0x0045,0x0045,0x0045,0x0045,0x0045,0x0045,0x0045,0x0045,0x0024,0x0024,0x0024,0x0024,0x0024,0x0024,
0x0024,0x0024,0x0024,0x0024,0x0024,0x0024,0x0024,0x0024,0x0024,0x0024,0x0004,0x0004,0x0004,0x0004,0x0004,0x0004,
0x0004,0x0004,0x0004,0x0004,0x0004,0x0004,0x0004,0x0004,0x0004,0x0004,0x0004,0x0004,0x0004,0x0004,0x0004,0x0004,
0x10E6,0x112B,0x2274,0x092B,0x1128,0x0909,0x2272,0x1A10,0x1108,0x1108,0x116C,0x2294,0x118D,0x1128,0x1149,0x11AD,
0x1A93,0x116B,0x1149,0x114A,0x11EF,0x1A93,0x096C,0x116A,0x1149,0x0A10,0x0A73,0x116A,0x118B,0x098B,0x0A32,0x1293,
0x098B,0x11AB,0x09AD,0x09AC,0x09AC,0x09AC,0x09CD,0x09CD,0x09CD,0x09CD,0x09CD,0x09CD,0x09ED,0x09ED,0x09ED,0x09ED,
0x09ED,0x09ED,0x09ED,0x09ED,0x09ED,0x09ED,0x0A0D,0x09EE,0x09EE,0x0A0E,0x0A0E,0x0A0E,0x0A0E,0x0A0E,0x0A0E,0x0A0E,
0x0A2E,0x0A0E,0x0A0E,0x0A0E,0x0A0E,0x0A0E,0x0A2E,0x0A2E,0x0A2E,0x0A2E,0x0A2E,0x0A2E,0x0A2E,0x0A2E,0x0A2E,0x0A2E,
0x0A2E,0x0A2E,0x0A2E,0x0A2E,0x0A2E,0x0A2E,0x0A2E,0x0A0E,0x0A0E,0x0A0E,0x0A0E,0x0A0E,0x0A0E,0x0A0E,0x0A0E,0x0A0E,
0x09EE,0x0A0E,0x09EE,0x01EE,0x09EE,0x09EE,0x01ED,0x09ED,0x01ED,0x01ED,0x09CD,0x09CD,0x09CD,0x09CC,0x09CC,0x01CC,
0x01AC,0x01AC,0x01AC,0x01AC,0x01AC,0x01AC,0x01AC,0x018C,0x018B,0x018B,0x018B,0x016B,0x018B,0x016B,0x016B,0x016B,
0x016B,0x016B,0x016A,0x014A,0x014A,0x014A,0x014A,0x012A,0x012A,0x012A,0x012A,0x012A,0x012A,0x012A,0x0129,0x012A,
0x0129,0x0109,0x0109,0x0109,0x0109,0x00E9,0x0109,0x0109,0x00E8,0x00E8,0x00E8,0x00E8,0x00E8,0x00E8,0x00C8,0x00C8,
0x00C8,0x00C7,0x00C7,0x00A7,0x00A7,0x00A7,0x00A7,0x00A7,0x00A7,0x00A7,0x00A7,0x00A7,0x00A7,0x0087,0x0087,0x0086,
0x0086,0x0086,0x0086,0x0086,0x0066,0x0066,0x0066,0x0066,0x0066,0x0066,0x0066,0x0066,0x0066,0x0066,0x0066,0x0045,
0x0045,0x0045,0x0045,0x0045,0x0045,0x0045,0x0045,0x0045,0x0045,0x0045,0x0024,0x0024,0x0024,0x0024,0x0024,0x0024,
0x0024,0x0024,0x0024,0x0024,0x0024,0x0024,0x0024,0x0024,0x0024,0x0024,0x0004,0x0004,0x0004,0x0004,0x0004,0x0004,
0x0004,0x0004,0x0004,0x0004,0x0004,0x0004,0x0004,0x0004,0x0004,0x0004,0x0004,0x0004,0x0004,0x0004,0x0004,0x0004,
0x08E6,0x1A32,0x19AE,0x1107,0x10E7,0x1A11,0x2252,0x0908,0x1128,0x094B,0x22B4,0x11CF,0x1128,0x1108,0x116C,0x22B4,
0x11AE,0x1149,0x1129,0x11AD,0x1A94,0x09AD,0x116A,0x1169,0x09CD,0x12B5,0x118B,0x118B,0x096B,0x0A10,0x1A92,0x096A,
0x11AB,0x096A,0x1A93,0x1A71,0x098B,0x09CC,0x09AC,0x09CC,0x09CD,0x09CD,0x09CD,0x09ED,0x09ED,0x09ED,0x09ED,0x09ED,
0x09ED,0x09ED,0x0A0D,0x0A0D,0x0A0D,0x0A0D,0x0A0D,0x0A0E,0x0A0E,0x0A0E,0x0A0E,0x0A0E,0x0A0E,0x0A0E,0x0A2E,0x0A2E,
0x0A2E,0x0A0E,0x0A0E,0x0A2F,0x0A2F,0x0A2F,0x0A2E,0x0A2E,0x0A2E,0x0A2E,0x0A2E,0x0A2E,0x0A2E,0x0A2E,0x0A2E,0x0A2E,
0x0A2E,0x0A2E,0x0A2E,0x0A2E,0x0A2E,0x0A2E,0x0A2E,0x0A2E,0x0A2E,0x0A2E,0x0A0E,0x0A0E,0x0A0E,0x0A0E,0x0A0E,0x0A0E,
0x0A0E,0x0A0E,0x0A0E,0x0A0E,0x09EE,0x09EE,0x01EE,0x09ED,0x09ED,0x09ED,0x09ED,0x01CD,0x09CD,0x09CD,0x09CD,0x09CC,
0x09AC,0x09AC,0x09AC,0x01AC,0x01AC,0x01AC,0x01AC,0x01AC,0x018C,0x018B,0x018B,0x018B,0x018B,0x018B,0x016B,0x016B,
0x016B,0x016B,0x016A,0x014A,0x014A,0x014A,0x014A,0x014A,0x012A,0x012A,0x012A,0x012A,0x012A,0x012A,0x012A,0x012A,
0x0109,0x0109,0x0109,0x0109,0x0109,0x0109,0x00E9,0x0109,0x00E8,0x00E8,0x00E8,0x00E8,0x00E8,0x00E8,0x00E8,0x00C8,
0x00C8,0x00C7,0x00C7,0x00A7,0x00A7,0x00A7,0x00A7,0x00A7,0x00A7,0x00A7,0x00A7,0x00A7,0x00A7,0x0087,0x0087,0x0086,
0x0086,0x0086,0x0086,0x0086,0x0066,0x0066,0x0066,0x0066,0x0066,0x0066,0x0066,0x0066,0x0066,0x0066,0x0066,0x0045,
0x0045,0x0045,0x0045,0x0045,0x0045,0x0045,0x0045,0x0045,0x0045,0x0045,0x0024,0x0024,0x0024,0x0024,0x0024,0x0024,
0x0024,0x0024,0x0024,0x0024,0x0024,0x0024,0x0024,0x0024,0x0024,0x0024,0x0004,0x0004,0x0004,0x0004,0x0004,0x0004,
0x0004,0x0004,0x0004,0x0004,0x0004,0x0004,0x0004,0x0004,0x0004,0x0004,0x0004,0x0004,0x0004,0x0004,0x0004,0x0004,
0x118D,0x2210,0x08E8,0x1907,0x118D,0x2293,0x092A,0x1928,0x0909,0x2293,0x1211,0x1108,0x1129,0x096B,0x1AB4,0x11CF,
0x1149,0x116A,0x118C,0x1A94,0x118D,0x1169,0x118A,0x096B,0x12D5,0x11AC,0x098A,0x09AC,0x11EE,0x22D4,0x09CD,0x09AB,
0x11AA,0x120E,0x1273,0x11EE,0x09AB,0x11CC,0x0A0F,0x09EE,0x11ED,0x09ED,0x09ED,0x09ED,0x09ED,0x09ED,0x09ED,0x09ED,
0x0A0D,0x0A0D,0x0A0D,0x0A0D,0x0A0D,0x0A0E,0x0A0E,0x0A0E,0x0A0E,0x0A0E,0x0A0E,0x0A0E,0x0A0E,0x0A2E,0x0A2E,0x0A2E,
0x0A0E,0x0A2F,0x0A2F,0x0A2F,0x0A2F,0x0A2F,0x0A2F,0x0A4F,0x0A4F,0x0A4F,0x0A4F,0x0A4F,0x0A4F,0x0A2F,0x0A2F,0x0A2F,
0x0A2F,0x0A2F,0x0A2F,0x0A2F,0x0A2F,0x0A2F,0x0A2F,0x0A2E,0x0A2E,0x0A2E,0x0A2E,0x0A2E,0x0A2E,0x0A0E,0x0A0E,0x0A0E,
0x0A0E,0x0A0E,0x0A0E,0x0A0E,0x0A0E,0x0A0E,0x0A0E,0x09ED,0x09ED,0x09ED,0x09ED,0x01ED,0x09CD,0x09CD,0x09CD,0x09CD,
0x09CC,0x09CC,0x09AC,0x09AC,0x09AC,0x01AC,0x01AC,0x01AC,0x01AC,0x018C,0x018C,0x018B,0x018B,0x018B,0x018B,0x016B,
0x016B,0x016B,0x016B,0x014A,0x014A,0x014A,0x014A,0x014A,0x014A,0x014A,0x012A,0x012A,0x012A,0x012A,0x012A,0x012A,
0x012A,0x0109,0x0109,0x0109,0x0109,0x0109,0x0109,0x0109,0x00E9,0x00E8,0x00E8,0x00E8,0x00E8,0x00E8,0x00E8,0x00C8,
0x00C8,0x00C7,0x00C7,0x00C7,0x00A7,0x00A7,0x00A7,0x00A7,0x00A7,0x00A7,0x00A7,0x00A7,0x00A7,0x0087,0x0087,0x0086,
0x0086,0x0086,0x0086,0x0086,0x0086,0x0066,0x0066,0x0066,0x0066,0x0066,0x0066,0x0066,0x0066,0x0066,0x0046,0x0045,
0x0045,0x0045,0x0045,0x0045,0x0045,0x0045,0x0045,0x0045,0x0045,0x0045,0x0024,0x0024,0x0024,0x0024,0x0024,0x0024,
0x0024,0x0024,0x0024,0x0024,0x0024,0x0024,0x0024,0x0024,0x0024,0x0024,0x0004,0x0004,0x0004,0x0004,0x0004,0x0004,
0x0004,0x0004,0x0004,0x0004,0x0004,0x0004,0x0004,0x0004,0x0004,0x0004,0x0004,0x0004,0x0004,0x0004,0x0004,0x0004,
0x19F0,0x198C,0x10E7,0x1109,0x2273,0x11CE,0x1107,0x1108,0x19EF,0x1A73,0x0929,0x1149,0x0929,0x1A73,0x1231,0x1129,
0x1149,0x094A,0x1AB4,0x1A31,0x1149,0x118A,0x096A,0x1294,0x1A30,0x1149,0x118A,0x11AB,0x1A93,0x1252,0x098B,0x11AB,
0x09AC,0x0AB6,0x1272,0x096A,0x11AC,0x098B,0x1317,0x0A51,0x11CB,0x09ED,0x09CC,0x09CC,0x11ED,0x09ED,0x09ED,0x0A0D,
0x0A0D,0x0A0D,0x0A0D,0x0A0D,0x120D,0x0A0E,0x0A2E,0x0A0E,0x0A0E,0x0A0E,0x122E,0x122E,0x122E,0x0A2E,0x0A2E,0x0A2E,
0x0A2F,0x0A2F,0x0A2F,0x0A2F,0x0A2F,0x0A2F,0x0A4F,0x0A4F,0x0A4F,0x0A4F,0x0A4F,0x0A4F,0x0A4F,0x0A4F,0x0A4F,0x0A2F,
0x0A2F,0x0A2F,0x0A2F,0x0A2F,0x0A2F,0x0A2F,0x0A4F,0x0A4E,0x0A2E,0x0A2E,0x0A2E,0x0A2E,0x0A2E,0x0A2E,0x0A2E,0x0A0E,
0x0A0E,0x0A0E,0x0A0E,0x0A0E,0x0A0E,0x0A0E,0x0A0E,0x09ED,0x09ED,0x09ED,0x09ED,0x09ED,0x09ED,0x09CD,0x09CD,0x09CD,
0x09CD,0x09CD,0x09AC,0x09CC,0x09CC,0x09AC,0x09AC,0x09AC,0x09AC,0x09AC,0x018C,0x018C,0x018B,0x018B,0x018B,0x018B,
0x016B,0x016B,0x016B,0x016B,0x016A,0x014A,0x014A,0x014A,0x014A,0x014A,0x014A,0x012A,0x012A,0x012A,0x012A,0x012A,
0x010A,0x0109,0x0109,0x0109,0x0109,0x0109,0x0109,0x0109,0x00E9,0x00E8,0x00E8,0x00E8,0x00E8,0x00E8,0x00E8,0x00C8,
0x00C8,0x00C8,0x00C7,0x00C7,0x00C7,0x00A7,0x00A7,0x00A7,0x00A7,0x00A7,0x00A7,0x00A7,0x00A7,0x0087,0x0087,0x0086,
0x0086,0x0086,0x0086,0x0086,0x0086,0x0066,0x0066,0x0066,0x0066,0x0066,0x0066,0x0066,0x0066,0x0066,0x0046,0x0045,
0x0045,0x0045,0x0045,0x0045,0x0045,0x0045,0x0045,0x0045,0x0045,0x0045,0x0024,0x0024,0x0024,0x0024,0x0024,0x0024,
0x0024,0x0024,0x0024,0x0024,0x0024,0x0024,0x0024,0x0024,0x0024,0x0024,0x0004,0x0004,0x0004,0x0004,0x0004,0x0004,
0x0004,0x0004,0x0004,0x0004,0x0004,0x0004,0x0004,0x0004,0x0004,0x0004,0x0004,0x0004,0x0004,0x0004,0x0004,0x0004,
0x21EF,0x112A,0x10E7,0x116D,0x2251,0x0929,0x1127,0x096B,0x22B3,0x094B,0x1928,0x0928,0x1A30,0x1A93,0x094A,0x114A,
0x094A,0x1A51,0x1A73,0x094A,0x11AC,0x094A,0x1251,0x1A72,0x094A,0x11AB,0x118C,0x1210,0x12B6,0x098B,0x11CB,0x096A,
0x1273,0x2292,0x098B,0x11CC,0x11AB,0x1AB2,0x1250,0x09CC,0x11EC,0x0A0D,0x1270,0x0A0E,0x09EC,0x09ED,0x0A0D,0x0A0D,
0x0A0D,0x0A0D,0x120E,0x120E,0x120E,0x122E,0x122E,0x122E,0x122E,0x122E,0x122E,0x122E,0x122E,0x0A2E,0x0A2E,0x0A2F,
0x122F,0x0A2F,0x0A2F,0x0A2F,0x0A4F,0x0A4F,0x0A4F,0x0A4F,0x0A4F,0x0A4F,0x0A4F,0x0A4F,0x0A4F,0x0A4F,0x0A4F,0x0A4F,
0x0A4F,0x0A4F,0x0A4F,0x0A4F,0x0A4F,0x0A4F,0x0A4F,0x0A4E,0x0A4E,0x0A4E,0x0A2E,0x0A2E,0x0A2E,0x0A2E,0x0A2E,0x0A2E,
0x0A0E,0x0A0E,0x0A0E,0x0A0E,0x0A0E,0x0A0E,0x0A0E,0x0A0E,0x09EE,0x09ED,0x09ED,0x09ED,0x09ED,0x09CD,0x09CD,0x09CD,
0x09CD,0x09CD,0x09CD,0x09AC,0x09AC,0x09CC,0x09CC,0x09AC,0x09AC,0x01AC,0x01AC,0x018C,0x018C,0x098B,0x018B,0x018B,
0x016B,0x096B,0x016B,0x016B,0x016B,0x014A,0x014A,0x014A,0x014A,0x014A,0x014A,0x014A,0x012A,0x012A,0x012A,0x012A,
0x012A,0x0109,0x0109,0x0109,0x0109,0x0109,0x0109,0x0109,0x0109,0x00E8,0x00E8,0x00E8,0x00E8,0x00E8,0x00E8,0x00C8,
0x00C8,0x00C8,0x00C7,0x00C7,0x00C7,0x00A7,0x00A7,0x00A7,0x00A7,0x00A7,0x00A7,0x00A7,0x00A7,0x0087,0x0087,0x0086,
0x0086,0x0086,0x0086,0x0086,0x0086,0x0066,0x0066,0x0066,0x0066,0x0066,0x0066,0x0066,0x0066,0x0066,0x0046,0x0046,
0x0045,0x0045,0x0045,0x0045,0x0045,0x0045,0x0045,0x0045,0x0045,0x0045,0x0024,0x0024,0x0024,0x0024,0x0024,0x0024,
0x0024,0x0024,0x0024,0x0024,0x0024,0x0024,0x0024,0x0024,0x0024,0x0024,0x0004,0x0004,0x0004,0x0004,0x0004,0x0004,
0x0004,0x0004,0x0004,0x0004,0x0004,0x0004,0x0004,0x0004,0x0004,0x0004,0x0004,0x0004,0x0004,0x0004,0x0004,0x0004,
0x19AC,0x10E8,0x1108,0x21F0,0x19AD,0x1128,0x1128,0x1A30,0x11EF,0x1128,0x1149,0x11AD,0x22B4,0x096B,0x116A,0x114A,
0x1A30,0x1AB5,0x114A,0x118B,0x114A,0x11EE,0x1AD5,0x116A,0x118B,0x118B,0x11EF,0x12F7,0x11AC,0x11AB,0x11AB,0x122F,
0x1AB2,0x11EE,0x11CC,0x11ED,0x09CD,0x0AD6,0x0A30,0x11CB,0x11EC,0x01EE,0x1B58,0x0A31,0x11EC,0x09EC,0x09ED,0x120D,
0x120D,0x120D,0x120D,0x120E,0x120D,0x120E,0x122E,0x122E,0x122E,0x122E,0x122E,0x122F,0x0A2F,0x122F,0x0A2F,0x0A4F,
0x124F,0x0A4F,0x0A4F,0x0A4F,0x0A4F,0x0A4F,0x0A4F,0x0A4F,0x0A4F,0x0A4F,0x0A4F,0x0A4F,0x0A4F,0x0A4F,0x0A4F,0x0A4F,
0x0A4F,0x0A4F,0x0A4F,0x0A4F,0x0A4F,0x0A4F,0x0A4F,0x0A4F,0x0A4F,0x0A4F,0x0A2F,0x0A2F,0x0A2F,0x0A2F,0x0A2F,0x0A2E,
0x0A2E,0x0A2E,0x0A2E,0x0A0E,0x0A0E,0x0A0E,0x0A0E,0x0A0E,0x0A0E,0x0A0D,0x0A0D,0x09ED,0x09ED,0x09ED,0x09ED,0x09ED,
0x09CD,0x09CD,0x09CD,0x09CD,0x09CC,0x09CC,0x09CC,0x09AC,0x09AC,0x09AC,0x09AC,0x01AC,0x018C,0x098C,0x018C,0x018B,
0x018B,0x096B,0x096B,0x016B,0x016B,0x014A,0x014A,0x014A,0x014A,0x014A,0x014A,0x014A,0x014A,0x012A,0x012A,0x012A,
0x012A,0x0109,0x0109,0x0109,0x0109,0x0109,0x0109,0x0109,0x0109,0x0108,0x00E8,0x00E8,0x00E8,0x00E8,0x00E8,0x00E8,
0x00E8,0x00C8,0x00C8,0x00C8,0x00C7,0x00A7,0x00A7,0x00A7,0x00A7,0x00A7,0x00A7,0x00A7,0x00A7,0x0087,0x0087,0x0086,
0x0086,0x0086,0x0086,0x0086,0x0086,0x0066,0x0066,0x0066,0x0066,0x0066,0x0066,0x0066,0x0066,0x0066,0x0066,0x0066,
0x0045,0x0045,0x0045,0x0045,0x0045,0x0045,0x0045,0x0045,0x0045,0x0045,0x0025,0x0025,0x0025,0x0025,0x0025,0x0025,
0x0024,0x0024,0x0024,0x0024,0x0024,0x0024,0x0024,0x0024,0x0024,0x0024,0x0004,0x0004,0x0004,0x0004,0x0004,0x0004,
0x0004,0x0004,0x0004,0x0004,0x0004,0x0004,0x0004,0x0004,0x0004,0x0004,0x0004,0x0004,0x0004,0x0004,0x0004,0x0004,
0x114A,0x1107,0x196C,0x2230,0x112A,0x1928,0x118C,0x2272,0x116B,0x1949,0x0929,0x2A92,0x19CE,0x1128,0x116A,0x11AD,
0x22D5,0x11AD,0x116A,0x19AB,0x11CD,0x22F4,0x11ED,0x118B,0x198B,0x118B,0x1AF5,0x1A0E,0x118B,0x19AB,0x11AB,0x1AB3,
0x1A71,0x098B,0x11CC,0x118A,0x1AF5,0x1230,0x11AB,0x11EC,0x11ED,0x22F3,0x122F,0x11ED,0x11EC,0x122E,0x1AB1,0x120E,
0x11ED,0x120D,0x120D,0x122E,0x120D,0x120E,0x122E,0x0A2F,0x0A2F,0x122F,0x124F,0x124F,0x124F,0x124F,0x124F,0x0A4F,
0x124F,0x0A4F,0x0A4F,0x0A4F,0x0A4F,0x0A4F,0x0A4F,0x0A4F,0x0A6F,0x0A6F,0x0A6F,0x0A6F,0x0A6F,0x0A6F,0x0A6F,0x0A4F,
0x0A4F,0x0A6F,0x0A6F,0x0A4F,0x0A4F,0x0A4F,0x0A4F,0x0A4F,0x0A4F,0x0A4F,0x0A4F,0x0A2F,0x0A2F,0x0A2F,0x0A2F,0x0A2F,
0x0A2F,0x0A2F,0x0A2E,0x0A2E,0x0A2E,0x0A0E,0x0A0E,0x0A0E,0x0A0E,0x0A0E,0x0A0E,0x0A0D,0x09ED,0x09ED,0x09ED,0x09ED,
0x09ED,0x09ED,0x09CD,0x09CD,0x09CC,0x09CC,0x09CC,0x09AC,0x09AC,0x09AC,0x09AC,0x01AC,0x09AC,0x098C,0x098C,0x098B,
0x098B,0x096B,0x096B,0x016B,0x096B,0x016B,0x016B,0x016B,0x014A,0x014A,0x014A,0x014A,0x014A,0x012A,0x012A,0x012A,
0x012A,0x0129,0x0109,0x0109,0x0109,0x0109,0x0109,0x0109,0x0109,0x0109,0x0109,0x00E9,0x00E8,0x00E8,0x00E8,0x00E8,
0x00E8,0x00C8,0x00C8,0x00C8,0x00C8,0x00C7,0x00A7,0x00A7,0x00A7,0x00A7,0x00A7,0x00A7,0x00A7,0x00A7,0x0087,0x0087,
0x0087,0x0086,0x0086,0x0086,0x0086,0x0086,0x0066,0x0066,0x0066,0x0066,0x0066,0x0066,0x0066,0x0066,0x0065,0x0065,
0x0045,0x0045,0x0045,0x0045,0x0045,0x0045,0x0045,0x0045,0x0045,0x0045,0x0025,0x0025,0x0025,0x0025,0x0025,0x0025,
0x0025,0x0025,0x0025,0x0025,0x0024,0x0024,0x0024,0x0024,0x0024,0x0024,0x0024,0x0004,0x0004,0x0004,0x0004,0x0004,
0x0004,0x0004,0x0004,0x0004,0x0004,0x0004,0x0004,0x0004,0x0004,0x0004,0x0004,0x0004,0x0004,0x0004,0x0004,0x0004,
0x1129,0x1108,0x21CE,0x21CE,0x1128,0x1108,0x2230,0x1A0F,0x1129,0x1128,0x19EF,0x2272,0x1149,0x196A,0x094A,0x2AB3,
0x1A10,0x1149,0x116A,0x096B,0x22B4,0x1A2F,0x116A,0x198A,0x118B,0x1AB3,0x1A50,0x118B,0x19CD,0x11AB,0x1272,0x22D3,
0x118B,0x19EC,0x19AB,0x1A70,0x1A70,0x11ED,0x11CC,0x11CC,0x09EF,0x1AF4,0x1230,0x11ED,0x11EC,0x0231,0x1B78,0x0A2F,
0x122E,0x120D,0x09ED,0x124F,0x120E,0x122E,0x122E,0x122F,0x122F,0x124F,0x124F,0x124F,0x124F,0x124F,0x124F,0x0A4F,
0x0A4F,0x0A4F,0x0A6F,0x0A6F,0x0A6F,0x0A6F,0x0A6F,0x0A6F,0x0A6F,0x0A6F,0x0A6F,0x0A6F,0x0A6F,0x0A6F,0x0A6F,0x0A50,
0x0A50,0x0A50,0x0A50,0x0A50,0x0A50,0x0A50,0x0A4F,0x0A4F,0x0A4F,0x0A4F,0x0A4F,0x0A4F,0x0A2F,0x0A2F,0x0A2F,0x0A2F,
0x0A2F,0x0A2F,0x0A2F,0x0A2E,0x0A2E,0x0A2E,0x0A2E,0x0A0E,0x0A2E,0x0A0E,0x0A0E,0x0A0D,0x09ED,0x09ED,0x09ED,0x09ED,
0x09ED,0x09ED,0x09CD,0x09CD,0x09CC,0x09CC,0x09CC,0x09CC,0x09AC,0x09AC,0x09AC,0x09AC,0x09AC,0x098C,0x098C,0x098B,
0x098B,0x096B,0x096B,0x016B,0x096B,0x016B,0x016B,0x016B,0x014A,0x014A,0x014A,0x014A,0x014A,0x014A,0x014A,0x012A,
0x012A,0x0129,0x0109,0x0109,0x0109,0x0109,0x0109,0x0109,0x0109,0x0109,0x0109,0x00E9,0x00E8,0x00E8,0x00E8,0x00E8,
0x00E8,0x00C8,0x00C8,0x00C8,0x00C8,0x00C7,0x00A7,0x00A7,0x00A7,0x00A7,0x00A7,0x00A7,0x00A7,0x00A7,0x00A7,0x0087,
0x0087,0x0086,0x0086,0x0086,0x0086,0x0086,0x0066,0x0066,0x0066,0x0066,0x0066,0x0066,0x0066,0x0066,0x0065,0x0065,
0x0065,0x0045,0x0045,0x0045,0x0045,0x0045,0x0045,0x0045,0x0045,0x0045,0x0025,0x0025,0x0025,0x0025,0x0025,0x0025,
0x0025,0x0025,0x0025,0x0025,0x0024,0x0024,0x0024,0x0024,0x0024,0x0024,0x0024,0x0004,0x0004,0x0004,0x0004,0x0004,
0x0004,0x0004,0x0004,0x0004,0x0004,0x0004,0x0004,0x0004,0x0004,0x0004,0x0004,0x0004,0x0004,0x0004,0x0004,0x0004,
0x1129,0x1929,0x220F,0x198C,0x1908,0x116B,0x2251,0x114B,0x1928,0x116B,0x2A92,0x118C,0x1149,0x116A,0x2251,0x2273,
0x116A,0x118B,0x094A,0x1A51,0x2293,0x116A,0x19AB,0x116A,0x1A50,0x22D4,0x11AC,0x19CC,0x11AC,0x120F,0x2315,0x11CC,
0x19CC,0x19CC,0x11AB,0x1317,0x1251,0x11CB,0x11ED,0x09EE,0x2377,0x09EE,0x11CC,0x1A0E,0x124F,0x1AF3,0x120D,0x122F,
0x124F,0x124F,0x1291,0x122E,0x122E,0x122E,0x122F,0x124F,0x124F,0x124F,0x124F,0x124F,0x124F,0x124F,0x126F,0x126F,
0x0A6F,0x0A6F,0x0A6F,0x126F,0x126F,0x126F,0x0A70,0x0A70,0x0A70,0x0A70,0x0A70,0x0A70,0x0A70,0x0A70,0x0A70,0x0A70,
0x0A70,0x0A70,0x0A70,0x0A50,0x0A50,0x0A50,0x0A50,0x0A50,0x0A4F,0x0A4F,0x0A4F,0x0A4F,0x0A4F,0x0A4F,0x0A4F,0x0A2F,
0x0A2F,0x0A2F,0x0A2F,0x0A2F,0x0A2E,0x0A2E,0x0A2E,0x0A0E,0x0A2E,0x0A2E,0x0A0E,0x0A0E,0x0A0D,0x09ED,0x09ED,0x09ED,
0x09ED,0x09ED,0x09ED,0x09CD,0x09CC,0x09CC,0x09CC,0x09AC,0x09AC,0x09AC,0x09AC,0x09AC,0x09AC,0x098C,0x098C,0x098B,
0x098B,0x098B,0x096B,0x096B,0x096B,0x016B,0x016B,0x016B,0x016A,0x014A,0x014A,0x014A,0x014A,0x014A,0x012A,0x012A,
0x012A,0x0129,0x0129,0x0109,0x0109,0x0109,0x0109,0x0109,0x0109,0x0109,0x0109,0x00E9,0x00E8,0x00E8,0x00E8,0x00E8,
0x00E8,0x00E8,0x00C8,0x00C8,0x00C8,0x00C7,0x00C7,0x00A7,0x00A7,0x00A7,0x00A7,0x00A7,0x00A7,0x00A7,0x00A7,0x0087,
0x0087,0x0087,0x0086,0x0086,0x0086,0x0086,0x0066,0x0066,0x0066,0x0066,0x0066,0x0066,0x0066,0x0066,0x0065,0x0065,
0x0065,0x0045,0x0045,0x0045,0x0045,0x0045,0x0045,0x0045,0x0045,0x0045,0x0025,0x0025,0x0025,0x0025,0x0025,0x0025,
0x0025,0x0025,0x0025,0x0025,0x0024,0x0024,0x0024,0x0024,0x0024,0x0024,0x0024,0x0024,0x0004,0x0004,0x0004,0x0004,
0x0004,0x0004,0x0004,0x0004,0x0004,0x0004,0x0004,0x0004,0x0004,0x0004,0x0004,0x0004,0x0004,0x0004,0x0004,0x0004,
0x1129,0x196B,0x220F,0x114A,0x1107,0x19EF,0x1A0F,0x1128,0x1149,0x2230,0x1A30,0x1149,0x196A,0x11AD,0x2AF4,0x118C,
0x1169,0x116A,0x1A0F,0x22D5,0x118B,0x198B,0x116A,0x11ED,0x2315,0x19CD,0x19AC,0x19CC,0x11AC,0x22F4,0x1A50,0x11AC,
0x19ED,0x118A,0x12F7,0x1A91,0x11AB,0x120D,0x11ED,0x1A90,0x1291,0x120E,0x1A0D,0x11EC,0x0A51,0x2376,0x122F,0x122F,
0x11EC,0x0A71,0x13B9,0x120E,0x122E,0x124F,0x122E,0x124F,0x124F,0x124F,0x124F,0x124F,0x126F,0x126F,0x126F,0x126F,
0x126F,0x126F,0x126F,0x1270,0x1270,0x1270,0x1270,0x1270,0x1270,0x1270,0x1270,0x1270,0x1270,0x1270,0x1270,0x1270,
0x1270,0x1270,0x1270,0x0A70,0x0A70,0x0A70,0x0A50,0x0A50,0x0A50,0x0A50,0x0A4F,0x0A4F,0x0A4F,0x0A4F,0x0A4F,0x0A4F,
0x0A4F,0x0A2F,0x0A2F,0x0A2F,0x0A2E,0x0A2E,0x0A2E,0x0A2E,0x0A0E,0x0A2E,0x0A0E,0x0A0E,0x0A0E,0x0A0D,0x09ED,0x09ED,
0x09ED,0x09ED,0x09ED,0x09CD,0x09CD,0x09CC,0x09CC,0x09CC,0x09CC,0x09AC,0x09AC,0x09AC,0x09AC,0x098C,0x098C,0x098C,
0x098B,0x098B,0x096B,0x096B,0x016B,0x096B,0x096B,0x016B,0x016A,0x014A,0x014A,0x014A,0x014A,0x014A,0x012A,0x012A,
0x012A,0x0129,0x0129,0x0109,0x0109,0x0109,0x0109,0x0109,0x0109,0x0109,0x0109,0x0109,0x00E8,0x00E8,0x00E8,0x00E8,
0x00E8,0x00E8,0x00C8,0x00C8,0x00C8,0x00C7,0x00C7,0x00A7,0x00A7,0x00A7,0x00A7,0x00A7,0x00A7,0x00A7,0x00A7,0x00A7,
0x0087,0x0086,0x0086,0x0086,0x0086,0x0086,0x0066,0x0066,0x0066,0x0066,0x0066,0x0066,0x0066,0x0066,0x0065,0x0065,
0x0065,0x0045,0x0045,0x0045,0x0045,0x0045,0x0045,0x0045,0x0045,0x0045,0x0025,0x0025,0x0025,0x0025,0x0025,0x0025,
0x0025,0x0025,0x0025,0x0025,0x0024,0x0024,0x0024,0x0024,0x0024,0x0024,0x0024,0x0024,0x0004,0x0004,0x0004,0x0004,
0x0004,0x0004,0x0004,0x0004,0x0004,0x0004,0x0004,0x0004,0x0004,0x0004,0x0004,0x0004,0x0004,0x0004,0x0004,0x0004,
0x1928,0x19AD,0x21CE,0x1928,0x1129,0x2230,0x19AC,0x1928,0x114A,0x2A71,0x19AD,0x1949,0x114A,0x2A92,0x1A31,0x1149,
0x198B,0x11AC,0x2AF5,0x19EE,0x116A,0x198A,0x118B,0x22F4,0x1A2F,0x116A,0x19CC,0x118B,0x22B3,0x1AB2,0x11AC,0x19EC,
0x11AB,0x1A72,0x22F4,0x11ED,0x19CC,0x11CC,0x09CD,0x2398,0x0A30,0x1A0D,0x1A2E,0x1271,0x2356,0x0A0E,0x120E,0x122E,
0x1A90,0x1AB2,0x120D,0x124E,0x122E,0x124F,0x1290,0x124F,0x124F,0x126F,0x126F,0x126F,0x126F,0x126F,0x1270,0x1270,
0x1270,0x1290,0x1290,0x1290,0x1290,0x1290,0x1290,0x1290,0x1290,0x1290,0x1290,0x1290,0x1290,0x1290,0x1290,0x1270,
0x1270,0x1270,0x1270,0x1270,0x1270,0x1270,0x1270,0x1270,0x0A70,0x0A70,0x0A70,0x0A50,0x0A4F,0x0A4F,0x0A4F,0x0A4F,
0x0A4F,0x0A4F,0x0A4F,0x0A4F,0x0A2F,0x0A2F,0x0A2F,0x0A2E,0x0A2E,0x0A2E,0x0A0E,0x0A0E,0x0A0E,0x0A0E,0x09ED,0x09ED,
0x0A0D,0x09ED,0x09ED,0x09ED,0x09CD,0x09CD,0x09CD,0x09CD,0x09CC,0x09CC,0x09CC,0x09AC,0x09AC,0x09AC,0x098C,0x098C,
0x098B,0x098B,0x096B,0x096B,0x096B,0x096B,0x096B,0x016B,0x016A,0x016A,0x014A,0x014A,0x014A,0x014A,0x014A,0x012A,
0x012A,0x0129,0x0129,0x0109,0x0109,0x0109,0x0109,0x0109,0x0109,0x0109,0x0109,0x0109,0x00E9,0x00E8,0x00E8,0x00E8,
0x00E8,0x00C8,0x00C8,0x00C8,0x00C8,0x00C7,0x00C7,0x00A7,0x00A7,0x00A7,0x00A7,0x00A7,0x00A7,0x00A7,0x00A7,0x00A7,
0x0087,0x0086,0x0086,0x0086,0x0086,0x0086,0x0086,0x0066,0x0066,0x0066,0x0066,0x0066,0x0066,0x0066,0x0066,0x0065,
0x0065,0x0045,0x0045,0x0045,0x0045,0x0045,0x0045,0x0045,0x0045,0x0045,0x0025,0x0025,0x0025,0x0025,0x0025,0x0025,
0x0025,0x0025,0x0025,0x0025,0x0024,0x0024,0x0024,0x0024,0x0024,0x0024,0x0024,0x0024,0x0004,0x0004,0x0004,0x0004,
0x0004,0x0004,0x0004,0x0004,0x0004,0x0004,0x0004,0x0004,0x0004,0x0004,0x0004,0x0004,0x0004,0x0004,0x0004,0x0004,
0x1949,0x29EE,0x198B,0x1928,0x118C,0x2250,0x198B,0x1108,0x19EE,0x2251,0x1149,0x1949,0x11AD,0x2AB3,0x116B,0x196A,
0x116A,0x2292,0x2272,0x1149,0x198A,0x1169,0x22B3,0x22B2,0x116A,0x19AB,0x11AB,0x1A4F,0x2315,0x11CD,0x19CC,0x19CC,
0x19ED,0x22F5,0x1A70,0x11AC,0x19EC,0x11CC,0x2356,0x0A50,0x19EC,0x122E,0x122E,0x1271,0x22F3,0x122E,0x122E,0x120D,
0x0AD4,0x1B99,0x120D,0x124F,0x120E,0x12F3,0x0C1A,0x122E,0x124F,0x126F,0x126F,0x126F,0x126F,0x126F,0x1270,0x1290,
0x1290,0x1290,0x1290,0x1290,0x1290,0x1290,0x1290,0x1290,0x1290,0x1290,0x1290,0x1290,0x1290,0x1290,0x1290,0x1270,
0x1270,0x1270,0x1270,0x1270,0x1270,0x1270,0x1270,0x1270,0x1270,0x1270,0x0A70,0x0A50,0x0A50,0x0A4F,0x0A4F,0x0A4F,
0x0A4F,0x0A4F,0x0A4F,0x0A4F,0x0A2F,0x0A2F,0x0A2F,0x0A2E,0x0A2E,0x0A2E,0x0A2E,0x0A0E,0x0A0E,0x0A0E,0x0A0E,0x0A0E,
0x09ED,0x09ED,0x09ED,0x09ED,0x09CD,0x09CD,0x09CD,0x09CD,0x09CC,0x09CC,0x09CC,0x09AC,0x09AC,0x09AC,0x098C,0x098C,
0x098C,0x098B,0x098B,0x096B,0x096B,0x016B,0x016B,0x096B,0x016A,0x016A,0x016A,0x014A,0x014A,0x014A,0x014A,0x012A,
0x012A,0x012A,0x0129,0x0129,0x0109,0x0109,0x0109,0x0109,0x0109,0x0109,0x0109,0x0109,0x00E8,0x00E8,0x00E8,0x00E8,
0x00E8,0x00C8,0x00C8,0x00C8,0x00C8,0x00C8,0x00C7,0x00A7,0x00A7,0x00A7,0x00A7,0x00A7,0x00A7,0x00A7,0x00A7,0x00A7,
0x0087,0x0086,0x0086,0x0086,0x0086,0x0086,0x0086,0x0066,0x0066,0x0066,0x0066,0x0066,0x0066,0x0066,0x0066,0x0065,
0x0065,0x0045,0x0045,0x0045,0x0045,0x0045,0x0045,0x0045,0x0045,0x0045,0x0025,0x0025,0x0025,0x0025,0x0025,0x0025,
0x0025,0x0025,0x0025,0x0025,0x0024,0x0024,0x0024,0x0024,0x0024,0x0024,0x0024,0x0024,0x0004,0x0004,0x0004,0x0004,
0x0004,0x0004,0x0004,0x0004,0x0004,0x0004,0x0004,0x0004,0x0004,0x0004,0x0004,0x0004,0x0004,0x0004,0x0004,0x0004,
0x1949,0x29ED,0x196B,0x1949,0x220F,0x21EE,0x1949,0x1929,0x2A30,0x19CE,0x1949,0x114A,0x2A71,0x1A10,0x196A,0x196A,
0x19EE,0x2AF6,0x118B,0x198B,0x116A,0x1A0E,0x2B36,0x11AB,0x19AB,0x19AA,0x19CD,0x2336,0x1A2F,0x11AC,0x19EC,0x118B,
0x1AD4,0x1AD4,0x09AC,0x19ED,0x19CC,0x1A4F,0x1B14,0x122F,0x1A0D,0x11ED,0x0A72,0x23D9,0x0A0E,0x1A2E,0x1A2D,0x1A90,
0x1AF3,0x120D,0x122E,0x124E,0x122E,0x1A6F,0x126F,0x124F,0x124F,0x126F,0x1270,0x126F,0x126F,0x126F,0x1290,0x1290,
0x1290,0x1290,0x1290,0x1290,0x1290,0x1290,0x1290,0x1290,0x1290,0x1290,0x1290,0x1290,0x1290,0x1290,0x1290,0x1290,
0x1290,0x1290,0x1290,0x1290,0x1290,0x1290,0x1290,0x1290,0x0A70,0x0A70,0x0A70,0x1270,0x0A70,0x0A70,0x0A50,0x0A6F,
0x0A4F,0x0A4F,0x0A4F,0x0A4F,0x0A4F,0x0A4F,0x0A2F,0x0A2E,0x0A2E,0x0A2E,0x0A2E,0x0A0E,0x0A0E,0x0A0E,0x0A0E,0x0A0E,
0x0A0E,0x0A0D,0x09ED,0x09ED,0x09ED,0x09CD,0x09CD,0x09CD,0x09CC,0x09CC,0x09CC,0x09AC,0x09AC,0x09AC,0x09AC,0x09AC,
0x098C,0x098B,0x098B,0x096B,0x098B,0x096B,0x096B,0x016B,0x096B,0x016A,0x016A,0x014A,0x014A,0x014A,0x014A,0x014A,
0x012A,0x012A,0x0129,0x0129,0x0109,0x0109,0x0109,0x0109,0x0109,0x0109,0x0109,0x0109,0x00E9,0x00E8,0x00E8,0x00E8,
0x00E8,0x00E8,0x00C8,0x00C8,0x00C8,0x00C8,0x00C7,0x00A7,0x00A7,0x00A7,0x00A7,0x00A7,0x00A7,0x00A7,0x00A7,0x00A7,
0x0087,0x0086,0x0086,0x0086,0x0086,0x0086,0x0086,0x0086,0x0086,0x0066,0x0066,0x0066,0x0066,0x0066,0x0066,0x0066,
0x0065,0x0065,0x0045,0x0045,0x0045,0x0045,0x0045,0x0045,0x0045,0x0045,0x0025,0x0025,0x0025,0x0025,0x0025,0x0025,
0x0025,0x0025,0x0025,0x0025,0x0024,0x0024,0x0024,0x0024,0x0024,0x0024,0x0024,0x0024,0x0004,0x0004,0x0004,0x0004,
0x0004,0x0004,0x0004,0x0004,0x0004,0x0004,0x0004,0x0004,0x0004,0x0004,0x0004,0x0004,0x0004,0x0004,0x0004,0x0004,
0x19AD,0x29CE,0x1108,0x1928,0x2A30,0x19AC,0x1928,0x198C,0x2A51,0x198C,0x1948,0x19AD,0x2AB3,0x198B,0x198A,0x116B,
0x2AF4,0x1A0F,0x196A,0x19AB,0x19CD,0x2336,0x1A0E,0x198B,0x19CC,0x11AB,0x22F4,0x22B2,0x11AC,0x19ED,0x11AB,0x1272,
0x2336,0x09CD,0x1A0C,0x19ED,0x11CD,0x1B99,0x0A30,0x19CC,0x1A0D,0x122F,0x1AB2,0x1A90,0x1A2E,0x124F,0x120D,0x1292,
0x23B9,0x1A2E,0x1A4F,0x122E,0x1B34,0x141B,0x122D,0x1A6F,0x124E,0x1B75,0x0C5C,0x124F,0x126F,0x1290,0x1290,0x1290,
0x1290,0x1290,0x1290,0x1290,0x1290,0x1290,0x1290,0x1290,0x1290,0x1290,0x1290,0x1290,0x1290,0x1290,0x1290,0x1290,
0x1290,0x1290,0x1290,0x1290,0x1290,0x1290,0x1290,0x1290,0x1290,0x1290,0x0A70,0x0A70,0x1270,0x0A70,0x0A70,0x0A6F,
0x0A4F,0x0A4F,0x0A4F,0x0A4F,0x0A4F,0x0A4F,0x0A4F,0x0A2F,0x0A2F,0x0A2E,0x0A2E,0x0A2E,0x0A0E,0x0A0E,0x0A0E,0x0A0E,
0x0A0E,0x0A0E,0x09ED,0x09ED,0x09ED,0x09ED,0x09ED,0x09CD,0x09CD,0x09CC,0x09CC,0x09CC,0x09AC,0x09AC,0x09AC,0x09AC,
0x098C,0x098C,0x098B,0x018B,0x098B,0x096B,0x096B,0x016B,0x096B,0x096A,0x016A,0x016A,0x014A,0x014A,0x014A,0x014A,
0x012A,0x012A,0x012A,0x0129,0x0129,0x0109,0x0109,0x0109,0x0109,0x0109,0x0109,0x0109,0x0109,0x00E9,0x00E8,0x00E8,
0x00E8,0x00E8,0x00C8,0x00C8,0x00C8,0x00C8,0x00C7,0x00A7,0x00A7,0x00A7,0x00A7,0x00A7,0x00A7,0x00A7,0x00A7,0x00A7,
0x0087,0x0086,0x0086,0x0086,0x0086,0x0086,0x0086,0x0086,0x0086,0x0066,0x0066,0x0066,0x0066,0x0066,0x0066,0x0066,
0x0065,0x0065,0x0045,0x0045,0x0045,0x0045,0x0045,0x0045,0x0045,0x0045,0x0025,0x0025,0x0025,0x0025,0x0025,0x0025,
0x0025,0x0025,0x0025,0x0025,0x0024,0x0024,0x0024,0x0024,0x0024,0x0024,0x0024,0x0024,0x0004,0x0004,0x0004,0x0004,
0x0004,0x0004,0x0004,0x0004,0x0004,0x0004,0x0004,0x0004,0x0004,0x0004,0x0004,0x0004,0x0004,0x0004,0x0004,0x0004,
0x21AC,0x218B,0x1927,0x196B,0x2A50,0x196A,0x1928,0x21EF,0x220F,0x1949,0x1949,0x2A50,0x2251,0x196A,0x196A,0x2250,
0x2AD5,0x1969,0x21AB,0x198B,0x2AB3,0x22B2,0x118A,0x19EC,0x11AB,0x2291,0x2316,0x19CC,0x19CC,0x19ED,0x122E,0x2355,
0x122E,0x1A0C,0x1A0D,0x11CB,0x2336,0x1AB2,0x19EC,0x1A2E,0x1A0D,0x0A71,0x2BD9,0x0A0E,0x1A2D,0x1A2E,0x1AD3,0x1B15,
0x120D,0x124E,0x1A4E,0x1A6F,0x1A90,0x1A90,0x1A4E,0x1A6E,0x124E,0x1AB0,0x1312,0x126F,0x1A8F,0x126F,0x126F,0x1290,
0x1290,0x1290,0x1290,0x12B0,0x12B0,0x12B0,0x12B0,0x12B0,0x12B1,0x12B1,0x12B1,0x12B0,0x12B0,0x12B0,0x12B1,0x12B1,
0x12B1,0x1291,0x1291,0x12B1,0x12B1,0x12B1,0x1291,0x1291,0x1290,0x1290,0x0A70,0x0A70,0x0A70,0x1270,0x0A70,0x0A70,
0x0A70,0x0A6F,0x0A4F,0x0A4F,0x0A4F,0x0A4F,0x0A4F,0x0A2F,0x0A2F,0x0A2E,0x0A2E,0x0A2E,0x0A0E,0x0A0E,0x0A0E,0x0A0E,
0x0A0E,0x0A0E,0x09ED,0x09ED,0x09ED,0x09ED,0x09ED,0x09CD,0x09CD,0x09CC,0x09CC,0x09CC,0x09CC,0x09AC,0x09AC,0x09AC,
0x09AC,0x098C,0x098C,0x098B,0x098B,0x098B,0x098B,0x096B,0x096B,0x016B,0x096A,0x016A,0x014A,0x014A,0x014A,0x014A,
0x014A,0x012A,0x012A,0x0129,0x0129,0x0109,0x0109,0x0109,0x0109,0x0109,0x0109,0x0109,0x0109,0x00E9,0x00E8,0x00E8,
0x00E8,0x00E8,0x00E8,0x00C8,0x00C8,0x00C8,0x00C8,0x00A7,0x00A7,0x00A7,0x00A7,0x00A7,0x00A7,0x00A7,0x00A7,0x00A7,
0x00A7,0x00A7,0x0087,0x0087,0x0087,0x0086,0x0087,0x0086,0x0086,0x0086,0x0086,0x0066,0x0066,0x0066,0x0066,0x0066,
0x0065,0x0065,0x0045,0x0045,0x0045,0x0045,0x0045,0x0045,0x0045,0x0045,0x0025,0x0025,0x0025,0x0025,0x0025,0x0025,
0x0025,0x0025,0x0025,0x0025,0x0024,0x0024,0x0024,0x0024,0x0024,0x0024,0x0024,0x0024,0x0024,0x0004,0x0004,0x0004,
0x0004,0x0004,0x0004,0x0004,0x0004,0x0004,0x0004,0x0004,0x0004,0x0004,0x0004,0x0004,0x0004,0x0004,0x0004,0x0004,
0x2A30,0x218B,0x1927,0x21AC,0x29ED,0x1949,0x196A,0x2A50,0x21CC,0x1948,0x198B,0x3292,0x19CD,0x2169,0x198B,0x32F4,
0x19EE,0x198B,0x198B,0x220E,0x2AF6,0x19CC,0x19CB,0x19AB,0x1A0E,0x2B79,0x1A0F,0x19AB,0x19AB,0x19EC,0x2335,0x22B1,
0x19EC,0x1A0D,0x19EC,0x1A70,0x2B13,0x1A4E,0x1A0D,0x1A2D,0x1271,0x2376,0x0A2F,0x1A4E,0x1A4F,0x1A0D,0x1AD2,0x2376,
0x1A2D,0x1A6F,0x120D,0x1B55,0x1C19,0x1A2D,0x1A6E,0x126E,0x1B74,0x13F8,0x124E,0x1AB0,0x1290,0x1333,0x1417,0x1290,
0x1290,0x12B0,0x12B0,0x12B0,0x12B0,0x12B0,0x12B1,0x12B1,0x12B1,0x12B1,0x12B1,0x12B1,0x12B1,0x12B1,0x12B1,0x12B1,
0x12B1,0x12B1,0x12B1,0x12B1,0x12B1,0x12B1,0x1291,0x1291,0x1291,0x1290,0x1290,0x0A70,0x1290,0x0A70,0x1270,0x1270,
0x1270,0x0A70,0x0A6F,0x0A4F,0x0A4F,0x0A4F,0x0A4F,0x0A4F,0x0A4F,0x0A2F,0x0A2F,0x0A2E,0x0A2E,0x0A0E,0x0A0E,0x0A0E,
0x0A0E,0x0A0E,0x09ED,0x09ED,0x09ED,0x09ED,0x09ED,0x09ED,0x09CD,0x09CD,0x09CD,0x09CC,0x09CC,0x09AC,0x09AC,0x09AC,
0x09AC,0x09AC,0x098C,0x098B,0x098B,0x018B,0x098B,0x096B,0x096B,0x016B,0x016B,0x016A,0x016A,0x014A,0x014A,0x014A,
0x014A,0x012A,0x012A,0x012A,0x0129,0x0129,0x0109,0x0109,0x0109,0x0109,0x0109,0x0109,0x0109,0x0109,0x00E8,0x00E8,
0x00E8,0x00E8,0x00E8,0x00C8,0x00C8,0x00C8,0x00C8,0x00C8,0x00A7,0x00A7,0x00A7,0x00A7,0x00A7,0x00A7,0x00A7,0x00A7,
0x00A7,0x00A7,0x0087,0x0087,0x0087,0x0087,0x0087,0x0087,0x0086,0x0086,0x0086,0x0066,0x0066,0x0066,0x0066,0x0066,
0x0065,0x0065,0x0045,0x0045,0x0045,0x0045,0x0045,0x0045,0x0045,0x0045,0x0045,0x0025,0x0025,0x0025,0x0025,0x0025,
0x0025,0x0025,0x0025,0x0025,0x0024,0x0024,0x0024,0x0024,0x0024,0x0024,0x0024,0x0024,0x0024,0x0004,0x0004,0x0004,
0x0004,0x0004,0x0004,0x0004,0x0004,0x0004,0x0004,0x0004,0x0004,0x0004,0x0004,0x0004,0x0004,0x0004,0x0004,0x0004,
0x21AC,0x1929,0x18E7,0x21CD,0x21CD,0x2149,0x218B,0x3250,0x198B,0x2148,0x220F,0x2A72,0x1969,0x1969,0x222F,0x2AD4,
0x196A,0x218A,0x19AC,0x3336,0x222F,0x118A,0x19CC,0x19CC,0x2B57,0x2291,0x19AB,0x21EC,0x19AB,0x1A70,0x2B34,0x11CC,
0x1A0C,0x1A0D,0x19CB,0x2377,0x1AB2,0x11EC,0x1A4E,0x1A2D,0x1A70,0x2B33,0x1A4F,0x1A4E,0x1A0C,0x12F3,0x1B77,0x09CC,
0x1A4F,0x1A4E,0x1A4E,0x1AB1,0x1A91,0x1A6E,0x1A6E,0x124E,0x1AD1,0x1B95,0x128F,0x1AB0,0x126F,0x1AF2,0x1BF6,0x1290,
0x1290,0x1290,0x1290,0x12B0,0x12B1,0x12B1,0x12B1,0x12B1,0x12B1,0x12B1,0x12B1,0x12B1,0x12B1,0x12B1,0x12B1,0x12B1,
0x12B1,0x12B1,0x12B1,0x12B1,0x12B1,0x12B1,0x12B1,0x12B1,0x1291,0x1291,0x1291,0x1290,0x1290,0x0A70,0x1270,0x1270,
0x1270,0x1270,0x0A70,0x0A6F,0x0A4F,0x0A4F,0x0A4F,0x0A4F,0x0A4F,0x0A2F,0x0A2F,0x0A2E,0x0A2E,0x0A2E,0x0A0E,0x0A0E,
0x0A0E,0x0A0E,0x0A0E,0x09ED,0x09ED,0x09ED,0x09ED,0x09ED,0x09CD,0x09CD,0x09CD,0x09CC,0x09CC,0x09CC,0x09AC,0x09AC,
0x09AC,0x09AC,0x098C,0x098C,0x098B,0x018B,0x018B,0x016B,0x096B,0x096B,0x016B,0x016B,0x016A,0x014A,0x014A,0x014A,
0x014A,0x012A,0x012A,0x012A,0x0129,0x0129,0x0129,0x0129,0x0109,0x0109,0x0109,0x0109,0x0109,0x0109,0x00E9,0x00E8,
0x00E8,0x00E8,0x00E8,0x00C8,0x00C8,0x00C8,0x00C8,0x00C8,0x00A7,0x00A7,0x00A7,0x00A7,0x00A7,0x00A7,0x00A7,0x00A7,
0x00A7,0x00A7,0x0087,0x0087,0x0087,0x0087,0x0087,0x0087,0x0086,0x0086,0x0086,0x0066,0x0066,0x0066,0x0066,0x0066,
0x0065,0x0065,0x0045,0x0045,0x0045,0x0045,0x0045,0x0045,0x0045,0x0045,0x0045,0x0045,0x0045,0x0045,0x0025,0x0025,
0x0025,0x0025,0x0025,0x0025,0x0024,0x0024,0x0024,0x0024,0x0024,0x0024,0x0024,0x0024,0x0024,0x0004,0x0004,0x0004,
0x0004,0x0004,0x0004,0x0004,0x0004,0x0004,0x0004,0x0004,0x0004,0x0004,0x0004,0x0004,0x0004,0x0004,0x0004,0x0004,
0x31ED,0x1928,0x216A,0x29EE,0x196A,0x2147,0x21EE,0x2230,0x2169,0x198B,0x3292,0x220F,0x2168,0x198B,0x32B2,0x2210,
0x2189,0x198B,0x2A71,0x2AF5,0x198A,0x21EC,0x11AB,0x2AF3,0x2B16,0x19AB,0x19CC,0x19CC,0x222F,0x2B77,0x1A2E,0x19EC,
0x1A2D,0x19AA,0x1B36,0x2314,0x11CC,0x1A2D,0x1A0D,0x122F,0x2BD8,0x0A2F,0x1A2D,0x1A6F,0x1A2D,0x1AB1,0x2313,0x1A4E,
0x1A6F,0x120D,0x1B55,0x1BFA,0x1A2D,0x1A8F,0x1A6F,0x1B54,0x1396,0x124E,0x1AB0,0x1290,0x1B12,0x1334,0x0A70,0x12B0,
0x1290,0x1312,0x1395,0x12B1,0x12B0,0x12B1,0x12B1,0x12B1,0x12D1,0x12D1,0x12D1,0x12D1,0x12B1,0x12D1,0x12D1,0x12D1,
0x12D1,0x12D1,0x12D1,0x12B1,0x12B1,0x12B1,0x12B1,0x12B1,0x12B1,0x12B1,0x1291,0x1291,0x1290,0x1290,0x1290,0x1270,
0x1270,0x1270,0x1270,0x0A70,0x0A6F,0x0A6F,0x0A4F,0x0A4F,0x0A4F,0x0A4F,0x0A4F,0x0A2F,0x0A2F,0x0A2E,0x0A2E,0x0A2E,
0x0A0E,0x0A0E,0x0A0E,0x0A0E,0x09ED,0x09ED,0x09ED,0x09ED,0x09ED,0x09CD,0x09CD,0x09CD,0x09CC,0x09CC,0x09AC,0x09AC,
0x09AC,0x09AC,0x09AC,0x098C,0x098B,0x098B,0x098B,0x018B,0x098B,0x096B,0x016B,0x016B,0x016A,0x016A,0x016A,0x014A,
0x014A,0x014A,0x012A,0x012A,0x012A,0x0129,0x0129,0x0129,0x0109,0x0109,0x0109,0x0109,0x0109,0x0109,0x0109,0x00E8,
0x00E8,0x00E8,0x00E8,0x00C8,0x00C8,0x00C8,0x00C8,0x00C8,0x00C8,0x00A7,0x00A7,0x00A7,0x00A7,0x00A7,0x00A7,0x00A7,
0x00A7,0x00A7,0x0087,0x0087,0x0087,0x0087,0x0087,0x0087,0x0086,0x0086,0x0086,0x0066,0x0066,0x0066,0x0066,0x0066,
0x0065,0x0065,0x0065,0x0045,0x0045,0x0045,0x0045,0x0045,0x0045,0x0045,0x0045,0x0045,0x0045,0x0045,0x0025,0x0025,
0x0025,0x0025,0x0025,0x0025,0x0024,0x0024,0x0024,0x0024,0x0024,0x0024,0x0024,0x0024,0x0024,0x0004,0x0004,0x0004,
0x0004,0x0004,0x0004,0x0004,0x0004,0x0004,0x0004,0x0004,0x0004,0x0004,0x0004,0x0004,0x0004,0x0004,0x0004,0x0004,
0x1949,0x2149,0x1949,0x320E,0x218B,0x2149,0x29ED,0x21CD,0x2169,0x21AC,0x3292,0x21CC,0x2169,0x21EE,0x2AD4,0x21AB,
0x21AA,0x21AC,0x3316,0x21ED,0x218A,0x19AA,0x222F,0x3378,0x19CC,0x19CC,0x19CC,0x19CC,0x2B36,0x2291,0x19CC,0x222D,
0x19CB,0x1A92,0x2B56,0x1A2E,0x220D,0x1A2D,0x120E,0x2356,0x1291,0x1A0D,0x1A4E,0x1A0C,0x12F4,0x23F9,0x120E,0x1A6F,
0x1A2D,0x1A6F,0x1AB2,0x1AB1,0x1A6F,0x1A90,0x124E,0x2333,0x1BD7,0x1A6F,0x1AB0,0x126F,0x2395,0x2459,0x1290,0x1AB1,
0x1290,0x1B95,0x249A,0x12B1,0x1AB1,0x12B1,0x12B1,0x12B1,0x12D1,0x12D1,0x12D1,0x12D1,0x12D1,0x12D1,0x12D1,0x12D1,
0x12D1,0x12D1,0x12D1,0x12D1,0x12D1,0x12D1,0x12B1,0x12B1,0x12B1,0x12B1,0x12B1,0x1291,0x1291,0x1290,0x1290,0x1290,
0x1290,0x1270,0x1270,0x1270,0x0A50,0x0A50,0x0A6F,0x0A4F,0x0A4F,0x0A4F,0x0A4F,0x0A2F,0x0A2F,0x0A2F,0x0A2E,0x0A2E,
0x0A0E,0x0A0E,0x0A0E,0x0A0E,0x09ED,0x09ED,0x09ED,0x09ED,0x09ED,0x09CD,0x09CD,0x09CD,0x09CC,0x09CC,0x09CC,0x09AC,
0x09AC,0x09AC,0x09AC,0x098C,0x098B,0x098B,0x098B,0x098B,0x098B,0x096B,0x096B,0x016B,0x016A,0x016A,0x014A,0x014A,
0x014A,0x014A,0x014A,0x012A,0x012A,0x0129,0x0129,0x0129,0x0109,0x0109,0x0109,0x0109,0x0109,0x0109,0x0109,0x00E8,
0x00E8,0x00E8,0x00E8,0x00C8,0x00C8,0x00C8,0x00C8,0x00C8,0x00C8,0x00A7,0x00A7,0x00A7,0x00A7,0x00A7,0x00A7,0x00A7,
0x00A7,0x00A7,0x0087,0x0087,0x0087,0x0087,0x0087,0x0087,0x0086,0x0086,0x0086,0x0066,0x0066,0x0066,0x0066,0x0066,
0x0065,0x0065,0x0065,0x0045,0x0045,0x0045,0x0045,0x0045,0x0045,0x0045,0x0045,0x0045,0x0045,0x0045,0x0025,0x0025,
0x0025,0x0025,0x0025,0x0025,0x0024,0x0024,0x0024,0x0024,0x0024,0x0024,0x0024,0x0024,0x0024,0x0004,0x0004,0x0004,
0x0004,0x0004,0x0004,0x0004,0x0004,0x0004,0x0004,0x0004,0x0004,0x0004,0x0004,0x0004,0x0004,0x0004,0x0004,0x0004,
0x298B,0x2148,0x2A0F,0x21CE,0x2149,0x2169,0x324F,0x21CC,0x2127,0x29CD,0x3270,0x216A,0x196A,0x3271,0x2271,0x2189,
0x196A,0x2A70,0x2AD4,0x218A,0x21AB,0x19AB,0x3357,0x2271,0x19AB,0x220D,0x198B,0x2AD4,0x3336,0x19CC,0x220D,0x19ED,
0x1A2F,0x2B77,0x2291,0x19ED,0x220D,0x1A0D,0x1A91,0x2B75,0x1A4E,0x1A2D,0x1A4E,0x1A70,0x1AF4,0x1AB1,0x1A6E,0x1A6E,
0x1A2E,0x2375,0x1BD8,0x1A0C,0x228F,0x1A4E,0x1B54,0x1375,0x124F,0x1AB0,0x1A90,0x1AB1,0x12B1,0x1290,0x1AB1,0x1AB1,
0x1A90,0x12B1,0x0AB1,0x1AB1,0x1AB1,0x12D1,0x12D2,0x12B1,0x12D1,0x12D1,0x12D1,0x12D1,0x12D1,0x12D1,0x12D1,0x12D1,
0x12D1,0x12D1,0x12D1,0x12D1,0x12D1,0x12D1,0x12D1,0x12B1,0x12B1,0x12B1,0x12B1,0x12B1,0x1291,0x1291,0x1290,0x1290,
0x1290,0x1270,0x1270,0x1270,0x1270,0x1270,0x0A6F,0x0A4F,0x0A4F,0x0A4F,0x0A4F,0x0A4F,0x0A4F,0x0A2F,0x0A2E,0x0A2E,
0x0A2E,0x0A0E,0x0A0E,0x0A0E,0x0A0E,0x0A0E,0x09ED,0x09ED,0x09ED,0x09ED,0x09CD,0x09CD,0x09CD,0x09CC,0x09CC,0x09AC,
0x09AC,0x09AC,0x09AC,0x09AC,0x098B,0x098B,0x098B,0x018B,0x018B,0x098B,0x096B,0x016B,0x016B,0x016A,0x014A,0x014A,
0x014A,0x014A,0x014A,0x012A,0x012A,0x012A,0x0129,0x0129,0x0129,0x0109,0x0109,0x0109,0x0109,0x0109,0x0109,0x00E8,
0x00E8,0x00E8,0x00E8,0x00E8,0x00C8,0x00C8,0x00C8,0x00C8,0x00C8,0x00A7,0x00A7,0x00A7,0x00A7,0x00A7,0x00A7,0x00A7,
0x00A7,0x00A7,0x0087,0x0087,0x0087,0x0087,0x0087,0x0087,0x0086,0x0086,0x0086,0x0066,0x0066,0x0066,0x0066,0x0066,
0x0066,0x0065,0x0065,0x0045,0x0045,0x0045,0x0045,0x0045,0x0045,0x0045,0x0045,0x0045,0x0045,0x0025,0x0025,0x0025,
0x0025,0x0025,0x0025,0x0025,0x0024,0x0024,0x0024,0x0024,0x0024,0x0024,0x0024,0x0024,0x0024,0x0004,0x0004,0x0004,
0x0004,0x0004,0x0004,0x0004,0x0004,0x0004,0x0004,0x0004,0x0004,0x0004,0x0004,0x0004,0x0004,0x0004,0x0004,0x0004,
0x1949,0x2168,0x29CC,0x29EC,0x2147,0x21CD,0x2A2F,0x216A,0x2149,0x2A51,0x220F,0x2148,0x218B,0x32D3,0x21ED,0x2189,
0x19AC,0x32F5,0x2A0E,0x21AB,0x198B,0x2AB1,0x3357,0x198A,0x21EC,0x21CC,0x2250,0x3378,0x220E,0x21EC,0x220D,0x19ED,
0x2B36,0x3314,0x19CD,0x220E,0x220D,0x1A2E,0x2BF9,0x0A71,0x1A0D,0x1A6F,0x1A0C,0x1AF3,0x33D8,0x1A2E,0x1A6F,0x1A6F,
0x1AB1,0x12F4,0x1290,0x1A6E,0x228F,0x122E,0x2B75,0x23D7,0x1A6F,0x1AB0,0x126F,0x23D7,0x1C5A,0x1A6F,0x1AB1,0x1290,
0x1BD7,0x24DB,0x12B1,0x1AB1,0x1291,0x1B96,0x253D,0x0AF3,0x1AD1,0x12F2,0x12F2,0x12F2,0x12F2,0x12F2,0x12F2,0x12F2,
0x12F2,0x12D2,0x12D2,0x12D2,0x12D2,0x12D2,0x12D1,0x12D1,0x12B1,0x12B1,0x12B1,0x12B1,0x12B1,0x1291,0x1291,0x1291,
0x1290,0x1290,0x1270,0x1270,0x1270,0x1270,0x0A70,0x0A4F,0x0A4F,0x0A4F,0x0A4F,0x0A4F,0x0A4F,0x0A2F,0x0A2F,0x0A2E,
0x0A2E,0x0A2E,0x0A0E,0x0A0E,0x0A0E,0x0A0E,0x0A0D,0x09ED,0x09ED,0x09ED,0x09CD,0x09CD,0x09CD,0x09CC,0x09CC,0x09CC,
0x09AC,0x09AC,0x09AC,0x09AC,0x098B,0x098B,0x098B,0x098B,0x018B,0x098B,0x096B,0x096B,0x016B,0x016A,0x016A,0x014A,
0x014A,0x014A,0x014A,0x012A,0x012A,0x012A,0x0129,0x0129,0x0129,0x0109,0x0109,0x0109,0x0109,0x0109,0x0109,0x00E8,
0x00E8,0x00E8,0x00E8,0x00E8,0x00C8,0x00C8,0x00C8,0x00C8,0x00C8,0x00A7,0x00A7,0x00A7,0x00A7,0x00A7,0x00A7,0x00A7,
0x00A7,0x00A7,0x0087,0x0087,0x0087,0x0087,0x0087,0x0087,0x0087,0x0086,0x0086,0x0066,0x0066,0x0066,0x0066,0x0066,
0x0066,0x0065,0x0065,0x0045,0x0045,0x0045,0x0045,0x0045,0x0045,0x0045,0x0045,0x0045,0x0045,0x0025,0x0025,0x0025,
0x0025,0x0025,0x0025,0x0025,0x0024,0x0024,0x0024,0x0024,0x0024,0x0024,0x0024,0x0024,0x0024,0x0004,0x0004,0x0004,
0x0004,0x0004,0x0004,0x0004,0x0004,0x0004,0x0004,0x0004,0x0004,0x0004,0x0004,0x0004,0x0004,0x0004,0x0004,0x0004,
0x2148,0x216A,0x3250,0x196A,0x2148,0x29CC,0x29ED,0x2169,0x218B,0x3250,0x21CD,0x2169,0x21CD,0x3292,0x21AB,0x198A,
0x2A71,0x32D5,0x218A,0x21AB,0x21CD,0x3357,0x222F,0x21CB,0x21CB,0x19ED,0x3398,0x2A91,0x21CC,0x220D,0x19CC,0x22B2,
0x3398,0x1A0E,0x220D,0x220E,0x21ED,0x1B98,0x12F4,0x1A2D,0x1A6F,0x1A0D,0x12D3,0x1B77,0x0A2F,0x1A4E,0x1A6F,0x1A2D,
0x2375,0x23D8,0x1A4E,0x1AB0,0x1A6F,0x1B13,0x1335,0x124F,0x1AB0,0x1A90,0x1A70,0x12D2,0x1AD2,0x1A90,0x1AB1,0x1A70,
0x1AF2,0x1B74,0x12D1,0x1AD1,0x1A91,0x12B2,0x1B95,0x12F2,0x1AF2,0x12F2,0x12B1,0x1AF2,0x12F2,0x12F2,0x1AF2,0x12F2,
0x12F2,0x12F2,0x12D2,0x12F2,0x12D2,0x12D2,0x12D2,0x12D1,0x12B1,0x12B1,0x12B1,0x12B1,0x12B1,0x1291,0x12B1,0x1291,
0x1290,0x1290,0x1290,0x1270,0x0A70,0x0A70,0x1270,0x1270,0x0A4F,0x0A4F,0x0A4F,0x0A4F,0x0A4F,0x0A4F,0x0A2F,0x0A2E,
0x0A2E,0x0A2E,0x0A2E,0x0A0E,0x0A0E,0x0A0E,0x0A0D,0x0A0D,0x09ED,0x09ED,0x09ED,0x09CD,0x09CD,0x09CD,0x09CC,0x09CC,
0x09AC,0x09AC,0x09AC,0x09AC,0x09AB,0x098B,0x098B,0x098B,0x018B,0x098B,0x098B,0x096B,0x016B,0x016A,0x014A,0x014A,
0x014A,0x014A,0x014A,0x012A,0x012A,0x012A,0x0129,0x0129,0x0129,0x0109,0x0109,0x0109,0x0109,0x0109,0x0109,0x00E8,
0x00E8,0x00E8,0x00E8,0x00E8,0x00E8,0x00E8,0x00C8,0x00C8,0x00C8,0x00A7,0x00A7,0x00A7,0x00A7,0x00A7,0x00A7,0x00A7,
0x00A7,0x0087,0x0087,0x0087,0x0087,0x0087,0x0086,0x00A7,0x08A7,0x0066,0x0086,0x0065,0x0066,0x0066,0x0066,0x0066,
0x0066,0x0066,0x0065,0x0045,0x0045,0x0045,0x0045,0x0045,0x0045,0x0045,0x0045,0x0045,0x0045,0x0025,0x0025,0x0025,
0x0025,0x0025,0x0025,0x0025,0x0024,0x0024,0x0024,0x0024,0x0024,0x0024,0x0024,0x0024,0x0024,0x0004,0x0004,0x0004,
0x0004,0x0004,0x0004,0x0004,0x0004,0x0004,0x0004,0x0004,0x0004,0x0004,0x0004,0x0004,0x0004,0x0004,0x0003,0x0004,
0x2169,0x2169,0x29EC,0x218A,0x2169,0x3A71,0x29CD,0x2147,0x21AB,0x3A6F,0x218A,0x1969,0x3270,0x2A50,0x218A,0x19AB,
0x3AF3,0x2A4F,0x1989,0x19AB,0x32B2,0x32F3,0x198A,0x220D,0x19AB,0x3314,0x3335,0x19EC,0x21EC,0x21ED,0x222E,0x3BB8,
0x1A70,0x1A2E,0x224F,0x1A0D,0x22B3,0x2B76,0x1A2E,0x222D,0x1A4E,0x1A4E,0x1B13,0x2B33,0x1A2E,0x1A6F,0x1A4E,0x1B13,
0x1335,0x1290,0x1AB0,0x1AB0,0x124E,0x2B94,0x23F7,0x1A6F,0x22D1,0x1290,0x23F7,0x1C17,0x1A6F,0x22D1,0x1290,0x1BB5,
0x1BD5,0x1290,0x1AD1,0x1AB1,0x1333,0x1C16,0x12B1,0x1A91,0x12D2,0x1333,0x1CB8,0x1333,0x1AD2,0x1312,0x1312,0x12F2,
0x12F2,0x12F2,0x12F2,0x12F2,0x12F2,0x12F2,0x12D2,0x12D2,0x12D2,0x12D1,0x12B1,0x12B1,0x12B1,0x1291,0x1291,0x12B1,
0x1291,0x1290,0x1290,0x1290,0x0A70,0x0A70,0x0A70,0x1270,0x1270,0x1270,0x0A4F,0x0A4F,0x0A4F,0x0A4F,0x0A4F,0x0A2F,
0x0A2E,0x0A2E,0x0A2E,0x0A0E,0x0A0E,0x0A0E,0x0A0E,0x09ED,0x09ED,0x09ED,0x09ED,0x09ED,0x09CD,0x09CD,0x09CC,0x09CC,
0x09CC,0x09AC,0x09AC,0x09AC,0x09AC,0x098C,0x098C,0x098C,0x098B,0x098B,0x098B,0x096B,0x096B,0x096B,0x016A,0x094A,
0x014A,0x094A,0x014A,0x012A,0x012A,0x012A,0x012A,0x0129,0x0129,0x0109,0x0109,0x0109,0x0109,0x0109,0x0109,0x0109,
0x00E8,0x00E8,0x00E8,0x00E8,0x00E8,0x00E8,0x00C8,0x00C8,0x00C8,0x00C8,0x00C8,0x00A7,0x00A7,0x00A7,0x00A7,0x00A7,
0x00A7,0x00A7,0x00A7,0x00A7,0x0086,0x0086,0x0086,0x0087,0x0086,0x0087,0x00A8,0x0067,0x0065,0x0065,0x0066,0x0066,
0x0066,0x0065,0x0065,0x0065,0x0065,0x0065,0x0045,0x0045,0x0045,0x0045,0x0045,0x0045,0x0045,0x0045,0x0025,0x0025,
0x0025,0x0025,0x0025,0x0025,0x0025,0x0024,0x0024,0x0024,0x0024,0x0024,0x0024,0x0024,0x0024,0x0004,0x0004,0x0004,
0x0004,0x0004,0x0004,0x0004,0x0004,0x0004,0x0004,0x0004,0x0004,0x0004,0x0004,0x0004,0x0004,0x0004,0x0004,0x0004,
0x2168,0x3A0E,0x31ED,0x2169,0x298A,0x29CD,0x29AB,0x2148,0x322F,0x29EF,0x2169,0x21AB,0x3AB2,0x21ED,0x1989,0x220E,
0x3AF4,0x21CB,0x19CB,0x220E,0x4357,0x2A2E,0x21CB,0x21AB,0x2A70,0x3B97,0x220D,0x220C,0x220C,0x19EC,0x3376,0x2AF3,
0x1A0D,0x1A2D,0x1A2E,0x1A70,0x3397,0x2290,0x1A2E,0x224F,0x1A0C,0x1AB1,0x3BF7,0x122E,0x226F,0x1A90,0x1A4E,0x2B54,
0x2BB6,0x1A6E,0x1AB0,0x128F,0x2354,0x12F3,0x128F,0x1AF1,0x22D1,0x1A8F,0x2333,0x1B74,0x1AD1,0x22D1,0x1290,0x23B5,
0x2437,0x12D1,0x1AF2,0x12B1,0x1B94,0x2CB9,0x12F2,0x1AF2,0x12F2,0x1B12,0x2C98,0x1333,0x1AF2,0x1313,0x12D2,0x1AF2,
0x12F2,0x12F2,0x12F2,0x12F2,0x12F2,0x12F2,0x12F2,0x12F2,0x12D2,0x12D1,0x12D1,0x12B1,0x12B1,0x12B1,0x12B1,0x12B1,
0x12B1,0x1291,0x1290,0x1290,0x0A90,0x0A90,0x1290,0x1270,0x1270,0x1270,0x1270,0x0A4F,0x0A4F,0x0A4F,0x0A4F,0x0A2F,
0x0A2F,0x0A2E,0x0A2E,0x0A0E,0x0A0E,0x0A0E,0x0A0E,0x0A0E,0x09ED,0x09ED,0x09ED,0x09ED,0x09ED,0x09CD,0x09CD,0x09CD,
0x09CC,0x09AC,0x09AC,0x09AC,0x09AC,0x09AC,0x09AC,0x098C,0x098B,0x098B,0x098B,0x098B,0x096B,0x096B,0x016B,0x094A,
0x014A,0x094A,0x094A,0x092A,0x012A,0x012A,0x012A,0x0129,0x0129,0x0109,0x0109,0x0109,0x0109,0x0109,0x0109,0x0109,
0x0108,0x00E8,0x00E8,0x00E8,0x00E8,0x00E8,0x00E8,0x00E8,0x00C8,0x00C8,0x00C8,0x00A7,0x00A7,0x00A7,0x00A7,0x00A7,
0x00A7,0x00A7,0x00A6,0x00A6,0x00C9,0x00A7,0x0086,0x0086,0x0086,0x0086,0x0087,0x0066,0x00A9,0x0088,0x0065,0x0065,
0x0065,0x0066,0x0065,0x0065,0x0065,0x0065,0x0065,0x0065,0x0045,0x0045,0x0045,0x0045,0x0045,0x0045,0x0025,0x0025,
0x0025,0x0025,0x0025,0x0025,0x0025,0x0024,0x0024,0x0024,0x0024,0x0024,0x0024,0x0024,0x0024,0x0004,0x0004,0x0004,
0x0004,0x0004,0x0004,0x0004,0x0004,0x0004,0x0004,0x0004,0x0004,0x0004,0x0004,0x0004,0x0004,0x0004,0x0004,0x0004,
0x2168,0x29AB,0x31CC,0x1948,0x29ED,0x3A6F,0x2169,0x218A,0x320E,0x2A0D,0x2189,0x29ED,0x3291,0x21AB,0x1989,0x3290,
0x32B3,0x21AA,0x19AB,0x32B1,0x32D3,0x21AB,0x21EC,0x21CC,0x4398,0x2A90,0x19CB,0x220C,0x19EC,0x2AF4,0x3B97,0x19ED,
0x222D,0x1A2D,0x1A0D,0x3377,0x2B13,0x19EC,0x226F,0x222D,0x1AB1,0x2BD7,0x1291,0x226F,0x2290,0x1A4E,0x2375,0x1B76,
0x122E,0x1AB0,0x1AB0,0x122E,0x33B5,0x2BD7,0x1AB0,0x22F1,0x1AB1,0x2417,0x1BF7,0x1A90,0x22D1,0x1AD1,0x1B32,0x1333,
0x12B1,0x1AF2,0x1AF2,0x1AF2,0x12F2,0x12D1,0x1AF2,0x1B13,0x1B12,0x12F2,0x0AD1,0x1AF2,0x1B13,0x12F2,0x1395,0x1354,
0x1AF2,0x12F2,0x12F2,0x12F2,0x12F2,0x12F2,0x12F2,0x1AF2,0x1AD2,0x12D2,0x12D2,0x12D1,0x12D1,0x12D1,0x12D1,0x12B1,
0x12B1,0x12B1,0x1291,0x1291,0x1290,0x1290,0x1290,0x1270,0x1270,0x1270,0x1270,0x0A4F,0x0A4F,0x0A4F,0x0A4F,0x0A4F,
0x0A2F,0x0A2E,0x0A2E,0x0A2E,0x0A0E,0x0A0E,0x0A0E,0x0A0E,0x0A0D,0x09ED,0x09ED,0x09ED,0x09ED,0x09CD,0x09CD,0x09CD,
0x09CC,0x09AC,0x09AC,0x09AC,0x09AC,0x09AC,0x09AC,0x098C,0x098B,0x098B,0x098B,0x098B,0x096B,0x096B,0x016A,0x094A,
0x014A,0x094A,0x094A,0x092A,0x012A,0x012A,0x012A,0x0129,0x0129,0x0109,0x0109,0x0109,0x0109,0x0109,0x0109,0x0109,
0x0108,0x00E8,0x00E8,0x00E8,0x00E8,0x00E8,0x00E8,0x00E8,0x00C8,0x00C8,0x00C8,0x00A7,0x00A7,0x00A7,0x00A7,0x00A7,
0x00A7,0x00A7,0x00A6,0x00A6,0x00C8,0x0087,0x0086,0x00A7,0x0086,0x0086,0x0086,0x0065,0x0088,0x0087,0x0067,0x00AA,
0x0067,0x0065,0x0045,0x0065,0x0065,0x0065,0x0065,0x0065,0x0045,0x0045,0x0045,0x0045,0x0045,0x0045,0x0025,0x0025,
0x0025,0x0025,0x0025,0x0025,0x0025,0x0024,0x0024,0x0024,0x0024,0x0024,0x0024,0x0024,0x0024,0x0024,0x0004,0x0004,
0x0004,0x0004,0x0004,0x0004,0x0004,0x0004,0x0004,0x0004,0x0004,0x0004,0x0004,0x0004,0x0004,0x0004,0x0003,0x0005,
0x298B,0x3A0E,0x216A,0x2189,0x29AB,0x298B,0x2169,0x29CC,0x4291,0x218B,0x2189,0x324E,0x3270,0x2189,0x21AB,0x3AD3,
0x220E,0x21CA,0x21CC,0x4335,0x2A2E,0x21AA,0x21CB,0x32D2,0x3B77,0x19CC,0x2A2D,0x19CB,0x2A70,0x43D9,0x1A2F,0x1A0C,
0x222E,0x1A0C,0x2B14,0x3B98,0x120E,0x224E,0x224E,0x1A4F,0x2335,0x2B75,0x1A4E,0x1A4E,0x226F,0x1A6F,0x1B55,0x2375,
0x1A8F,0x22D1,0x1AB0,0x2395,0x1335,0x1290,0x22D1,0x22D1,0x1A6F,0x2395,0x23D6,0x1AB1,0x22D1,0x1A90,0x2C37,0x2C98,
0x12B1,0x22F2,0x12D1,0x1C17,0x2CDA,0x12D2,0x1B13,0x1B13,0x1B53,0x2D3B,0x1354,0x1B13,0x1B13,0x12F2,0x2D1B,0x13F7,
0x12D2,0x1B13,0x12F2,0x12F2,0x12F2,0x1AF2,0x1AF2,0x12F2,0x12F2,0x12D2,0x12D2,0x12D2,0x12D2,0x12D1,0x12D1,0x12B1,
0x12B1,0x12B1,0x12B1,0x12B1,0x1291,0x1291,0x1290,0x1270,0x1270,0x1270,0x1270,0x1270,0x0A4F,0x0A4F,0x0A4F,0x124F,
0x122F,0x0A2E,0x0A2E,0x0A2E,0x0A0E,0x0A0E,0x0A0E,0x0A0E,0x0A0D,0x09ED,0x09ED,0x09ED,0x09ED,0x09CD,0x09CD,0x09CD,
0x09CC,0x09CC,0x09AC,0x09AC,0x09AC,0x09AC,0x09AC,0x098C,0x098B,0x098B,0x098B,0x098B,0x096B,0x096B,0x016A,0x094A,
0x014A,0x094A,0x094A,0x094A,0x012A,0x012A,0x012A,0x0129,0x0129,0x0129,0x0109,0x0109,0x0109,0x0109,0x0109,0x0109,
0x0109,0x00E8,0x00E8,0x00E8,0x00E8,0x00E8,0x00E8,0x00E8,0x00C8,0x00C8,0x00C8,0x00A7,0x00A7,0x00A7,0x00A7,0x00A7,
0x00A7,0x0086,0x00A6,0x00A6,0x0086,0x0086,0x00A8,0x08EA,0x0087,0x0065,0x0065,0x0066,0x0065,0x0065,0x0067,0x0088,
0x0066,0x0088,0x0068,0x0064,0x0045,0x0065,0x0065,0x0065,0x0045,0x0045,0x0045,0x0045,0x0045,0x0045,0x0025,0x0025,
0x0025,0x0025,0x0025,0x0025,0x0025,0x0024,0x0024,0x0024,0x0024,0x0024,0x0024,0x0024,0x0024,0x0024,0x0004,0x0004,
0x0004,0x0004,0x0004,0x0004,0x0004,0x0004,0x0004,0x0004,0x0004,0x0004,0x0004,0x0004,0x0004,0x0004,0x0005,0x0004,
0x2169,0x3A2E,0x298B,0x216A,0x4290,0x29CC,0x2989,0x29AC,0x320E,0x218A,0x21AB,0x3A91,0x2A0F,0x2189,0x2A0E,0x32B3,
0x21CB,0x19AA,0x326F,0x3B15,0x19CB,0x21CB,0x220D,0x43B8,0x2A4F,0x21ED,0x220D,0x220D,0x3BB8,0x2AB1,0x19EC,0x222D,
0x1A0D,0x22B1,0x3BD9,0x1A70,0x224E,0x226F,0x224E,0x1AB2,0x3BF7,0x1A4F,0x224E,0x2290,0x1A0D,0x2B75,0x2BF7,0x1A2D,
0x22D0,0x1A90,0x124E,0x33B6,0x23D6,0x1AB0,0x22D1,0x1AB1,0x23D6,0x1B95,0x1A70,0x22D1,0x22D1,0x1AD1,0x1312,0x12F2,
0x1AF2,0x1AF2,0x1AB1,0x1B12,0x1BB5,0x1AF2,0x1B13,0x1B13,0x12D2,0x1B95,0x1B33,0x1B13,0x1B13,0x1AB2,0x1313,0x1333,
0x1B13,0x1AF3,0x1313,0x1313,0x1AF2,0x1AF2,0x12F2,0x12F2,0x12F2,0x12F2,0x12F2,0x12F2,0x12F2,0x12D2,0x12D2,0x12D1,
0x12D1,0x12B1,0x12B1,0x12B1,0x12B1,0x12B1,0x1290,0x1270,0x1270,0x1270,0x1270,0x1270,0x0A4F,0x0A4F,0x0A4F,0x0A4F,
0x122F,0x122F,0x0A2E,0x0A2E,0x0A2E,0x0A0E,0x0A0E,0x0A0E,0x0A0E,0x09ED,0x09ED,0x09ED,0x09ED,0x09CD,0x09CD,0x09CD,
0x09CC,0x09CC,0x09CC,0x09AC,0x09AC,0x09AC,0x09AC,0x098C,0x098B,0x098B,0x098B,0x098B,0x096B,0x096B,0x016A,0x094A,
0x014A,0x094A,0x094A,0x094A,0x092A,0x012A,0x012A,0x012A,0x0129,0x0129,0x0109,0x0109,0x0109,0x0109,0x0109,0x0109,
0x0109,0x00E8,0x00E8,0x00E8,0x00E8,0x00E8,0x00E8,0x00E8,0x00C8,0x00C8,0x00C8,0x00C8,0x00C8,0x00A7,0x00A7,0x00A7,
0x00A7,0x00EB,0x00A7,0x0086,0x0086,0x0086,0x0087,0x0088,0x0086,0x00A9,0x00A8,0x0065,0x0066,0x0066,0x0066,0x0065,
0x0065,0x0087,0x0067,0x0066,0x0088,0x0045,0x0045,0x0045,0x0045,0x0045,0x0045,0x0045,0x0045,0x0045,0x0045,0x0025,
0x0025,0x0025,0x0025,0x0025,0x0025,0x0024,0x0024,0x0024,0x0024,0x0024,0x0024,0x0024,0x0024,0x0024,0x0004,0x0004,
0x0004,0x0004,0x0004,0x0004,0x0004,0x0004,0x0004,0x0004,0x0004,0x0004,0x0004,0x0004,0x0005,0x0003,0x0004,0x0004,
0x31AC,0x298B,0x298A,0x298B,0x29AC,0x29AC,0x2969,0x4270,0x3A4F,0x2989,0x21AB,0x3A90,0x2A0D,0x218A,0x324F,0x3AD2,
0x21AA,0x21CB,0x3AF4,0x3291,0x21CA,0x21AB,0x3AF3,0x3B35,0x21CB,0x2A2D,0x21CC,0x3B56,0x3B76,0x19EC,0x222D,0x222D,
0x1A2E,0x3BF9,0x2AD3,0x1A0C,0x224E,0x224E,0x1A6F,0x3C39,0x1A91,0x222E,0x228F,0x224E,0x1AF3,0x1B97,0x1AD1,0x22B0,
0x22B0,0x1A6F,0x2BD6,0x1B76,0x1A6F,0x1AD1,0x2AD1,0x1A6F,0x2C17,0x23D6,0x1AB1,0x22D1,0x1AB1,0x2458,0x2458,0x1AB1,
0x2312,0x1AD2,0x1BB5,0x23F7,0x1AD1,0x1B13,0x1B13,0x1333,0x1BF6,0x1AF2,0x2313,0x1B33,0x1313,0x1C98,0x1395,0x1AF2,
0x1B33,0x12F2,0x1CD9,0x14B8,0x1AB2,0x1AF3,0x1AF2,0x1313,0x12F2,0x12F2,0x12F2,0x12F2,0x12D2,0x12D2,0x12D2,0x12D1,
0x12D1,0x12B1,0x12B1,0x12B1,0x12B1,0x12B1,0x1290,0x1290,0x1270,0x1270,0x1270,0x1270,0x1270,0x0A70,0x124F,0x124F,
0x124F,0x122F,0x0A2E,0x0A2E,0x0A2E,0x0A0E,0x0A0E,0x0A0E,0x0A0D,0x0A0D,0x09ED,0x09ED,0x09ED,0x09CD,0x09CD,0x09CD,
0x09CC,0x09CC,0x09CC,0x09AC,0x09AC,0x09AC,0x09AC,0x098C,0x098B,0x098B,0x098B,0x098B,0x096B,0x096B,0x016A,0x094A,
0x014A,0x094A,0x094A,0x094A,0x092A,0x012A,0x012A,0x012A,0x0129,0x0129,0x0109,0x0109,0x0109,0x0109,0x0109,0x0109,
0x0109,0x00E8,0x00E8,0x00E8,0x00E8,0x00E8,0x00E8,0x00E8,0x00C8,0x00C8,0x00C8,0x00C8,0x00C8,0x00C7,0x00A7,0x00A7,
0x00A7,0x00CA,0x00A7,0x00C9,0x00A7,0x0086,0x0086,0x0086,0x0086,0x00A8,0x0087,0x0087,0x0088,0x0066,0x0065,0x0066,
0x0066,0x0045,0x0045,0x0046,0x0067,0x0045,0x0067,0x0068,0x0045,0x0045,0x0045,0x0045,0x0045,0x0045,0x0045,0x0045,
0x0025,0x0025,0x0025,0x0025,0x0025,0x0025,0x0024,0x0024,0x0024,0x0024,0x0024,0x0024,0x0024,0x0024,0x0004,0x0004,
0x0004,0x0004,0x0004,0x0004,0x0004,0x0004,0x0004,0x0004,0x0005,0x0005,0x0004,0x0004,0x0003,0x0004,0x0003,0x0004,
0x424F,0x422E,0x2149,0x3A0E,0x426F,0x2969,0x298A,0x29CD,0x29CC,0x2988,0x322E,0x3A70,0x21A9,0x218A,0x42D1,0x2A50,
0x2189,0x2A0E,0x4336,0x2A0D,0x29EB,0x2A0D,0x4398,0x2A2E,0x21EC,0x21CB,0x2A70,0x43D9,0x220E,0x220D,0x2A4D,0x19EC,
0x3B77,0x3B76,0x1A0D,0x224E,0x224E,0x220C,0x33D8,0x2356,0x224F,0x224E,0x226F,0x226F,0x2375,0x33B6,0x224E,0x2290,
0x22B0,0x124F,0x2374,0x2375,0x1A8F,0x22D1,0x1AB1,0x23D6,0x1B75,0x1A90,0x22D1,0x22D1,0x1A90,0x1B74,0x1B95,0x1AF2,
0x2333,0x1AB1,0x23F6,0x2CDA,0x1312,0x2333,0x1B13,0x1BB5,0x355B,0x1333,0x2333,0x1B13,0x1B54,0x2D1A,0x13B5,0x1B13,
0x1B33,0x1AF3,0x13B5,0x13B5,0x1AF3,0x1B13,0x1AD2,0x12B1,0x1313,0x12F2,0x12F2,0x12F2,0x12D2,0x12D2,0x12D2,0x12D1,
0x12B1,0x12B1,0x12B1,0x12B1,0x12B1,0x12B1,0x1290,0x1290,0x1270,0x1270,0x1270,0x1270,0x1270,0x0A50,0x124F,0x124F,
0x124F,0x122F,0x0A2E,0x0A2E,0x0A2E,0x0A2E,0x0A0E,0x0A0E,0x0A0D,0x09ED,0x09ED,0x09ED,0x09ED,0x09ED,0x09CD,0x09CD,
0x09CC,0x09CC,0x09CC,0x09AC,0x09AC,0x09AC,0x09AC,0x098C,0x098B,0x098B,0x098B,0x098B,0x096B,0x096B,0x096B,0x094A,
0x014A,0x094A,0x094A,0x094A,0x092A,0x012A,0x012A,0x012A,0x0129,0x0129,0x0129,0x0109,0x0109,0x0109,0x0109,0x0109,
0x0109,0x00E8,0x00E8,0x00E8,0x00E8,0x00E8,0x00E8,0x00E8,0x00C8,0x00C8,0x00C8,0x00C8,0x00C8,0x00C8,0x00C8,0x00A7,
0x00A7,0x00A6,0x00A6,0x00EA,0x00C8,0x0086,0x0086,0x0086,0x0086,0x0066,0x0065,0x0087,0x0087,0x0066,0x0067,0x0067,
0x0065,0x0065,0x0045,0x0045,0x0045,0x0045,0x0067,0x0047,0x0046,0x0068,0x0045,0x0046,0x0045,0x0045,0x0044,0x0045,
0x0025,0x0025,0x0025,0x0025,0x0025,0x0025,0x0024,0x0024,0x0024,0x0024,0x0024,0x0024,0x0024,0x0024,0x0004,0x0004,
0x0004,0x0004,0x0004,0x0004,0x0004,0x0004,0x0004,0x0004,0x0005,0x0005,0x0004,0x0004,0x0004,0x0005,0x0004,0x0005,
0x296A,0x296A,0x2969,0x298B,0x31EC,0x298A,0x31AB,0x4AD1,0x31CB,0x2969,0x29CD,0x320F,0x29A9,0x29EC,0x3AB3,0x2A0D,
0x21CB,0x324F,0x3AD3,0x21CA,0x21CB,0x3AD1,0x4357,0x29EC,0x2A0C,0x21EB,0x43B9,0x32D2,0x21EC,0x2A2D,0x21EB,0x32F3,
0x43F9,0x1A0D,0x222D,0x226F,0x220C,0x2334,0x2BD8,0x226F,0x2A6E,0x228F,0x220C,0x2B34,0x3C18,0x1A4E,0x22B0,0x228F,
0x1A6F,0x3C17,0x2396,0x224D,0x1AB0,0x22B0,0x1A70,0x2C38,0x23D6,0x2291,0x22D1,0x1AB1,0x2438,0x23B5,0x1A90,0x2333,
0x1B13,0x1333,0x1313,0x12F2,0x1B13,0x1B33,0x1B33,0x12F3,0x1313,0x1B33,0x1B33,0x1B33,0x1B13,0x1AF3,0x1B13,0x1B33,
0x1B13,0x1374,0x1333,0x1AD2,0x1B33,0x1AF2,0x13B6,0x1498,0x12F2,0x1313,0x1313,0x1313,0x12F2,0x12D2,0x12D2,0x1AD1,
0x12D1,0x12D1,0x12B1,0x12B1,0x12B1,0x12B1,0x1290,0x1290,0x1290,0x1290,0x1270,0x1270,0x1270,0x0A50,0x124F,0x124F,
0x124F,0x122F,0x0A2E,0x0A2E,0x0A2E,0x0A2E,0x0A0E,0x0A0E,0x0A0E,0x0A0D,0x09ED,0x09ED,0x09ED,0x09ED,0x09CD,0x09CD,
0x09CC,0x09CC,0x09CC,0x09AC,0x09AC,0x09AC,0x09AC,0x098C,0x098B,0x098B,0x098B,0x098B,0x096B,0x096B,0x096B,0x096B,
0x094A,0x094A,0x094A,0x094A,0x092A,0x012A,0x012A,0x012A,0x0929,0x0929,0x0129,0x0109,0x0109,0x0109,0x0109,0x0109,
0x0109,0x00E8,0x00E8,0x00E8,0x00E8,0x00E8,0x00E8,0x00E8,0x00C8,0x00C8,0x00C8,0x00C8,0x00A7,0x0909,0x0909,0x00A7,
0x00A6,0x00A6,0x00A6,0x00A7,0x00A6,0x00A8,0x08C9,0x0087,0x0065,0x0086,0x0086,0x0066,0x0065,0x0065,0x08A8,0x0067,
0x0067,0x0067,0x0045,0x0065,0x0045,0x0045,0x0045,0x0045,0x0046,0x0047,0x0046,0x0049,0x0045,0x0045,0x0047,0x0045,
0x0024,0x0025,0x0024,0x0024,0x0025,0x0024,0x0025,0x0024,0x0024,0x0024,0x0024,0x0024,0x0024,0x0024,0x0004,0x0004,
0x0004,0x0005,0x0005,0x0005,0x0005,0x0004,0x0004,0x0004,0x0004,0x0004,0x0004,0x0004,0x0004,0x0004,0x0004,0x0006,
0x5290,0x318A,0x2969,0x4A4F,0x31AB,0x2968,0x31AC,0x29CC,0x29AA,0x298A,0x4AD0,0x320D,0x2989,0x320D,0x42B1,0x29AA,
0x29CB,0x42D1,0x324F,0x21CB,0x21EC,0x4375,0x3291,0x29CC,0x21CB,0x3AF2,0x43B8,0x21EC,0x2A2D,0x220C,0x2A6F,0x4C1A,
0x2A90,0x220D,0x2A6F,0x222D,0x2AB1,0x3C3A,0x22D2,0x2A6E,0x226F,0x2A4D,0x22D1,0x2BF8,0x1AB1,0x2290,0x2290,0x22D0,
0x1B13,0x1B76,0x1B13,0x22B0,0x22D0,0x1AB0,0x2BF6,0x1B74,0x22B1,0x22D1,0x2AD1,0x2270,0x23F7,0x23F7,0x1AD2,0x2333,
0x1AF2,0x2C78,0x351B,0x12F2,0x2334,0x1B13,0x1C36,0x353A,0x1B33,0x2333,0x2334,0x1B54,0x2D5A,0x13B5,0x2313,0x1B33,
0x1AF3,0x351A,0x2498,0x1AF3,0x1B33,0x1AF2,0x1BD6,0x1498,0x12F2,0x1313,0x1AF2,0x1AB1,0x1AD2,0x1AF2,0x1AD2,0x1AD2,
0x12D1,0x12B1,0x12B1,0x12B1,0x12B1,0x12B1,0x12B1,0x1290,0x1290,0x1290,0x1270,0x1270,0x1270,0x126F,0x124F,0x124F,
0x124F,0x124F,0x0A2E,0x0A2E,0x0A2E,0x0A2E,0x0A2E,0x0A0E,0x0A0E,0x0A0D,0x0A0D,0x09ED,0x09ED,0x09ED,0x09CD,0x09CD,
0x09CC,0x09CC,0x09AC,0x09AC,0x09AC,0x09AC,0x09AC,0x098C,0x098B,0x098B,0x098B,0x098B,0x096B,0x096B,0x096B,0x096B,
0x094A,0x094A,0x094A,0x094A,0x092A,0x012A,0x012A,0x012A,0x0929,0x0929,0x0129,0x0109,0x0109,0x0109,0x0109,0x0109,
0x0109,0x00E8,0x00E8,0x00E8,0x00E8,0x00E8,0x00E8,0x00E8,0x00C8,0x00C8,0x00C8,0x00C8,0x00C7,0x00C8,0x00C7,0x00A7,
0x010B,0x00C7,0x00A6,0x00A6,0x00A6,0x00A7,0x00A8,0x0086,0x00A9,0x00A8,0x0065,0x0085,0x0086,0x0066,0x0066,0x0065,
0x0087,0x0087,0x0046,0x0048,0x0047,0x0045,0x0045,0x0045,0x0045,0x0045,0x0045,0x0046,0x0045,0x0045,0x0047,0x0025,
0x0047,0x0025,0x0026,0x0026,0x0025,0x0026,0x0025,0x0006,0x0025,0x0024,0x0006,0x0025,0x0006,0x0025,0x0005,0x0005,
0x0004,0x0005,0x0005,0x0005,0x0005,0x0004,0x0004,0x0005,0x0005,0x0004,0x0004,0x0005,0x0004,0x0004,0x0004,0x0003,
0x31AB,0x318A,0x2969,0x420E,0x39CC,0x2948,0x426F,0x426F,0x2968,0x31CC,0x3A2F,0x31CC,0x2989,0x42B0,0x3A70,0x2989,
0x29ED,0x42F4,0x2A0D,0x29EB,0x326F,0x4355,0x29EC,0x29CB,0x2A0D,0x4BF9,0x328F,0x21EC,0x2A2D,0x220C,0x43F9,0x3B14,
0x21EC,0x2A6E,0x2A4E,0x222E,0x43B9,0x3313,0x224E,0x2A90,0x2A4D,0x226F,0x23B7,0x2B95,0x224E,0x228F,0x22B0,0x1A4F,
0x3BF7,0x2B96,0x226E,0x22F1,0x22D0,0x126F,0x3457,0x2BD6,0x22B1,0x22F1,0x22F2,0x2416,0x2394,0x22B1,0x2313,0x2313,
0x22D2,0x1B13,0x1B95,0x1B54,0x2334,0x1B13,0x1B95,0x2477,0x1B33,0x2334,0x2334,0x2354,0x2497,0x1B94,0x2334,0x1B54,
0x2313,0x1B74,0x1354,0x1B13,0x1B33,0x1B13,0x1AD2,0x1AD2,0x1B33,0x1AF2,0x1313,0x1C17,0x1B13,0x1AD2,0x1AD2,0x1AD2,
0x12D2,0x1AB2,0x12B1,0x12B1,0x12B1,0x12B1,0x12B1,0x12B1,0x1290,0x1290,0x1290,0x1270,0x1270,0x126F,0x126F,0x124F,
0x124F,0x124F,0x122F,0x0A2E,0x0A2E,0x0A2E,0x0A2E,0x0A0E,0x0A0E,0x0A0D,0x0A0D,0x09ED,0x09ED,0x09ED,0x09ED,0x09CD,
0x09CD,0x09CC,0x09CC,0x09AC,0x09AC,0x09AC,0x09AC,0x09AC,0x098B,0x098B,0x098B,0x098B,0x096B,0x096B,0x096B,0x096B,
0x096B,0x094A,0x094A,0x094A,0x094A,0x092A,0x012A,0x012A,0x0129,0x0929,0x0129,0x0129,0x0109,0x0109,0x0109,0x0109,
0x0109,0x0108,0x00E8,0x00E8,0x00E8,0x00C8,0x00C8,0x00E8,0x00C7,0x00C8,0x094D,0x00E8,0x00A7,0x00A7,0x00C7,0x00A7,
0x010B,0x00C7,0x00A7,0x00A8,0x00A6,0x00A6,0x00A6,0x0086,0x00CA,0x00A8,0x0087,0x00A8,0x0087,0x0085,0x0065,0x0066,
0x0065,0x0065,0x0046,0x0889,0x0067,0x0066,0x0047,0x0045,0x0045,0x0045,0x0045,0x0045,0x0045,0x0045,0x0044,0x0045,
0x0047,0x0025,0x0026,0x0027,0x0025,0x0027,0x0025,0x0026,0x0025,0x0024,0x0006,0x0005,0x0006,0x0005,0x0005,0x0005,
0x0004,0x0004,0x0004,0x0004,0x0004,0x0005,0x0005,0x0005,0x0005,0x0005,0x0005,0x0004,0x0005,0x0004,0x0006,0x0003,
0x39AB,0x2968,0x39CB,0x39CB,0x2968,0x318A,0x31AC,0x31CC,0x3168,0x3A0D,0x52D1,0x3189,0x29AB,0x4291,0x320E,0x29A9,
0x324F,0x42F4,0x29EB,0x29CB,0x4B13,0x3AD3,0x29EC,0x29CB,0x4313,0x4396,0x21CB,0x324E,0x21EC,0x3B55,0x4BD8,0x21ED,
0x2A4D,0x2A4E,0x220C,0x3BB7,0x3B76,0x220D,0x2A6E,0x2A4E,0x224E,0x2376,0x4418,0x224E,0x2A8F,0x2A8F,0x224E,0x3394,
0x2395,0x2290,0x22D0,0x22D0,0x1AB0,0x3C17,0x2374,0x22B0,0x22F2,0x2AD1,0x1AD1,0x2C78,0x2437,0x1AF2,0x2333,0x1AF2,
0x2C78,0x3458,0x1AF3,0x2354,0x1B33,0x1B95,0x1BB5,0x1AD3,0x2334,0x2354,0x1B54,0x1B94,0x1B13,0x2333,0x1B74,0x1B54,
0x1BF5,0x1B94,0x2313,0x1B33,0x1AF2,0x2416,0x24D9,0x1B13,0x1B33,0x1AF2,0x1354,0x24FA,0x1B54,0x1AD2,0x1AD2,0x1AB1,
0x1AB1,0x1AB2,0x12B1,0x12B1,0x12B1,0x12B1,0x12B1,0x12B1,0x1290,0x1290,0x1290,0x1270,0x1270,0x126F,0x126F,0x124F,
0x124F,0x124F,0x122F,0x0A2E,0x0A2E,0x0A2E,0x0A2E,0x0A0E,0x0A0E,0x0A0D,0x0A0D,0x09ED,0x09ED,0x09ED,0x09ED,0x09CD,
0x09CD,0x09CC,0x09CC,0x09AC,0x09AC,0x09AC,0x09AC,0x09AC,0x098B,0x098B,0x098B,0x098B,0x096B,0x096B,0x096B,0x096B,
0x096B,0x094A,0x094A,0x094A,0x094A,0x092A,0x012A,0x012A,0x0929,0x0929,0x0129,0x0129,0x0109,0x0109,0x0109,0x0109,
0x0109,0x0108,0x00E8,0x00E8,0x00E8,0x00C8,0x00C7,0x00C8,0x00C7,0x00C7,0x00EA,0x00C8,0x00C8,0x00C9,0x00A7,0x00C7,
0x00A6,0x00A6,0x00E9,0x090B,0x0087,0x0086,0x0086,0x0086,0x0086,0x0085,0x0087,0x00A9,0x0087,0x0087,0x0067,0x0065,
0x0066,0x0066,0x0065,0x0065,0x0045,0x0067,0x0068,0x0046,0x0067,0x0045,0x0044,0x0045,0x0045,0x0045,0x0045,0x0045,
0x0044,0x0025,0x0024,0x0024,0x0025,0x0024,0x0025,0x0024,0x0024,0x0025,0x0024,0x0024,0x0024,0x0024,0x0004,0x0004,
0x0004,0x0004,0x0005,0x0005,0x0004,0x0005,0x0005,0x0004,0x0004,0x0005,0x0006,0x0004,0x0003,0x0004,0x0005,0x0003,
0x420D,0x2968,0x420D,0x5290,0x2948,0x39CB,0x52D0,0x31CB,0x3189,0x3A0D,0x31EE,0x31A9,0x31EC,0x52F1,0x31EB,0x29CB,
0x4AD0,0x42B1,0x29CA,0x320C,0x4B36,0x326F,0x29EB,0x2A0C,0x4BB8,0x326F,0x2A0C,0x29EC,0x3290,0x4C3B,0x2A6F,0x2A2D,
0x2A2D,0x220C,0x3354,0x4C19,0x222E,0x2A4E,0x2A6E,0x2A4E,0x22F2,0x447A,0x2270,0x2A8F,0x2AB0,0x228F,0x22D2,0x23F8,
0x2374,0x226F,0x22D0,0x22D0,0x12B1,0x2BF7,0x2395,0x22B1,0x22F1,0x22D1,0x23D5,0x1B74,0x22D2,0x2333,0x2313,0x1AB2,
0x2417,0x2437,0x1B13,0x2354,0x1B13,0x2477,0x357B,0x1333,0x2354,0x2354,0x1BB5,0x3DDC,0x13D5,0x2334,0x2374,0x1354,
0x357B,0x1C77,0x1B33,0x1B74,0x2313,0x1BF6,0x1498,0x1AF3,0x1B33,0x1AF2,0x1AB1,0x1AD1,0x1AD2,0x1AF2,0x12D2,0x1375,
0x1334,0x12B1,0x12B1,0x12B1,0x12B1,0x12B1,0x12B1,0x12B1,0x1290,0x1290,0x1290,0x1270,0x1270,0x1270,0x126F,0x124F,
0x124F,0x124F,0x122F,0x0A2E,0x0A2E,0x0A2E,0x0A2E,0x0A0E,0x0A0E,0x0A0D,0x0A0D,0x09ED,0x09ED,0x09ED,0x09ED,0x09CD,
0x09CD,0x09CC,0x09CC,0x09CC,0x09AC,0x09AC,0x09AC,0x09AC,0x098B,0x098B,0x098B,0x098B,0x098B,0x096B,0x096B,0x096B,
0x096B,0x094A,0x094A,0x094A,0x094A,0x094A,0x012A,0x012A,0x0929,0x0929,0x0129,0x0129,0x0109,0x0109,0x0109,0x0109,
0x0109,0x0108,0x00E8,0x00E8,0x00E8,0x00C7,0x0109,0x014C,0x00C7,0x00A7,0x00A6,0x00A7,0x0109,0x012C,0x00A7,0x00A6,
0x00A7,0x00A7,0x00A8,0x00C8,0x00A6,0x00C9,0x00A7,0x0086,0x0086,0x0086,0x0086,0x0066,0x0085,0x00A9,0x0088,0x0066,
0x0067,0x0065,0x0045,0x0045,0x0046,0x0045,0x0045,0x0046,0x0068,0x0045,0x0047,0x0046,0x0045,0x0046,0x0045,0x0045,
0x0045,0x0024,0x0024,0x0025,0x0024,0x0025,0x0024,0x0025,0x0025,0x0024,0x0024,0x0024,0x0024,0x0006,0x0005,0x0004,
0x0004,0x0004,0x0005,0x0005,0x0004,0x0004,0x0005,0x0005,0x0004,0x0003,0x0004,0x0005,0x0005,0x0005,0x0003,0x0005,
0x3188,0x39AA,0x316A,0x3189,0x39AA,0x318A,0x39EC,0x39AB,0x3169,0x52D1,0x424F,0x3189,0x3A0D,0x3A50,0x31CA,0x31EC,
0x4AD2,0x322E,0x29CA,0x3A6F,0x4315,0x320B,0x29CA,0x3AB0,0x4376,0x29EB,0x322D,0x29EC,0x4BFA,0x3B33,0x220C,0x324E,
0x220C,0x32B1,0x545C,0x2A90,0x2A2D,0x2A6F,0x2A6E,0x2270,0x4459,0x22F3,0x2A4E,0x2A6F,0x2AD0,0x224F,0x33F7,0x33B6,
0x222D,0x22D1,0x2AD0,0x2290,0x4C99,0x2B95,0x2270,0x22F1,0x2AD1,0x1A70,0x2CB9,0x2C57,0x1AD1,0x2312,0x22F2,0x23F6,
0x23B5,0x1AF2,0x2354,0x2354,0x1B33,0x1354,0x1B94,0x2354,0x2354,0x2354,0x1B34,0x1BD5,0x1B94,0x2354,0x2354,0x1B33,
0x1B54,0x1B74,0x1B74,0x1B74,0x1B54,0x1313,0x1B13,0x1B54,0x1B12,0x1354,0x1C57,0x1B33,0x1AF2,0x1AF2,0x12D2,0x2499,
0x1BF6,0x1291,0x1AB2,0x1290,0x1290,0x12B1,0x12B1,0x12B1,0x1290,0x1290,0x1290,0x1270,0x1270,0x126F,0x126F,0x124F,
0x124F,0x124F,0x124F,0x122F,0x0A2E,0x0A2E,0x0A2E,0x0A0E,0x0A0E,0x0A0D,0x0A0D,0x09ED,0x09ED,0x09ED,0x09ED,0x09ED,
0x09CD,0x09CC,0x09CC,0x09CC,0x09AC,0x09AC,0x09AC,0x09AC,0x09AB,0x098B,0x098B,0x098B,0x098B,0x096B,0x096B,0x096B,
0x096B,0x094A,0x094A,0x094A,0x094A,0x094A,0x012A,0x012A,0x0929,0x0929,0x0129,0x0129,0x0109,0x0109,0x0109,0x0109,
0x0109,0x0108,0x00E8,0x00C8,0x00E8,0x00C8,0x00E9,0x012C,0x00C7,0x00A8,0x00A8,0x00A7,0x00C7,0x00C8,0x00A7,0x010A,
0x00C7,0x00A6,0x00A6,0x00A6,0x00A6,0x00A9,0x00A7,0x00A8,0x00A7,0x0086,0x0086,0x0086,0x0086,0x0087,0x0066,0x0068,
0x0089,0x0065,0x0046,0x0046,0x0045,0x0045,0x0045,0x0045,0x0045,0x0046,0x0048,0x0047,0x0045,0x0068,0x0045,0x0046,
0x0045,0x0026,0x0026,0x0025,0x0026,0x0025,0x0026,0x0025,0x0024,0x0006,0x0025,0x0025,0x0025,0x0006,0x0005,0x0004,
0x0004,0x0004,0x0004,0x0004,0x0005,0x0005,0x0005,0x0005,0x0004,0x0005,0x0004,0x0004,0x0005,0x0005,0x0004,0x0006,
0x3189,0x39AA,0x62D1,0x41CC,0x3188,0x4A70,0x424E,0x3989,0x31CB,0x39EC,0x31CA,0x3189,0x4AB0,0x4270,0x2987,0x31EC,
0x42D3,0x322C,0x29AA,0x42D1,0x42B1,0x29CA,0x31EB,0x4B97,0x3AD1,0x29EC,0x29EC,0x4313,0x4BF9,0x2A0C,0x322D,0x2A2D,
0x2A4F,0x547C,0x32F3,0x220C,0x328F,0x326E,0x222E,0x3C19,0x33B7,0x224E,0x2A8F,0x2AB0,0x226F,0x3395,0x33D7,0x22B0,
0x2AAF,0x2AB0,0x2AF1,0x2334,0x2396,0x2313,0x22D1,0x22F1,0x22D1,0x2BF6,0x2394,0x22F2,0x2332,0x2B33,0x2292,0x2CD8,
0x2CD9,0x1AF2,0x2354,0x1B13,0x2C57,0x3D19,0x1B33,0x2354,0x2354,0x1BB5,0x2498,0x1B54,0x2354,0x2374,0x1B74,0x2498,
0x13D5,0x1B53,0x1B94,0x1B33,0x2C98,0x2D19,0x1B13,0x1B54,0x1AF3,0x1395,0x1D5B,0x1B54,0x1AF2,0x1AF2,0x12B1,0x1AD2,
0x12D2,0x12D2,0x12B1,0x1334,0x1354,0x1291,0x12B1,0x12B1,0x12B0,0x1290,0x1290,0x1290,0x1270,0x126F,0x126F,0x124F,
0x124F,0x124F,0x124F,0x124F,0x0A2E,0x0A2E,0x0A2E,0x0A0E,0x0A0E,0x0A0D,0x0A0D,0x0A0D,0x09ED,0x09ED,0x09ED,0x09ED,
0x09CD,0x09CC,0x09CC,0x09CC,0x09CC,0x09AC,0x09AC,0x09AC,0x09AB,0x098B,0x098B,0x098B,0x098B,0x096B,0x096B,0x096B,
0x096B,0x096A,0x094A,0x094A,0x094A,0x094A,0x092A,0x012A,0x092A,0x0929,0x0129,0x0129,0x0109,0x0109,0x0109,0x0108,
0x0108,0x0108,0x00E8,0x094C,0x010A,0x00C8,0x00C7,0x00C7,0x00E8,0x094D,0x090A,0x00A7,0x00A6,0x00A7,0x00A7,0x010C,
0x00C8,0x00A7,0x00A7,0x00A7,0x00A6,0x0086,0x0086,0x00A9,0x00A8,0x0086,0x0087,0x0087,0x0086,0x0066,0x0065,0x0067,
0x0067,0x0065,0x0088,0x0068,0x0046,0x0047,0x0045,0x0045,0x0045,0x0045,0x0045,0x0045,0x0045,0x0044,0x0045,0x0047,
0x0045,0x0027,0x0027,0x0025,0x0027,0x0025,0x0006,0x0025,0x0024,0x0007,0x0025,0x0006,0x0025,0x0024,0x0024,0x0004,
0x0004,0x0005,0x0005,0x0004,0x0005,0x0006,0x0005,0x0004,0x0005,0x0006,0x0005,0x0005,0x0004,0x0003,0x0005,0x0004,
0x39AA,0x3188,0x41CC,0x39CB,0x39A9,0x420E,0x422E,0x3188,0x422E,0x5AF2,0x31A9,0x31CB,0x424E,0x31CB,0x31A9,0x426E,
0x4AF2,0x31CA,0x31EC,0x5333,0x3A6E,0x29EB,0x3A6E,0x4BB8,0x322D,0x320C,0x320D,0x541B,0x3AD1,0x29EC,0x324D,0x2A2D,
0x4C1A,0x43B7,0x222D,0x2A6F,0x328E,0x222D,0x33B7,0x3C3A,0x2290,0x328F,0x2AB0,0x2A4E,0x2B12,0x3439,0x2313,0x2AAF,
0x2AF1,0x2AD0,0x1290,0x449A,0x2B75,0x228F,0x2AF2,0x22D1,0x1AB1,0x2CDA,0x2417,0x22D1,0x2333,0x2312,0x2394,0x2354,
0x22F3,0x2333,0x2354,0x22F3,0x1BD5,0x2CB8,0x1B54,0x2354,0x2333,0x1C16,0x2DFC,0x13B5,0x2375,0x2375,0x1B74,0x2DBB,
0x1477,0x1B33,0x1B74,0x1B54,0x1C16,0x1C57,0x1B33,0x1B54,0x1B13,0x1AB1,0x1AD2,0x1B13,0x1B13,0x1AF2,0x1354,0x1313,
0x12B1,0x1AD2,0x12B1,0x1C18,0x1C59,0x1291,0x12B1,0x1290,0x126F,0x1290,0x1290,0x1290,0x1270,0x1270,0x126F,0x124F,
0x124F,0x124F,0x124F,0x124F,0x122F,0x0A2E,0x0A2E,0x0A0E,0x0A0E,0x0A0D,0x0A0D,0x0A0D,0x09ED,0x09ED,0x09ED,0x09ED,
0x09CD,0x09CC,0x09CC,0x09CC,0x09AC,0x09AC,0x09AC,0x09AC,0x09AB,0x098B,0x098B,0x098B,0x098B,0x096B,0x096B,0x096B,
0x096B,0x096A,0x094A,0x094A,0x094A,0x092A,0x092A,0x092A,0x092A,0x0929,0x0129,0x0129,0x0109,0x0109,0x0108,0x0109,
0x0109,0x0108,0x00E9,0x012C,0x010A,0x00C7,0x00C8,0x00E8,0x00C8,0x00EA,0x00C8,0x00C7,0x00C9,0x00A7,0x00A7,0x00A6,
0x00A7,0x00E9,0x090A,0x00A7,0x00A5,0x00A6,0x0087,0x0086,0x0086,0x0086,0x00A8,0x0087,0x0066,0x0066,0x0066,0x0066,
0x0066,0x0065,0x0067,0x0047,0x0067,0x0088,0x0046,0x0067,0x0045,0x0045,0x0045,0x0045,0x0045,0x0045,0x0045,0x0044,
0x0045,0x0025,0x0024,0x0025,0x0024,0x0025,0x0024,0x0024,0x0025,0x0024,0x0024,0x0024,0x0024,0x0024,0x0024,0x0005,
0x0005,0x0006,0x0006,0x0004,0x0004,0x0005,0x0006,0x0004,0x0004,0x0004,0x0006,0x0005,0x0005,0x0004,0x0005,0x0003,
0x3188,0x41EC,0x4A2D,0x39A9,0x39CB,0x4A0D,0x39AA,0x39A9,0x39CC,0x39ED,0x39CA,0x31CC,0x5313,0x3A0C,0x31CB,0x4270,
0x3A70,0x31CA,0x3A2D,0x4AF4,0x3A0C,0x31EC,0x4313,0x4354,0x31EC,0x29EC,0x4334,0x4BD8,0x2A0C,0x324D,0x2A0D,0x4396,
0x545A,0x224E,0x326E,0x2A6E,0x2A4D,0x2B75,0x44BC,0x2290,0x326E,0x2A90,0x328F,0x2A90,0x2C3A,0x2BD7,0x2A4E,0x2A8F,
0x2AD0,0x2290,0x4417,0x2B95,0x22D1,0x22F1,0x2AD1,0x22F2,0x3417,0x2353,0x22F1,0x2332,0x2312,0x1AD2,0x351A,0x34B8,
0x1AF3,0x2354,0x2333,0x23F6,0x2BF6,0x1B13,0x2354,0x2354,0x1B74,0x1334,0x1B54,0x2375,0x2375,0x2375,0x1334,0x1B33,
0x1B54,0x1B74,0x1B74,0x1353,0x1333,0x1B33,0x1B74,0x1B33,0x1374,0x1C16,0x1B13,0x1B13,0x1B13,0x12F2,0x2CFA,0x1BF6,
0x1291,0x1AD2,0x12B1,0x1A91,0x12B1,0x1AB1,0x1291,0x12F2,0x13B6,0x12B1,0x126F,0x1290,0x1270,0x126F,0x126F,0x126F,
0x124F,0x124F,0x124F,0x124F,0x122F,0x122E,0x0A2E,0x0A0E,0x0A0E,0x0A0D,0x0A0D,0x09ED,0x09ED,0x09ED,0x09ED,0x09ED,
0x09CD,0x09CC,0x09CC,0x09CC,0x09CC,0x09AC,0x09AC,0x09AC,0x09AC,0x09AC,0x098B,0x098B,0x098B,0x096B,0x096B,0x096B,
0x096B,0x096A,0x094A,0x094A,0x094A,0x094A,0x092A,0x014A,0x092A,0x0929,0x0129,0x0129,0x0108,0x0109,0x0108,0x096C,
0x09AE,0x00E8,0x00E9,0x00C8,0x00C7,0x0109,0x096D,0x00C7,0x00C8,0x00C7,0x00A6,0x00E8,0x094E,0x00A7,0x00A6,0x00A7,
0x00C7,0x00C8,0x00C8,0x00A6,0x00C9,0x00A7,0x0086,0x0086,0x0086,0x0086,0x0086,0x0065,0x00A9,0x00A8,0x0065,0x0066,
0x0066,0x0066,0x0065,0x0065,0x0066,0x0065,0x0046,0x0068,0x0045,0x0066,0x0046,0x0045,0x0046,0x0045,0x0045,0x0045,
0x0045,0x0025,0x0025,0x0025,0x0025,0x0024,0x0024,0x0025,0x0024,0x0024,0x0025,0x0025,0x0024,0x0024,0x0024,0x0006,
0x0005,0x0004,0x0004,0x0005,0x0005,0x0004,0x0004,0x0004,0x0005,0x0005,0x0003,0x0004,0x0004,0x0005,0x0005,0x0004,
0x3188,0x4A2E,0x526F,0x3188,0x39CB,0x5AD2,0x39EC,0x3989,0x5AF2,0x4A4E,0x3188,0x420D,0x422E,0x31EA,0x31EC,0x5334,
0x3A4E,0x31CA,0x3A4F,0x4AF4,0x31EB,0x29EB,0x5375,0x42B0,0x31EB,0x322D,0x53F9,0x3AB0,0x322D,0x2A0C,0x3291,0x64DE,
0x32B0,0x2A2D,0x326F,0x2A2D,0x32F2,0x4CDD,0x22F2,0x2A4E,0x2A8F,0x32B0,0x2A4E,0x2BD8,0x3C59,0x224E,0x2AD1,0x2AB0,
0x2A8F,0x22F2,0x3459,0x2375,0x22B0,0x22F1,0x2AF1,0x12D2,0x2CBA,0x23D5,0x22F2,0x2332,0x2312,0x1B74,0x2374,0x2B34,
0x2333,0x2354,0x22F2,0x2CD8,0x355A,0x1B33,0x2374,0x2334,0x1C77,0x3E1B,0x1395,0x2375,0x2395,0x1BB5,0x355A,0x1C36,
0x1B54,0x2394,0x1B33,0x2D19,0x2CF9,0x1B33,0x1B74,0x1B13,0x13D6,0x257B,0x1B53,0x1B13,0x1B13,0x1AF2,0x1B33,0x12F2,
0x1AD2,0x1AB2,0x12F3,0x1313,0x12B1,0x1AB1,0x1291,0x1313,0x145A,0x12D2,0x1A6F,0x1290,0x0A70,0x1270,0x126F,0x126F,
0x124F,0x124F,0x124F,0x122E,0x122E,0x122E,0x122E,0x120E,0x0A0E,0x0A0D,0x0A0D,0x0A0D,0x09ED,0x09ED,0x09ED,0x09ED,
0x09ED,0x09CC,0x09CC,0x09CC,0x09CC,0x09AC,0x09AC,0x09AC,0x09AC,0x09AC,0x098B,0x098B,0x098B,0x096B,0x096B,0x096B,
0x096B,0x096A,0x094A,0x094A,0x094A,0x094A,0x094A,0x092A,0x0929,0x0929,0x0929,0x012A,0x014B,0x012A,0x0108,0x012A,
0x012B,0x00E8,0x00E9,0x00E9,0x00E8,0x0109,0x014D,0x00C7,0x00C8,0x00C8,0x00C7,0x00C7,0x00C8,0x00A7,0x00E9,0x00C8,
0x00A7,0x00A6,0x00A6,0x00A6,0x010D,0x00A9,0x0086,0x00A7,0x0086,0x0086,0x0086,0x0086,0x0088,0x0087,0x0086,0x00A7,
0x0066,0x0066,0x0066,0x0066,0x0046,0x0046,0x0045,0x0045,0x0045,0x0066,0x0047,0x0045,0x0068,0x0045,0x0046,0x0045,
0x0045,0x0046,0x0025,0x0046,0x0025,0x0026,0x0025,0x0024,0x0026,0x0025,0x0006,0x0005,0x0024,0x0024,0x0024,0x0024,
0x0005,0x0005,0x0024,0x0006,0x0006,0x0004,0x0004,0x0004,0x0005,0x0006,0x0004,0x0005,0x0004,0x0005,0x0003,0x0006,
0x41A9,0x3989,0x3168,0x39A9,0x39CA,0x39AA,0x41C9,0x39AA,0x41EC,0x41EB,0x3188,0x526F,0x52B1,0x2989,0x422C,0x52D0,
0x31EB,0x29AB,0x5B11,0x4AAF,0x31CB,0x426E,0x5B54,0x3A4D,0x31EB,0x42D1,0x5BD8,0x31EC,0x322D,0x2A0D,0x645A,0x4B74,
0x29ED,0x3A8E,0x324D,0x32B0,0x5CDC,0x3333,0x2A4E,0x2A8F,0x2A8F,0x2A4D,0x3396,0x4C9A,0x2A8F,0x2AB0,0x2AB0,0x32D0,
0x1A70,0x44B9,0x23B5,0x228F,0x2AF1,0x2AD1,0x22D1,0x44B8,0x2B53,0x22D1,0x2332,0x2332,0x22F1,0x355B,0x3477,0x22F2,
0x2B33,0x2333,0x1B53,0x1B53,0x2334,0x2B54,0x2374,0x2334,0x1BB5,0x2CD8,0x1BB4,0x2395,0x2374,0x2395,0x2559,0x1C36,
0x2354,0x2374,0x2334,0x2436,0x1C36,0x1B33,0x1B54,0x1B33,0x1AF2,0x1AF3,0x1B13,0x1B13,0x1B33,0x1354,0x1313,0x12F2,
0x1AF2,0x1291,0x2438,0x2479,0x1291,0x1AD1,0x1A91,0x1A6F,0x1A4F,0x1A70,0x1290,0x124F,0x23F8,0x1B13,0x122E,0x126F,
0x1A2E,0x122E,0x124F,0x124F,0x122E,0x122E,0x122E,0x120E,0x0A0E,0x0A0D,0x0A0D,0x0A0D,0x09ED,0x09ED,0x09ED,0x09ED,
0x09ED,0x09CC,0x09CC,0x09CC,0x09CC,0x09AC,0x09AC,0x09AC,0x09AC,0x09AC,0x098B,0x098B,0x098B,0x096B,0x096B,0x096B,
0x096B,0x096A,0x094A,0x094A,0x094A,0x0949,0x0949,0x0949,0x012A,0x012A,0x0929,0x012A,0x09CF,0x012B,0x0908,0x0908,
0x00E8,0x00E9,0x096B,0x092A,0x00E8,0x00E8,0x00C7,0x00C7,0x094A,0x092B,0x00A7,0x00C7,0x00C7,0x00A7,0x010C,0x08E9,
0x00A7,0x00A7,0x00A6,0x00A6,0x00A6,0x0086,0x00A9,0x08EA,0x0087,0x0086,0x0066,0x0066,0x0066,0x0085,0x0066,0x0088,
0x0066,0x0087,0x0087,0x0066,0x0066,0x0066,0x0046,0x0046,0x0046,0x0045,0x0045,0x0045,0x0065,0x0045,0x0027,0x0045,
0x0045,0x0027,0x0025,0x0027,0x0025,0x0006,0x0025,0x0024,0x0006,0x0025,0x0024,0x0024,0x0024,0x0024,0x0025,0x0025,
0x0006,0x0006,0x0024,0x0024,0x0005,0x0006,0x0004,0x0005,0x0004,0x0024,0x0004,0x0005,0x0005,0x0005,0x0005,0x0004,
0x49CB,0x72D0,0x49CB,0x3188,0x62B0,0x5A8F,0x3988,0x4A2D,0x62F1,0x39AA,0x41EB,0x4A6D,0x420C,0x39EB,0x3A0D,0x52D2,
0x31EB,0x3A0C,0x52D1,0x3A4E,0x31EC,0x4AD0,0x5334,0x320C,0x31EB,0x5396,0x4B13,0x320C,0x31EC,0x4B54,0x6459,0x2A2D,
0x324D,0x324D,0x2A6E,0x5CBC,0x4B95,0x222D,0x2AAF,0x2A8F,0x2A4D,0x2B34,0x54DC,0x2AF2,0x2AB0,0x2AB0,0x32D0,0x224F,
0x4437,0x33F6,0x22D1,0x22D1,0x22D1,0x2AF1,0x1B33,0x2C57,0x2374,0x2312,0x2332,0x2332,0x1B53,0x2394,0x2B74,0x2333,
0x2B34,0x22F3,0x3538,0x3CF8,0x1B13,0x2B74,0x2354,0x23D5,0x2436,0x1B54,0x2395,0x2395,0x2395,0x1BB5,0x1B54,0x2374,
0x2394,0x2374,0x1B74,0x1333,0x2333,0x2374,0x2333,0x1B74,0x2416,0x1B33,0x1B13,0x1B13,0x1313,0x2D3A,0x1B95,0x12D1,
0x1AF2,0x1AB1,0x1AF2,0x1AF2,0x1AB1,0x1AB1,0x1AB1,0x1314,0x1291,0x1A90,0x1290,0x1A70,0x1334,0x12B2,0x124F,0x1A4E,
0x12B2,0x1AD2,0x122E,0x124F,0x124E,0x120D,0x120E,0x120E,0x0A0E,0x0A0E,0x0A0E,0x09ED,0x09ED,0x09ED,0x09ED,0x09ED,
0x09ED,0x09CC,0x09CC,0x09CC,0x09AC,0x09AC,0x09AC,0x09AC,0x09AC,0x09AC,0x098B,0x098B,0x096B,0x096B,0x096B,0x096B,
0x096B,0x096A,0x094A,0x094A,0x0949,0x0929,0x094A,0x0928,0x09CF,0x09CE,0x0128,0x0929,0x0908,0x0908,0x0109,0x0109,
0x0908,0x0109,0x012A,0x0909,0x00E8,0x00E8,0x00E8,0x00C7,0x0109,0x00E9,0x00C7,0x00C9,0x00C7,0x00A7,0x00A7,0x00A7,
0x08C8,0x090B,0x00A7,0x00A6,0x00A6,0x0086,0x0086,0x0087,0x0086,0x00C9,0x0087,0x0065,0x0066,0x0086,0x0066,0x0065,
0x0065,0x0087,0x0087,0x0066,0x0088,0x0046,0x0046,0x0046,0x0046,0x0045,0x0045,0x0045,0x0045,0x0045,0x0024,0x0025,
0x0024,0x0044,0x0045,0x0024,0x0024,0x0024,0x0024,0x0024,0x0024,0x0004,0x0024,0x0005,0x0024,0x0024,0x0006,0x0005,
0x0024,0x0024,0x0024,0x0004,0x0004,0x0004,0x0005,0x0006,0x0004,0x0004,0x0004,0x0005,0x0005,0x0004,0x0006,0x0004,
0x3989,0x49EB,0x41CA,0x3989,0x41AA,0x41CA,0x41AA,0x41CB,0x524D,0x41EB,0x41CC,0x6312,0x422D,0x39EB,0x52CF,0x424D,
0x31EB,0x424E,0x5B14,0x3A2C,0x31EC,0x5313,0x4AD1,0x31CA,0x3A2C,0x5BD9,0x3A6F,0x322D,0x3A4D,0x647B,0x42F2,0x322E,
0x324D,0x2A0C,0x547A,0x5459,0x2A2D,0x328E,0x2A8F,0x2A4E,0x2AF2,0x54FC,0x2B34,0x2A6E,0x32B0,0x32B0,0x228F,0x33B5,
0x3C58,0x22F2,0x22B1,0x22F1,0x2AD1,0x12D1,0x453A,0x2B74,0x22D1,0x2B32,0x2B12,0x22D1,0x357B,0x2BF5,0x22F2,0x2B33,
0x2B33,0x1B12,0x1B94,0x2BB5,0x2354,0x2B74,0x2333,0x24B7,0x361C,0x1B94,0x23B5,0x2374,0x1BF5,0x3E7C,0x1C36,0x2354,
0x2395,0x1B54,0x2D7A,0x2518,0x2313,0x1B74,0x2313,0x1C16,0x257B,0x1B33,0x1B13,0x1B33,0x1B13,0x1B33,0x1B13,0x1AF2,
0x1AD2,0x12D2,0x12B1,0x1AB1,0x1AD1,0x1A91,0x1B33,0x1CDC,0x12B2,0x1A70,0x1290,0x126F,0x122F,0x1A4F,0x1A70,0x1A0D,
0x0B57,0x1B97,0x120E,0x124F,0x1250,0x1270,0x122E,0x120E,0x120D,0x09ED,0x0A0D,0x11ED,0x09ED,0x09ED,0x09ED,0x09ED,
0x09ED,0x09CD,0x09CC,0x09AC,0x09AC,0x09CC,0x09AC,0x09AC,0x09AC,0x09AC,0x098B,0x098B,0x096B,0x096B,0x096B,0x096B,
0x096B,0x014B,0x094A,0x094A,0x098C,0x11CD,0x094A,0x0949,0x098D,0x098C,0x0928,0x0109,0x0129,0x0108,0x094B,0x098D,
0x00E8,0x0109,0x0108,0x00E8,0x0909,0x094C,0x00E7,0x00E8,0x00C8,0x00C7,0x00E8,0x016E,0x00C8,0x00A6,0x00A7,0x00A7,
0x00C7,0x00E9,0x00A7,0x00A8,0x00A7,0x0086,0x0086,0x0086,0x0086,0x00A9,0x0087,0x0087,0x0087,0x0065,0x0066,0x0066,
0x0066,0x0066,0x0066,0x0067,0x0088,0x0046,0x0068,0x0047,0x0046,0x0046,0x0045,0x0025,0x0045,0x0045,0x0045,0x0045,
0x0044,0x0045,0x0024,0x0024,0x0025,0x0024,0x0024,0x0025,0x0024,0x0007,0x0025,0x0006,0x0005,0x0024,0x0024,0x0025,
0x0025,0x0024,0x0024,0x0005,0x0004,0x0004,0x0004,0x0004,0x0004,0x0004,0x0005,0x0005,0x0004,0x0004,0x0004,0x0004,
0x5A0C,0x49CB,0x3989,0x49EB,0x628E,0x41AA,0x41AA,0x5A8E,0x41EC,0x39A9,0x4A0C,0x4A2D,0x39EA,0x39EB,0x4A6F,0x4A6E,
0x31EB,0x52CF,0x4AB0,0x320B,0x3A4D,0x6374,0x426E,0x29CA,0x4AD0,0x5396,0x322D,0x320C,0x4B54,0x5C18,0x2A2D,0x3A6E,
0x29EC,0x4BF7,0x5CDC,0x2A4E,0x3A8E,0x32AF,0x2A6E,0x2AD1,0x5CFD,0x3B75,0x2A6E,0x32B0,0x32B0,0x2A8F,0x2B12,0x3CBA,
0x2B74,0x2A6F,0x2AD1,0x2AD0,0x22D1,0x3C17,0x33D5,0x2B12,0x2B12,0x2B12,0x2B32,0x2394,0x23B5,0x2B53,0x2B33,0x2B33,
0x2313,0x3D1A,0x3478,0x1B13,0x2B74,0x2B74,0x1B54,0x1354,0x2395,0x2394,0x2395,0x2395,0x1B74,0x2477,0x1BB5,0x2374,
0x2394,0x2354,0x2416,0x1BF5,0x2333,0x1B54,0x1B33,0x1B13,0x2313,0x1B33,0x1B33,0x1B33,0x1312,0x12F2,0x1B13,0x1AF2,
0x12B1,0x2439,0x2459,0x1291,0x1AB1,0x1AB1,0x1A91,0x12B1,0x1290,0x1A90,0x1270,0x1B75,0x1AD2,0x124F,0x126F,0x1A4E,
0x1A2E,0x122E,0x124F,0x122E,0x0AB3,0x23F9,0x0A4F,0x120D,0x0A0E,0x0A50,0x0A0E,0x09ED,0x09ED,0x09CD,0x09ED,0x09ED,
0x09CC,0x09CC,0x09CC,0x09AC,0x09AC,0x09AC,0x09AC,0x09AC,0x09AC,0x098B,0x098B,0x098B,0x098B,0x018C,0x096B,0x096A,
0x098B,0x1251,0x018C,0x0929,0x098D,0x09AD,0x014A,0x0949,0x0929,0x0129,0x0129,0x098C,0x014A,0x0908,0x012A,0x094B,
0x08E8,0x00E9,0x00E9,0x00E8,0x00E9,0x090B,0x00E7,0x00C8,0x00C8,0x00C7,0x00C7,0x00E8,0x00C7,0x08C8,0x00C8,0x00A7,
0x00A7,0x00A6,0x00A6,0x00EC,0x00C8,0x0086,0x0087,0x0086,0x0086,0x0066,0x0085,0x0088,0x00A8,0x0065,0x0086,0x0066,
0x0066,0x0066,0x0066,0x0066,0x0066,0x0066,0x0046,0x0045,0x0067,0x0068,0x0046,0x0068,0x0045,0x0065,0x0045,0x0045,
0x0046,0x0025,0x0046,0x0024,0x0047,0x0025,0x0024,0x0027,0x0025,0x0026,0x0025,0x0024,0x0024,0x0005,0x0024,0x0006,
0x0006,0x0004,0x0024,0x0006,0x0006,0x0005,0x0006,0x0004,0x0004,0x0004,0x0005,0x0005,0x0005,0x0005,0x0004,0x0007,
0x7A90,0x624E,0x3988,0x49CB,0x6AAF,0x41CB,0x41A9,0x5A8F,0x524E,0x3988,0x526F,0x62F2,0x39A9,0x422D,0x5AF1,0x39EB,
0x31CB,0x4A90,0x4A90,0x31CA,0x428E,0x5B54,0x3A2D,0x31EB,0x5B54,0x4311,0x320B,0x322C,0x5C3A,0x42F1,0x320C,0x322D,
0x42F1,0x753C,0x32B0,0x324E,0x3A8F,0x326E,0x32D0,0x5CDC,0x4395,0x2A4D,0x328F,0x32AF,0x328F,0x2AAF,0x447A,0x33B7,
0x2A6E,0x2AD0,0x2AB0,0x32B0,0x2312,0x3C99,0x2B53,0x2AF2,0x2B12,0x2AF2,0x1AD1,0x2D9C,0x2BD5,0x1AF1,0x2B33,0x2B33,
0x1AF2,0x2436,0x2BF6,0x2334,0x2B74,0x2333,0x24D7,0x3D9A,0x1353,0x2395,0x2394,0x23D5,0x2C77,0x1B94,0x2374,0x2394,
0x2394,0x23D5,0x1B74,0x1B33,0x2354,0x1B33,0x1BB5,0x2416,0x2313,0x1B33,0x2333,0x1313,0x2D1A,0x1B95,0x12F2,0x1AF2,
0x1AB1,0x1B54,0x1B54,0x1AB1,0x1AD1,0x1AB1,0x12B1,0x1290,0x1A90,0x1A90,0x1A6F,0x13D9,0x12F3,0x1A6F,0x1A6F,0x124F,
0x124F,0x124F,0x124F,0x124F,0x124F,0x1270,0x122E,0x120D,0x0A30,0x1B78,0x0A71,0x11EC,0x09EE,0x1A92,0x122F,0x09CD,
0x09CD,0x120E,0x09ED,0x09AC,0x09AC,0x11CD,0x11AD,0x098B,0x098B,0x0A30,0x11CC,0x096B,0x096B,0x1272,0x09AD,0x0949,
0x098C,0x0A10,0x096B,0x0949,0x0929,0x0929,0x0949,0x094A,0x014A,0x0929,0x014B,0x09CF,0x014B,0x0108,0x0908,0x08E8,
0x00E8,0x094C,0x094C,0x00E8,0x00E8,0x00E8,0x00C7,0x0929,0x0929,0x00A7,0x00C7,0x00C7,0x00C7,0x090C,0x090C,0x00A7,
0x00A7,0x00A7,0x00A6,0x00A6,0x00A6,0x00A8,0x08EB,0x0087,0x0086,0x0086,0x0086,0x0086,0x0086,0x0066,0x00A8,0x0087,
0x0086,0x0066,0x0065,0x0045,0x0046,0x0045,0x0045,0x0045,0x0046,0x0045,0x0045,0x0065,0x0045,0x0045,0x0045,0x0025,
0x0047,0x0025,0x0027,0x0025,0x0024,0x0024,0x0024,0x0024,0x0004,0x0004,0x0004,0x0005,0x0024,0x0006,0x0005,0x0024,
0x0024,0x0006,0x0006,0x0004,0x0004,0x0004,0x0004,0x0004,0x0004,0x0004,0x0004,0x0003,0x0004,0x0006,0x0004,0x0005,
0x3948,0x41A9,0x49C9,0x49CA,0x41AA,0x41C9,0x49EC,0x4A0C,0x41A9,0x41EB,0x4A0C,0x41EB,0x39EA,0x420C,0x52B0,0x3A0B,
0x39EB,0x6354,0x426E,0x31CA,0x4AB0,0x5334,0x320C,0x3A4D,0x6397,0x3A8E,0x2A0B,0x42D0,0x6439,0x322E,0x3A4D,0x324E,
0x6CFB,0x4B74,0x2A0D,0x3A8F,0x324E,0x2A90,0x5CFC,0x4BD6,0x2A4E,0x32AF,0x328F,0x328F,0x2A6F,0x4479,0x3417,0x2A6E,
0x32D0,0x2AD0,0x32D0,0x1A90,0x453C,0x2B74,0x2AB2,0x3312,0x32F2,0x2B12,0x3416,0x2B53,0x2B12,0x2B33,0x2B33,0x2333,
0x3CF9,0x2C16,0x1B13,0x2B74,0x2B74,0x2313,0x1BD5,0x2C97,0x1B74,0x2395,0x2374,0x1C16,0x369D,0x1C56,0x2354,0x2395,
0x1B74,0x2DFB,0x14D7,0x2313,0x1B74,0x2313,0x1C57,0x259B,0x1B13,0x1B33,0x2333,0x1B13,0x2395,0x1B33,0x1B13,0x1AF2,
0x12B1,0x1290,0x1AB1,0x1AD2,0x1AB1,0x1B33,0x249A,0x12B1,0x1A90,0x1A90,0x1A6F,0x126F,0x126F,0x1A90,0x124E,0x1397,
0x1B97,0x122E,0x1A4F,0x124F,0x0A0E,0x120E,0x122E,0x122E,0x122E,0x124F,0x0A2E,0x11ED,0x09EE,0x1AF5,0x0A51,0x11CC,
0x09CD,0x12F5,0x1272,0x09AB,0x098C,0x1293,0x1272,0x096B,0x098B,0x0A94,0x0A0F,0x096B,0x096B,0x09CD,0x098B,0x096A,
0x096A,0x094A,0x094A,0x094A,0x094A,0x094A,0x0928,0x09CF,0x09AF,0x0128,0x0929,0x0109,0x0929,0x0109,0x0109,0x0909,
0x00E8,0x092B,0x092B,0x00E8,0x00C8,0x00E8,0x00C8,0x0909,0x0909,0x00A7,0x00C8,0x00C7,0x00C7,0x00C7,0x00A7,0x00A7,
0x08EA,0x00C7,0x00A6,0x00A6,0x00A6,0x00A7,0x00CA,0x0087,0x00A8,0x00A8,0x0086,0x0086,0x0086,0x0086,0x0066,0x0065,
0x0087,0x0087,0x0045,0x0066,0x0045,0x0046,0x0046,0x0045,0x0045,0x0045,0x0045,0x0045,0x0045,0x0045,0x0045,0x0045,
0x0044,0x0044,0x0024,0x0044,0x0024,0x0024,0x0024,0x0004,0x0025,0x0024,0x0006,0x0007,0x0005,0x0024,0x0005,0x0024,
0x0024,0x0024,0x0006,0x0006,0x0004,0x0004,0x0004,0x0004,0x0004,0x0004,0x0005,0x0006,0x0006,0x0004,0x0005,0x0003,
0x6A8E,0x49A9,0x41A9,0x82F1,0x6A4E,0x3987,0x5A2E,0x7332,0x41CA,0x41CB,0x7353,0x524E,0x39CA,0x62F1,0x528F,0x39EA,
0x422C,0x52B0,0x422C,0x31EB,0x5B33,0x4AB0,0x31CB,0x428F,0x6375,0x3A4C,0x322B,0x5395,0x5394,0x322D,0x320D,0x53D6,
0x6CDA,0x2A2E,0x3A8F,0x326F,0x324E,0x651C,0x5417,0x2A4E,0x32AF,0x32AF,0x328E,0x2A6F,0x4C5A,0x4418,0x2A8F,0x32D0,
0x2AD0,0x32D0,0x22B1,0x4479,0x33B5,0x2AD1,0x32F2,0x3312,0x2AF2,0x1AF2,0x2D5B,0x2B74,0x22F2,0x2B33,0x2B33,0x1AF2,
0x2C98,0x3436,0x2353,0x2B74,0x2334,0x2C16,0x2C37,0x1B13,0x2375,0x2395,0x2394,0x1B74,0x2374,0x2395,0x2394,0x2394,
0x1B54,0x23B5,0x1B94,0x2354,0x2354,0x1B33,0x1B13,0x1B33,0x1B33,0x1B33,0x1B33,0x12F2,0x12D2,0x1B13,0x1B13,0x12B1,
0x2438,0x23F7,0x12B1,0x1AF2,0x1AB1,0x1AD2,0x1B54,0x12B1,0x1A90,0x1A90,0x12D2,0x1A90,0x1A6F,0x1270,0x126F,0x12D2,
0x1AB1,0x124E,0x122E,0x1292,0x2355,0x0A2E,0x120E,0x122E,0x09ED,0x0A0D,0x120D,0x11ED,0x11ED,0x11CC,0x11CC,0x11CD,
0x11ED,0x11CC,0x11CC,0x11AC,0x11AC,0x118C,0x118B,0x118B,0x118B,0x096B,0x098B,0x098B,0x096A,0x094A,0x096A,0x096A,
0x096B,0x096B,0x094A,0x09AD,0x1231,0x014B,0x0949,0x096A,0x094A,0x0129,0x0129,0x0129,0x0908,0x014B,0x09AF,0x0109,
0x0908,0x00E8,0x00C8,0x00E9,0x096D,0x0109,0x00C7,0x00C7,0x00A7,0x00C8,0x012C,0x00E9,0x00A7,0x00A7,0x00A7,0x00A7,
0x00EB,0x00C7,0x00A6,0x00A7,0x00A6,0x0086,0x0086,0x0086,0x00CA,0x00C9,0x0086,0x00A7,0x0086,0x0086,0x0066,0x0066,
0x0066,0x0065,0x0047,0x0068,0x0065,0x0067,0x0068,0x0045,0x0066,0x0045,0x0045,0x0045,0x0025,0x0045,0x0045,0x0025,
0x0045,0x0025,0x0045,0x0025,0x0025,0x0024,0x0027,0x0025,0x0026,0x0025,0x0024,0x0024,0x0005,0x0004,0x0006,0x0006,
0x0024,0x0005,0x0024,0x0004,0x0006,0x0006,0x0004,0x0004,0x0004,0x0005,0x0006,0x0003,0x0005,0x0005,0x0006,0x0004,
0x624D,0x49A9,0x41A9,0x41A9,0x49CA,0x49CA,0x41AA,0x49CA,0x49EA,0x41CA,0x4A0B,0x41EB,0x41CA,0x524E,0x526F,0x39EA,
0x526F,0x6314,0x39EA,0x3A2C,0x5B11,0x426E,0x31EB,0x5311,0x5B54,0x320B,0x3A6D,0x5C19,0x42D0,0x320C,0x3A6E,0x6D1C,
0x42F1,0x322D,0x326E,0x2A0E,0x6CFB,0x6478,0x222E,0x328F,0x32AF,0x328F,0x2A6F,0x4C7A,0x547A,0x2A6F,0x32AF,0x2AB0,
0x32F0,0x22B0,0x3BD6,0x4478,0x2AF2,0x2AB0,0x3312,0x32F2,0x2AF2,0x3D1A,0x2B33,0x2AD1,0x2B32,0x2B12,0x2B13,0x3CF9,
0x2BD5,0x22F2,0x2B74,0x2B74,0x22F2,0x1CB6,0x3519,0x1B33,0x2B75,0x2354,0x2416,0x3D7A,0x1B94,0x2374,0x2374,0x2374,
0x2C57,0x1BD5,0x2334,0x2354,0x2333,0x1BD5,0x2416,0x2313,0x2333,0x2313,0x1333,0x2D1A,0x1B74,0x1AF2,0x1B12,0x12D2,
0x23F7,0x1BB6,0x12B1,0x1AD2,0x1AB1,0x1270,0x1270,0x1A90,0x1A90,0x1A6F,0x149C,0x1B34,0x1A4E,0x1A90,0x124F,0x122E,
0x124E,0x124F,0x122E,0x0A91,0x1B35,0x0A2F,0x120D,0x0A2F,0x1B35,0x0A50,0x120C,0x120D,0x09ED,0x11ED,0x11CD,0x11ED,
0x09AC,0x09CC,0x09CC,0x11AC,0x098C,0x098B,0x118B,0x118B,0x096B,0x096B,0x098B,0x096B,0x09AC,0x098B,0x096A,0x116A,
0x0A52,0x098D,0x0949,0x096B,0x09AD,0x014A,0x0949,0x0929,0x0929,0x0129,0x09AC,0x014B,0x0908,0x0129,0x0929,0x0909,
0x00E8,0x00E8,0x08E8,0x00E9,0x094C,0x00E8,0x00C8,0x00C8,0x08C7,0x00C8,0x010B,0x00E8,0x00C7,0x00C8,0x00A7,0x00A7,
0x00A7,0x00A6,0x00E9,0x010B,0x00A7,0x0086,0x0086,0x0086,0x0086,0x0086,0x00A8,0x00EA,0x0087,0x0086,0x0066,0x0066,
0x0065,0x0066,0x0045,0x0045,0x0045,0x0066,0x0065,0x0067,0x0069,0x0046,0x0068,0x0065,0x0046,0x0068,0x0025,0x0048,
0x0025,0x0048,0x0045,0x0027,0x0028,0x0024,0x0027,0x0025,0x0024,0x0024,0x0024,0x0024,0x0006,0x0006,0x0024,0x0024,
0x0006,0x0006,0x0004,0x0005,0x0004,0x0004,0x0004,0x0005,0x0006,0x0004,0x0005,0x0005,0x0004,0x0004,0x0004,0x0006,
0x4989,0x49A9,0x5A2B,0x6A8D,0x49AA,0x49CA,0x7312,0x626F,0x3988,0x628F,0x7313,0x41A9,0x4A0C,0x6B11,0x4A0C,0x420B,
0x528E,0x528F,0x39EB,0x4A4D,0x6314,0x3A0C,0x3A0C,0x5B53,0x4AB0,0x29EB,0x4AD0,0x63D7,0x3A4D,0x31EC,0x53B5,0x6478,
0x2A0D,0x428E,0x322D,0x74B8,0x7CF9,0x2A2D,0x328F,0x3AB0,0x328F,0x2A4E,0x5C9A,0x5C9A,0x2A8F,0x32AF,0x2AAF,0x32F0,
0x2AB0,0x3394,0x54BA,0x2313,0x22B0,0x2AF1,0x2AF1,0x3311,0x3373,0x3C16,0x2B32,0x2AF1,0x2B32,0x2B12,0x1AF2,0x2C97,
0x33F5,0x2B33,0x2B74,0x2B53,0x2BD5,0x2B95,0x2313,0x2354,0x2374,0x2334,0x1BB5,0x34F9,0x1B94,0x2B54,0x2374,0x1B54,
0x2DBB,0x1476,0x2AF3,0x2374,0x22F3,0x2457,0x1D5A,0x1AF2,0x2333,0x2313,0x1B33,0x2417,0x1B33,0x1AF2,0x1AF2,0x12D1,
0x12B1,0x12D2,0x1AD1,0x1AB1,0x2313,0x2418,0x1AB1,0x1A90,0x1A91,0x1A90,0x1AF2,0x1A90,0x1A6F,0x1A4E,0x1B14,0x1B13,
0x124E,0x124E,0x124E,0x122E,0x0A0D,0x122E,0x120E,0x0A2F,0x1B15,0x0A50,0x11EC,0x09EE,0x1B16,0x0A51,0x11CC,0x09CD,
0x1291,0x122F,0x11AC,0x09AC,0x120E,0x11EE,0x098B,0x098B,0x1272,0x120F,0x096B,0x096B,0x0295,0x09CD,0x094A,0x096B,
0x09CD,0x096B,0x094A,0x094A,0x0129,0x0949,0x094A,0x094A,0x0929,0x0129,0x09CF,0x014C,0x0908,0x0909,0x0909,0x08E8,
0x094B,0x096C,0x00E8,0x0108,0x00E8,0x00E8,0x08E9,0x092B,0x00C7,0x00C7,0x00A7,0x00A7,0x08EA,0x092E,0x00A7,0x00C6,
0x00A6,0x00A6,0x00A8,0x08C7,0x00A6,0x08CA,0x00A7,0x0086,0x0086,0x0086,0x0086,0x0086,0x0085,0x00A9,0x0089,0x0065,
0x0066,0x0066,0x0045,0x0045,0x0045,0x0045,0x0045,0x0045,0x0045,0x0045,0x0045,0x0045,0x0045,0x0045,0x0045,0x0048,
0x0045,0x0045,0x0024,0x0024,0x0024,0x0024,0x0024,0x0024,0x0024,0x0006,0x0006,0x0024,0x0024,0x0006,0x0006,0x0024,
0x0024,0x0025,0x0004,0x0006,0x0006,0x0004,0x0006,0x0024,0x0005,0x0006,0x0004,0x0005,0x0005,0x0006,0x0023,0x0007,
0x620B,0x41A9,0x622C,0x72AE,0x49CA,0x49A9,0x520B,0x520C,0x49C9,0x49EA,0x522C,0x49EA,0x41CB,0x526E,0x4A2C,0x39CA,
0x6B12,0x5AD1,0x39EA,0x52AE,0x5AD1,0x3A0C,0x3A2D,0x6396,0x4A6F,0x31EB,0x5333,0x5B74,0x320C,0x3A2D,0x6CB9,0x4B32,
0x322D,0x322D,0x5BF5,0x95BC,0x324E,0x326E,0x3AB0,0x326F,0x2A4E,0x64DA,0x5C9A,0x2A6F,0x32AF,0x32AF,0x32D0,0x2AAF,
0x3332,0x54FB,0x2B53,0x22AF,0x2AD1,0x2AF1,0x32F1,0x2B32,0x3D5B,0x2AF1,0x22D1,0x2B32,0x2B12,0x2B12,0x3539,0x2394,
0x22F2,0x2B53,0x2B53,0x2312,0x2539,0x3D19,0x2313,0x2B74,0x2354,0x2395,0x2BF6,0x1B13,0x2354,0x2354,0x2374,0x1B13,
0x2333,0x2354,0x2354,0x2354,0x2333,0x1B13,0x1B33,0x2333,0x2333,0x2333,0x12F2,0x12D2,0x1AF2,0x1AF2,0x12D2,0x23D6,
0x1BB5,0x1AD2,0x1AD1,0x1AB1,0x1B33,0x2419,0x1AB1,0x1A90,0x1A91,0x1270,0x126F,0x1A70,0x1A90,0x1A4E,0x1335,0x1B75,
0x0A4E,0x124E,0x124F,0x126F,0x122E,0x122E,0x122E,0x120E,0x09ED,0x120D,0x120D,0x11ED,0x1A50,0x120F,0x11CC,0x09CD,
0x1AD4,0x0A51,0x09AB,0x09AC,0x1293,0x1231,0x096B,0x098B,0x1252,0x11EE,0x096B,0x096B,0x098B,0x096B,0x096A,0x096A,
0x094A,0x094A,0x094A,0x094A,0x094A,0x0929,0x01AE,0x09F0,0x0129,0x0929,0x0109,0x0909,0x0929,0x0929,0x0909,0x0908,
0x094B,0x096C,0x00E8,0x00E8,0x0108,0x00E8,0x08E9,0x092B,0x00C7,0x00A7,0x00A7,0x00C7,0x00C8,0x00C8,0x00A7,0x00C8,
0x00C7,0x00A6,0x00A7,0x00A6,0x08A6,0x00EB,0x00A8,0x0086,0x0086,0x0086,0x0086,0x0086,0x0086,0x0086,0x0066,0x0068,
0x0089,0x0065,0x0066,0x0066,0x0045,0x0045,0x0045,0x0045,0x0045,0x0045,0x0045,0x0045,0x0045,0x0045,0x0045,0x0025,
0x0045,0x0024,0x0045,0x0045,0x0024,0x0024,0x0024,0x0027,0x0025,0x0024,0x0025,0x0005,0x0006,0x0024,0x0023,0x0007,
0x0006,0x0024,0x0025,0x0023,0x0004,0x0005,0x0006,0x0007,0x0004,0x0005,0x0005,0x0003,0x0006,0x0004,0x0007,0x0007,
0x51C9,0x51C9,0x51CA,0x49A9,0x49A9,0x5A0C,0x626E,0x49C9,0x49CA,0x7311,0x522D,0x41A9,0x628F,0x62D1,0x41C9,0x4A2C,
0x62F0,0x4A2C,0x41EB,0x52AF,0x5AF1,0x39EC,0x4A8E,0x6354,0x3A2C,0x3A0C,0x6395,0x52F0,0x31EB,0x42D0,0x6CB9,0x3A6E,
0x3A4D,0x3A8F,0x95BC,0x4B11,0x322D,0x3AB0,0x2A4E,0x32B0,0x7D3B,0x6478,0x2A6F,0x32AF,0x32AF,0x32D0,0x2A8F,0x3353,
0x5D1C,0x3374,0x2A8F,0x2AD1,0x2AD1,0x2AB0,0x2311,0x3CFA,0x3332,0x2AF1,0x2B11,0x2B32,0x2B32,0x2B33,0x3477,0x3394,
0x2B13,0x2B33,0x2B33,0x2B74,0x2B74,0x2B33,0x2B33,0x2B54,0x2333,0x1C36,0x35FB,0x1B94,0x2B54,0x2354,0x2374,0x3519,
0x23D5,0x2B34,0x2374,0x2313,0x2416,0x2478,0x22F3,0x2333,0x2312,0x1B53,0x251A,0x1B74,0x1AF2,0x1AF2,0x12D2,0x2459,
0x1BF8,0x12B1,0x1AB1,0x1AB1,0x1290,0x1270,0x1A90,0x1A90,0x1A90,0x1BD9,0x1AF3,0x1A6F,0x1A6F,0x1A6F,0x124F,0x124E,
0x124F,0x122D,0x0AB3,0x1BB9,0x0A2F,0x122E,0x122E,0x122E,0x122E,0x120D,0x120D,0x11ED,0x11CC,0x11CD,0x11CD,0x11CC,
0x09AC,0x09AC,0x11AC,0x11CC,0x09AC,0x09AB,0x11AB,0x098B,0x096B,0x096B,0x098B,0x096B,0x096A,0x096A,0x096A,0x098B,
0x096A,0x0949,0x098D,0x1231,0x014B,0x0949,0x094A,0x094A,0x0929,0x0109,0x0929,0x0908,0x012B,0x11D0,0x012A,0x0908,
0x0908,0x00E8,0x00E8,0x094B,0x0929,0x00E8,0x00E8,0x00C7,0x00C8,0x090B,0x00E9,0x00A7,0x00C7,0x00A7,0x00A7,0x010D,
0x08E9,0x00A6,0x00A7,0x00A7,0x00A6,0x0086,0x0086,0x00CA,0x00CA,0x0066,0x0086,0x0086,0x0086,0x0086,0x0066,0x0066,
0x0066,0x0066,0x00A8,0x0067,0x0066,0x0087,0x0045,0x0046,0x0045,0x0045,0x0045,0x0045,0x0045,0x0045,0x0045,0x0025,
0x0045,0x0044,0x0045,0x0027,0x0025,0x0027,0x0025,0x0024,0x0024,0x0024,0x0024,0x0006,0x0025,0x0024,0x0025,0x0023,
0x0006,0x0005,0x0006,0x0006,0x0004,0x0006,0x0004,0x0004,0x0004,0x0005,0x0004,0x0005,0x0006,0x0024,0x0009,0x0003,
0x51A9,0x51CA,0x9331,0x6A4D,0x49A8,0x624E,0x72F0,0x51EA,0x49CA,0x626E,0x522C,0x41A9,0x522C,0x5A6E,0x41EA,0x4A0C,
0x6B32,0x4A2C,0x41EB,0x6B33,0x528F,0x39CB,0x52D0,0x6333,0x3A0C,0x424D,0x6BB6,0x428E,0x320B,0x53D5,0x63D5,0x3A2D,
0x322C,0x7498,0x7497,0x29EC,0x42AF,0x324E,0x3AF1,0x8DFD,0x5C16,0x222E,0x32AF,0x32AF,0x32AF,0x2A6E,0x3B53,0x5D1C,
0x3B95,0x2A8F,0x2AD0,0x2AD0,0x2AB1,0x22B1,0x3C77,0x3C16,0x32F1,0x2AF1,0x2B12,0x2AF1,0x22F1,0x359C,0x2374,0x22F2,
0x2B33,0x2B33,0x22D1,0x2D7A,0x34D8,0x22F2,0x2B53,0x2B54,0x2354,0x2354,0x2394,0x2354,0x2354,0x2354,0x2354,0x34F8,
0x1BD5,0x2334,0x2354,0x2313,0x2C57,0x2CD9,0x22F3,0x2333,0x2313,0x1B13,0x2C37,0x1B33,0x1AF2,0x1AF2,0x1AD2,0x12B1,
0x1AD2,0x1AD1,0x1AB1,0x1AF2,0x1B54,0x1AB0,0x1A90,0x1A90,0x1A90,0x1BD8,0x1AF2,0x1A4F,0x1A6F,0x1A6F,0x1A6F,0x1A6F,
0x124E,0x124E,0x126F,0x126F,0x122E,0x120E,0x0A50,0x1BB9,0x0A72,0x11EC,0x120D,0x122E,0x120E,0x11CD,0x11CD,0x11AC,
0x11AC,0x11AC,0x11AC,0x098C,0x098B,0x11AB,0x11AB,0x098B,0x098B,0x098B,0x096B,0x09CD,0x11AC,0x096A,0x096A,0x0A53,
0x09AD,0x0949,0x096A,0x098C,0x014A,0x0949,0x0929,0x0929,0x0928,0x098C,0x096C,0x0908,0x0929,0x092A,0x0909,0x0909,
0x08E8,0x0908,0x00E8,0x096C,0x092A,0x00E7,0x00C8,0x08E8,0x00C8,0x092A,0x00E9,0x00A7,0x00A7,0x00A7,0x00C7,0x00C7,
0x00A7,0x00C7,0x00EA,0x00A7,0x0086,0x00A6,0x00A6,0x00A7,0x00A6,0x0087,0x00CB,0x0088,0x0065,0x0086,0x0066,0x0066,
0x0065,0x0066,0x0046,0x0045,0x0066,0x0066,0x0067,0x0089,0x0046,0x008A,0x0047,0x0046,0x0068,0x0045,0x0068,0x0025,
0x0048,0x0045,0x0024,0x0045,0x0024,0x0024,0x0024,0x0024,0x0006,0x0007,0x0025,0x0023,0x0006,0x0006,0x0024,0x0024,
0x0025,0x0024,0x0023,0x0006,0x0005,0x0004,0x0006,0x0005,0x0005,0x0006,0x0005,0x0007,0x0003,0x0007,0x0009,0x0002,
0x51C9,0x51C9,0x5A0B,0x59EA,0x51C9,0x59EB,0x51CA,0x51C9,0x5A2D,0x628F,0x49C9,0x49EA,0x6AF1,0x520D,0x41CA,0x5AAF,
0x5A90,0x420A,0x4A4D,0x5AD0,0x4A4C,0x39EB,0x5B13,0x5B13,0x39EB,0x4A8E,0x6BB6,0x3A2D,0x3A4C,0x6C38,0x5311,0x322C,
0x42AF,0x8D7B,0x42D0,0x3A4E,0x324E,0x4311,0xA63D,0x5BF5,0x220D,0x32AF,0x32B0,0x32AF,0x2A2E,0x3BB5,0x5D5D,0x3B74,
0x2A8F,0x32D0,0x2AD0,0x2AD0,0x2A90,0x3BD6,0x4CB9,0x2AF2,0x2AD1,0x3311,0x2AF1,0x3312,0x3C16,0x3394,0x2B32,0x2B33,
0x2B33,0x2B13,0x2B94,0x2B94,0x2B53,0x2B33,0x2B53,0x22F2,0x2477,0x3D5A,0x1B13,0x2B34,0x2353,0x2334,0x2354,0x1AF2,
0x2333,0x2354,0x2334,0x2313,0x1AF3,0x1B13,0x2333,0x2333,0x2312,0x1AD1,0x12D2,0x1AF2,0x1AF2,0x1AD2,0x2354,0x1B33,
0x1AF2,0x1AB1,0x1A90,0x1B54,0x1C7B,0x12B1,0x1A90,0x1A90,0x1270,0x124F,0x1A6F,0x1A6F,0x1A4E,0x1398,0x1B97,0x124E,
0x124E,0x124E,0x0A0D,0x122E,0x122E,0x122E,0x122E,0x124F,0x120E,0x120D,0x09EE,0x1B15,0x0A73,0x11CC,0x09CD,0x1292,
0x0A72,0x09AB,0x09AC,0x1251,0x1230,0x098B,0x098B,0x1252,0x1252,0x096B,0x098B,0x0A73,0x11EF,0x096A,0x096B,0x098C,
0x096A,0x094A,0x094A,0x0949,0x094A,0x094A,0x094A,0x092A,0x0109,0x09CF,0x098E,0x0908,0x0929,0x0908,0x0908,0x094B,
0x096C,0x00E7,0x0108,0x00E8,0x00E8,0x0108,0x012A,0x08C8,0x08C8,0x00A7,0x00A7,0x00E9,0x090C,0x00A7,0x00C7,0x00C7,
0x00A7,0x00C8,0x08EA,0x00A7,0x00A7,0x00A6,0x00A6,0x0086,0x0086,0x0086,0x00A7,0x0086,0x00A9,0x00A8,0x0065,0x0066,
0x0066,0x0065,0x0045,0x0045,0x0045,0x0045,0x0045,0x0046,0x0045,0x0046,0x0045,0x0045,0x0045,0x0045,0x0045,0x0025,
0x0045,0x0045,0x0024,0x0024,0x0025,0x0024,0x0027,0x0025,0x0024,0x0024,0x0006,0x0024,0x0024,0x0024,0x0006,0x0007,
0x0024,0x0006,0x0005,0x0023,0x0006,0x0006,0x0025,0x0006,0x0006,0x0006,0x0007,0x0006,0x0005,0x0850,0x002C,0x0002,
0x51A9,0x6A2C,0x6A6C,0x51A9,0x51CA,0x8352,0x6A6E,0x49A8,0x624D,0x72F0,0x51EA,0x49EA,0x62AE,0x5A6D,0x41EA,0x5A6D,
0x62CF,0x420A,0x524D,0x7354,0x422B,0x420C,0x6374,0x52AF,0x39EB,0x52F1,0x6354,0x3A2C,0x4A8E,0x6C38,0x42AF,0x320C,
0x63D6,0x7C98,0x322D,0x3A6E,0x3AAF,0xAE3D,0x6C15,0x220D,0x3AB0,0x3AB0,0x326E,0x2A6E,0x6437,0x755C,0x3354,0x2A8F,
0x32B0,0x32B0,0x32D0,0x2A90,0x3B95,0x4CBA,0x22F1,0x2AD1,0x32F1,0x32F1,0x32D1,0x3333,0x451A,0x3312,0x2AF2,0x2B33,
0x2B13,0x22D1,0x2D9B,0x3436,0x22D2,0x2B33,0x2B33,0x22D2,0x2374,0x3416,0x2333,0x2353,0x2333,0x1B94,0x35DC,0x1BB5,
0x2313,0x2354,0x2313,0x2477,0x2498,0x22F3,0x2333,0x22F2,0x1B53,0x24F9,0x2333,0x1AF2,0x1AF2,0x12D1,0x2499,0x1BF8,
0x12B1,0x1AD1,0x1AB1,0x1AB1,0x12D2,0x1AB0,0x1A90,0x1A90,0x1B14,0x1AB1,0x1A6F,0x1A6F,0x1A4E,0x1AB1,0x1AB1,0x124E,
0x124E,0x0A90,0x1B35,0x0A50,0x122E,0x122E,0x120D,0x120D,0x120D,0x120D,0x120D,0x120E,0x11EE,0x11ED,0x09CD,0x1A71,
0x1230,0x11AB,0x09AC,0x1271,0x1230,0x098B,0x098B,0x11EE,0x11EF,0x096B,0x098B,0x096C,0x096B,0x096B,0x096A,0x096A,
0x096A,0x094A,0x094A,0x094A,0x0929,0x098D,0x0A0F,0x012A,0x0929,0x0129,0x0109,0x0928,0x0909,0x0929,0x0908,0x094B,
0x098D,0x00E7,0x00E8,0x00E8,0x00E7,0x0109,0x016D,0x08C7,0x00C8,0x00A7,0x00C7,0x00C8,0x090B,0x00C7,0x00A7,0x00A7,
0x00A7,0x00A7,0x00A7,0x00A6,0x00EC,0x00C9,0x0086,0x0086,0x0086,0x0086,0x0086,0x0066,0x0087,0x0086,0x0088,0x00A9,
0x0065,0x0066,0x0066,0x0045,0x0045,0x0045,0x0045,0x0045,0x0045,0x0045,0x0045,0x0045,0x0045,0x0045,0x0045,0x0025,
0x0025,0x0024,0x0045,0x0024,0x0027,0x0025,0x0024,0x0024,0x0024,0x0024,0x0005,0x0006,0x0025,0x0023,0x0024,0x0023,
0x0024,0x0024,0x0025,0x0006,0x0025,0x0006,0x0005,0x0025,0x0005,0x0026,0x000A,0x0022,0x0004,0x0050,0x0056,0x0040,
0x51A8,0x7A8D,0x82CF,0x51A9,0x51C9,0x51CA,0x51EA,0x51C9,0x5A2C,0x51EB,0x51EA,0x5A4D,0x62B0,0x49EA,0x4A0B,0x6B12,
0x522D,0x41EA,0x5A8E,0x5AB0,0x420B,0x4A4D,0x6B74,0x528E,0x39EB,0x6374,0x5B11,0x3A0B,0x52F0,0x6BD6,0x3A4E,0x3A4D,
0x7CDB,0x5353,0x324D,0x322D,0x9DBA,0x84D7,0x21ED,0x3AB0,0x3290,0x2A2E,0x3AF1,0x7D5B,0x751A,0x32D0,0x328F,0x32D0,
0x32B0,0x32B0,0x2A6F,0x3BB6,0x5CFC,0x2AD2,0x2AD1,0x32F1,0x32F1,0x2AD1,0x2B12,0x3D5B,0x2312,0x2AF1,0x2B12,0x2B12,
0x2B13,0x2C16,0x2B94,0x2B33,0x2B33,0x2B33,0x2AF2,0x2C77,0x34B8,0x1AF2,0x2B33,0x2333,0x2333,0x1B13,0x23B5,0x2353,
0x2333,0x2334,0x22F3,0x2C37,0x2437,0x22F3,0x2333,0x22F3,0x1B33,0x2C16,0x22F2,0x1AF2,0x1AF2,0x1AD2,0x1AF2,0x1AD2,
0x1AD1,0x1AB1,0x1AB1,0x1AB1,0x1AB1,0x1AB0,0x1A90,0x1A6F,0x1C7C,0x1B34,0x1A4F,0x1A6F,0x1A4E,0x122E,0x1A4E,0x124E,
0x124E,0x1291,0x23B7,0x0A50,0x122D,0x122F,0x12B2,0x122F,0x120D,0x120D,0x09ED,0x11CC,0x11ED,0x11ED,0x11CD,0x09AC,
0x09AC,0x11AC,0x11CC,0x09AC,0x098B,0x11AB,0x11AB,0x096B,0x096B,0x098B,0x096B,0x096A,0x096B,0x096B,0x096A,0x096A,
0x094A,0x098B,0x0A52,0x096C,0x0929,0x094A,0x094A,0x092A,0x0929,0x0928,0x0928,0x0129,0x09CF,0x094C,0x0908,0x0909,
0x00E8,0x00E8,0x0929,0x0109,0x00E8,0x00E8,0x00E8,0x00C8,0x00E9,0x00E9,0x00C7,0x00C7,0x00A7,0x00A7,0x00EB,0x00EB,
0x00A7,0x00A6,0x00A6,0x00A6,0x00A8,0x00A6,0x00A8,0x00CA,0x0087,0x0086,0x0086,0x0086,0x0086,0x0066,0x0066,0x0087,
0x0065,0x0087,0x0087,0x0066,0x0067,0x0045,0x0045,0x0045,0x0045,0x0045,0x0045,0x0045,0x0045,0x0045,0x0045,0x0048,
0x0025,0x0027,0x0027,0x0025,0x0025,0x0024,0x0024,0x0027,0x0007,0x0025,0x0023,0x0024,0x0005,0x0007,0x0007,0x0025,
0x0006,0x0006,0x0024,0x0023,0x0025,0x0007,0x0006,0x0005,0x0006,0x0873,0x004E,0x0020,0x0004,0x0005,0x002C,0x002C,
0x59C9,0x51A9,0x51A9,0x51A9,0x6A6F,0x7AF1,0x51C9,0x49C9,0x8332,0x626E,0x49C9,0x5A2C,0x72F0,0x4A0A,0x49EA,0x6AEF,
0x526D,0x41CA,0x5AAE,0x62D0,0x41EA,0x528F,0x6B54,0x424C,0x420C,0x6374,0x52CF,0x31EB,0x5B33,0x6394,0x320C,0x42AF,
0x84DB,0x42B0,0x322D,0x63D4,0xADFC,0x2A2E,0x3AAF,0x326F,0x2A0E,0x6456,0x965E,0x5C37,0x2A6F,0x328F,0x3AD0,0x32B0,
0x32B0,0x2A6F,0x43D7,0x5D1D,0x2AF3,0x2AB0,0x32F1,0x32F1,0x2AD1,0x2B12,0x3478,0x3BD5,0x32F2,0x32F2,0x2B12,0x2AF2,
0x22D1,0x35BA,0x33B4,0x2AD2,0x2B32,0x2B33,0x22D2,0x2BF6,0x3C78,0x2313,0x2B33,0x2332,0x1B94,0x34D8,0x1333,0x2B13,
0x2333,0x2334,0x2313,0x1AF2,0x1AF2,0x2333,0x2313,0x22F2,0x1AB1,0x1AD2,0x2312,0x1AF2,0x1AD2,0x1B33,0x2313,0x1AD1,
0x1AB1,0x1A90,0x1B75,0x14DC,0x12D2,0x1A90,0x1A90,0x1A90,0x12B2,0x1290,0x1A6F,0x1A4E,0x12F3,0x1B13,0x124F,0x124E,
0x124E,0x124F,0x0A2E,0x124E,0x122E,0x0A2F,0x1B56,0x0A71,0x11ED,0x120D,0x1271,0x1271,0x11EC,0x11ED,0x11CC,0x11CC,
0x11CC,0x11AC,0x09AB,0x11AB,0x11AB,0x11AB,0x098B,0x098B,0x118B,0x096B,0x09CD,0x09CD,0x096B,0x096A,0x0A53,0x09AD,
0x0949,0x096A,0x09AD,0x094B,0x0949,0x0949,0x0929,0x0929,0x094B,0x096B,0x0928,0x0129,0x098C,0x092A,0x0908,0x0909,
0x0908,0x00E8,0x098D,0x096C,0x00E8,0x0108,0x00E8,0x00C8,0x092B,0x090C,0x00A7,0x00A7,0x00C7,0x00A7,0x00C8,0x00C8,
0x00C7,0x08C8,0x00A7,0x00A7,0x00A6,0x0086,0x00A7,0x08C8,0x0086,0x00CA,0x0088,0x0065,0x0066,0x0086,0x0086,0x0066,
0x0066,0x0066,0x0046,0x0067,0x0087,0x0046,0x0048,0x0046,0x006A,0x0048,0x0066,0x0048,0x0045,0x0048,0x0025,0x0046,
0x0045,0x0045,0x0025,0x0044,0x0024,0x0007,0x0025,0x0024,0x0025,0x0006,0x0026,0x0025,0x0025,0x0025,0x0024,0x0005,
0x0025,0x0024,0x0025,0x0004,0x0007,0x0005,0x0007,0x0028,0x0022,0x0871,0x005B,0x0008,0x0022,0x0023,0x0003,0x0026,
0x69EA,0xAB10,0x720B,0x51A9,0x620B,0x6A8D,0x51E9,0x520A,0x51EA,0x5A0B,0x51EA,0x6A8D,0x5A2C,0x41E9,0x5A6D,0x6AF1,
0x420A,0x4A0B,0x7311,0x526E,0x39EA,0x5AB0,0x6313,0x420B,0x4A6D,0x7394,0x4A6D,0x3A0B,0x6B95,0x5B32,0x31EC,0x5B33,
0x7458,0x3A6F,0x322E,0x9D7B,0x6BF4,0x2A2E,0x3A70,0x324F,0x9DD9,0xAE5C,0x4332,0x2A4E,0x328F,0x3AAF,0x32AF,0x328F,
0x328F,0x5499,0x4D1C,0x32F2,0x32B0,0x32D1,0x32F1,0x32D1,0x32D1,0x3BF6,0x4479,0x2AB1,0x2AF2,0x32F2,0x2AF2,0x2B12,
0x3499,0x2353,0x2B12,0x2B12,0x2B12,0x2AF2,0x2456,0x23F5,0x1AD2,0x2B33,0x2B33,0x22F2,0x1B53,0x3CF9,0x1B53,0x2313,
0x2333,0x2313,0x251A,0x14B8,0x2AD2,0x2333,0x22F2,0x1B74,0x24FA,0x2333,0x22F2,0x22F2,0x12D1,0x2CBA,0x1C17,0x12B0,
0x1AD1,0x1AD1,0x1AF2,0x1B54,0x1AB1,0x1A90,0x1AB0,0x1A4F,0x1A4E,0x1A6F,0x1A6F,0x122E,0x1B55,0x2396,0x0A4F,0x124E,
0x122E,0x122E,0x1A2E,0x124E,0x122E,0x120E,0x120E,0x120D,0x120D,0x09ED,0x1AF4,0x1293,0x11CC,0x11CC,0x12D3,0x0AB5,
0x11AB,0x09AC,0x1251,0x0A52,0x118B,0x098B,0x1231,0x1231,0x096B,0x096B,0x1232,0x1210,0x094B,0x116A,0x098C,0x096B,
0x094A,0x094A,0x0949,0x094A,0x0949,0x0929,0x0949,0x0908,0x09AE,0x09CE,0x0908,0x0929,0x0109,0x0908,0x092A,0x094B,
0x0909,0x0108,0x0109,0x00E9,0x00E8,0x08C7,0x08C7,0x00C7,0x00C8,0x00C8,0x00C7,0x00EA,0x00C7,0x00A7,0x00A6,0x00A6,
0x00A7,0x00EB,0x00C8,0x00A6,0x00A6,0x00A6,0x0086,0x0086,0x0086,0x00C9,0x0087,0x0087,0x0088,0x0085,0x0085,0x0086,
0x0066,0x0066,0x0065,0x0046,0x0066,0x0066,0x0046,0x0045,0x0066,0x0046,0x0045,0x0045,0x0025,0x0045,0x0045,0x0024,
0x0045,0x0024,0x0045,0x0028,0x0024,0x0025,0x0025,0x0025,0x0025,0x0025,0x0007,0x0026,0x0007,0x0007,0x0005,0x0006,
0x0006,0x0025,0x0027,0x0008,0x0006,0x09B0,0x0173,0x0006,0x0021,0x0024,0x0027,0x000B,0x0009,0x0003,0x0003,0x0003,
0x59C9,0x720B,0x61EA,0x59CA,0x6A2B,0x59EA,0x49C9,0x726D,0x9351,0x5A0B,0x49CA,0x6ACE,0x6A8D,0x41E9,0x524B,0x62CE,
0x4A2B,0x420B,0x62CF,0x526D,0x41EB,0x5ACF,0x62F0,0x39EB,0x528E,0x6B74,0x422C,0x424C,0x6BB5,0x52CF,0x31EB,0x6396,
0x6BF6,0x322D,0x42B0,0xA59B,0x42AF,0x3A6F,0x324F,0xB69C,0xA5F9,0x2A2E,0x326E,0x3AD0,0x3ACF,0x326E,0x2A4D,0x4353,
0x6D3C,0x5CB9,0x2AD0,0x32B0,0x32F0,0x32D1,0x32D0,0x32B0,0x3BB5,0x44DA,0x22B1,0x2AF2,0x2AF2,0x2AF2,0x32F2,0x3313,
0x44D9,0x3333,0x2AF2,0x2B12,0x2B32,0x2290,0x2C77,0x3C98,0x22F2,0x2B13,0x2312,0x2353,0x2BB5,0x1AF2,0x2312,0x2B13,
0x2313,0x22D1,0x2374,0x2374,0x22F2,0x2312,0x22F2,0x1B13,0x2BF6,0x22F2,0x22D2,0x22F1,0x1AD1,0x1B12,0x1AF2,0x1AB0,
0x1AD1,0x1AAF,0x1A4E,0x1A90,0x1AB1,0x1AB1,0x1A6F,0x145A,0x1B54,0x124F,0x1A6F,0x1A6F,0x124F,0x0A2F,0x124F,0x122E,
0x12B2,0x23D8,0x0A50,0x122E,0x122E,0x11EC,0x19ED,0x120D,0x120D,0x120D,0x09ED,0x11ED,0x11EC,0x11CC,0x122E,0x120F,
0x11CC,0x09AC,0x122F,0x1230,0x098B,0x098B,0x11CD,0x11CD,0x096B,0x096B,0x096C,0x096B,0x096B,0x116B,0x114A,0x096A,
0x094A,0x0949,0x094A,0x0949,0x096D,0x1231,0x094B,0x0929,0x092A,0x0129,0x0929,0x0908,0x0909,0x0908,0x092A,0x118D,
0x0909,0x00E8,0x00E8,0x00E7,0x00E9,0x094D,0x00E9,0x08C7,0x08C7,0x00C7,0x00C7,0x094C,0x00C7,0x00A6,0x00A6,0x00A7,
0x00A7,0x00A7,0x00A7,0x00CA,0x00C9,0x00A6,0x0086,0x0086,0x0086,0x0086,0x0085,0x00A7,0x00A7,0x0067,0x00AA,0x0067,
0x0085,0x0066,0x0065,0x0045,0x0065,0x0045,0x0045,0x0045,0x0045,0x0045,0x0044,0x0044,0x0024,0x0044,0x0044,0x0044,
0x0025,0x0027,0x0044,0x0045,0x0023,0x0024,0x0006,0x0007,0x0006,0x0024,0x0023,0x0024,0x0024,0x0025,0x0007,0x0007,
0x0008,0x0003,0x0003,0x0026,0x0005,0x1293,0x0215,0x000D,0x0029,0x0023,0x0003,0x0004,0x0006,0x0006,0x0004,0x0005,
0x7A0B,0x720B,0x59C9,0x61CA,0x9330,0x6A6C,0x51E9,0x51EA,0x622B,0x51EA,0x5A0B,0x728E,0x520B,0x4A0A,0x6AF0,0x72F1,
0x41E9,0x524C,0x7B53,0x4A2C,0x41EB,0x6B33,0x5AB0,0x39EB,0x5AD0,0x6B54,0x3A2B,0x426C,0x73D6,0x428E,0x3A0B,0x6BF8,
0x6373,0x31EC,0x63B3,0x8CD8,0x322D,0x29EE,0x9558,0xB65B,0x19AD,0x326F,0x3ACF,0x2A4E,0x220D,0x3B11,0x64FA,0x759D,
0x53D5,0x2A6F,0x32B0,0x32D0,0x32D0,0x32D0,0x328F,0x3BD6,0x4CFB,0x2AB0,0x2AF2,0x2AF2,0x2AF2,0x2AD1,0x32F2,0x3D5B,
0x22F2,0x2AF1,0x2B12,0x2B12,0x2AF1,0x2C77,0x23D5,0x22D2,0x2B13,0x2B13,0x22F2,0x23B5,0x455B,0x1B33,0x2312,0x2313,
0x22F2,0x2BD5,0x2354,0x22D2,0x2312,0x2312,0x2313,0x22F2,0x22B1,0x22D2,0x22D1,0x1AD1,0x2312,0x22F1,0x22B0,0x1AD1,
0x1290,0x1B33,0x1C3A,0x1290,0x1AB1,0x1AB1,0x1A90,0x1B75,0x1AD1,0x1A4F,0x1A6F,0x124F,0x1A4E,0x1A4E,0x124F,0x122E,
0x1250,0x1AB2,0x122F,0x122E,0x122F,0x1B15,0x1271,0x11EC,0x120D,0x11EC,0x11EC,0x11EC,0x11EC,0x11EC,0x11CC,0x11CB,
0x11CC,0x11CC,0x09AC,0x098B,0x11AB,0x098B,0x118B,0x116B,0x118B,0x096B,0x096A,0x116B,0x096B,0x114A,0x094A,0x096A,
0x0949,0x0A31,0x098D,0x0929,0x094B,0x098C,0x092A,0x0929,0x0908,0x0908,0x0109,0x098C,0x094C,0x0908,0x0909,0x00E9,
0x08E8,0x08E8,0x08E8,0x00E8,0x00E8,0x0909,0x08E8,0x08C7,0x08A7,0x00C7,0x00C7,0x00A8,0x00A7,0x00C9,0x00EA,0x00A7,
0x00A7,0x00A7,0x00A7,0x00A7,0x00A7,0x00A7,0x00A8,0x0087,0x0086,0x0086,0x0086,0x0066,0x0065,0x0085,0x0088,0x0066,
0x0088,0x0068,0x0067,0x0068,0x0046,0x0067,0x0046,0x0045,0x0046,0x0046,0x0027,0x0025,0x0047,0x0045,0x0047,0x0045,
0x0045,0x0046,0x0025,0x0023,0x0047,0x0045,0x0005,0x0023,0x0047,0x0008,0x0025,0x0006,0x0006,0x0026,0x0024,0x0041,
0x0001,0x018C,0x01D8,0x0033,0x000A,0x0005,0x0024,0x0025,0x0027,0x0008,0x0004,0x0003,0x0004,0x0007,0x0003,0x0004,
0x928D,0x8AAE,0x59A9,0x59EA,0x61CA,0x59EA,0x51CA,0x8AF0,0x7A8E,0x49C9,0x5A0B,0x8310,0x5A2B,0x4A0A,0x5A6D,0x5A6D,
0x4A0A,0x5A6D,0x62B0,0x4A2B,0x4A2C,0x6B13,0x528E,0x39EB,0x62F0,0x6332,0x39EB,0x4A8E,0x73B6,0x424D,0x3A4D,0x743A,
0x52F0,0x31EB,0x7C76,0x7435,0x29CC,0x42D0,0xCF1D,0x42F0,0x324F,0x326F,0x220D,0x4B72,0x8D59,0x9E3E,0x64B9,0x32D0,
0x2A4E,0x3AD0,0x32D0,0x32F0,0x32CF,0x2AB0,0x3C58,0x4CDA,0x2AB0,0x32D0,0x2AD1,0x2AF1,0x2AD1,0x2B12,0x2C58,0x2B74,
0x2AD1,0x3312,0x2B12,0x2B12,0x22B1,0x3477,0x33B5,0x2AF2,0x2B33,0x2B13,0x2313,0x1B53,0x1B33,0x2333,0x2B13,0x2B12,
0x1AB2,0x3CD9,0x2C17,0x22D2,0x2313,0x22D1,0x1BD6,0x2D3B,0x22B1,0x22D2,0x22D2,0x12D1,0x2CB9,0x1BF6,0x1A90,0x1AD1,
0x1AB0,0x2333,0x23B6,0x1A90,0x1AB1,0x1AB1,0x1A4F,0x1A0E,0x1A4F,0x1A6F,0x122E,0x1398,0x23B7,0x0A2E,0x1A4F,0x122E,
0x120D,0x120D,0x122E,0x122E,0x122E,0x2314,0x1270,0x11EC,0x11ED,0x12B3,0x0A93,0x11CC,0x11ED,0x11EC,0x11ED,0x11CC,
0x11CC,0x09AB,0x118B,0x11AC,0x11AB,0x098B,0x118B,0x118B,0x096B,0x09AD,0x09AD,0x096B,0x094A,0x0A32,0x11EF,0x094A,
0x094A,0x09AD,0x096B,0x0949,0x0949,0x0929,0x0929,0x0929,0x094A,0x0929,0x0908,0x098D,0x096C,0x0908,0x0908,0x0908,
0x08E8,0x012B,0x016E,0x00C7,0x00E8,0x08C7,0x08A7,0x08E9,0x012D,0x00A7,0x00C7,0x00C7,0x00A7,0x00E8,0x00E9,0x00A7,
0x00A6,0x00A7,0x00A7,0x00A6,0x0086,0x00A7,0x08C8,0x0087,0x00A7,0x0088,0x0066,0x0066,0x0067,0x0086,0x0066,0x0066,
0x0086,0x0066,0x0066,0x0087,0x0046,0x0088,0x0066,0x0067,0x0066,0x0066,0x0048,0x0045,0x0046,0x0045,0x0026,0x0025,
0x0044,0x0025,0x0049,0x0024,0x0044,0x0026,0x0007,0x0024,0x0025,0x0006,0x0043,0x0024,0x0025,0x0040,0x0069,0x0075,
0x0013,0x0B99,0x02D2,0x0005,0x0046,0x0027,0x0024,0x0022,0x0023,0x0007,0x0005,0x0003,0x0004,0x0005,0x0005,0x0023,
0x61C9,0x61C9,0x51C9,0x824C,0x9B0F,0x59C9,0x51C9,0x622B,0x6A4C,0x49C9,0x6A4D,0x6A2D,0x51EA,0x520B,0x8352,0x5A4D,
0x41EA,0x62CE,0x7311,0x41EA,0x524D,0x7353,0x4A6C,0x420B,0x6B31,0x6311,0x3A0B,0x52CF,0x7395,0x3A0C,0x426D,0x7439,
0x4A8F,0x320C,0x7C99,0x6393,0x29AC,0x8476,0x9DBA,0x220E,0x2A8F,0x42EF,0xBE39,0xC71C,0x7CF8,0x3B11,0x226E,0x3A90,
0x3ACF,0x3AF0,0x3AD0,0x224F,0x2AB1,0x54DB,0x44BA,0x2B33,0x3BD7,0x32D1,0x2B12,0x2AD1,0x2AB0,0x3BF6,0x5E3D,0x3311,
0x3374,0x2AF1,0x2AD1,0x2AB2,0x5E5A,0x33F6,0x2374,0x2312,0x32D2,0x2AD2,0x3DDA,0x459B,0x2313,0x22D2,0x2AD2,0x2312,
0x3478,0x1312,0x22B1,0x22F2,0x22F2,0x22F2,0x1B74,0x1B54,0x22D1,0x22D1,0x22D1,0x1A90,0x1B12,0x22F2,0x22B0,0x22B0,
0x1AB0,0x1A4F,0x1A70,0x1AB1,0x22B1,0x1A70,0x1B56,0x1AD1,0x1A4F,0x1A6F,0x1A4F,0x1AD2,0x1AB1,0x122E,0x124E,0x1270,
0x12B2,0x124F,0x122E,0x124E,0x122E,0x11CC,0x11EC,0x120D,0x11ED,0x1AB2,0x1292,0x11CC,0x11CC,0x1A70,0x12B4,0x11AB,
0x09AC,0x1230,0x0A95,0x098B,0x098B,0x120F,0x1252,0x096B,0x096A,0x1210,0x1A30,0x094B,0x096B,0x09AE,0x098C,0x094A,
0x096A,0x0949,0x0949,0x0949,0x0929,0x0929,0x0929,0x096C,0x11EE,0x0129,0x0909,0x0109,0x0109,0x0909,0x0909,0x0109,
0x08E8,0x0109,0x012B,0x00E8,0x00C8,0x08C7,0x08C7,0x08C8,0x00EA,0x00C7,0x00C7,0x00C7,0x00C7,0x00A7,0x00A6,0x00A7,
0x010C,0x00C8,0x00A6,0x00A6,0x00A6,0x00A6,0x0086,0x0086,0x08A8,0x0088,0x0086,0x0087,0x0067,0x0066,0x0066,0x0066,
0x0065,0x0065,0x0065,0x0045,0x0046,0x0046,0x0045,0x0045,0x0045,0x0046,0x0046,0x0045,0x0045,0x0045,0x0044,0x0025,
0x0027,0x0025,0x0046,0x0024,0x0006,0x0026,0x0025,0x0007,0x0024,0x0022,0x0026,0x002B,0x006D,0x0072,0x0074,0x004E,
0x002A,0x006A,0x0045,0x0001,0x0023,0x0007,0x0008,0x0023,0x0023,0x0005,0x0008,0x0003,0x0003,0x0004,0x0007,0x0003,
0xAB30,0x71EA,0x59C9,0x61C9,0x6A2B,0x59E9,0x6A0B,0x8AEF,0x59EA,0x51CA,0x728E,0x7ACF,0x51EA,0x5A2C,0x6A8E,0x522B,
0x49EA,0x6AD0,0x626F,0x41EA,0x524E,0x7334,0x4A0B,0x420B,0x7355,0x5AB0,0x39CA,0x6311,0x7394,0x39EB,0x4AAF,0x7418,
0x426E,0x3A2C,0x7499,0x5311,0x218B,0x94D8,0x7CB7,0x1A0E,0x3ACF,0xD6DC,0xADFA,0x32F1,0x222D,0x2AAE,0x32EF,0x32AF,
0x2A2F,0x4BD6,0x3334,0x5C15,0x8DFC,0x4439,0x22D2,0x3B52,0x43D6,0x3B52,0x4C9A,0x2B11,0x4CFA,0x54BA,0x3353,0x3B52,
0x3C9A,0x2BB4,0x3C79,0x22F2,0x3C75,0x4396,0x3C98,0x2436,0x3C16,0x1AB1,0x2BB4,0x2C56,0x4CB8,0x23D5,0x2B53,0x1A90,
0x4DDD,0x251C,0x2BF7,0x22D2,0x22B1,0x23B5,0x353C,0x2334,0x1AB1,0x22B1,0x1AD1,0x2BF6,0x2312,0x224F,0x22D1,0x1A90,
0x2353,0x1B96,0x1A90,0x2290,0x2291,0x1A70,0x2BF8,0x22D1,0x1A4E,0x1A6F,0x1A4E,0x1A0D,0x122D,0x124E,0x122E,0x1291,
0x2BB7,0x122F,0x1A2E,0x122E,0x120D,0x120D,0x120D,0x120D,0x120D,0x09ED,0x11EC,0x11EC,0x11CC,0x11ED,0x0A0F,0x11CC,
0x09AC,0x120E,0x0A51,0x09AB,0x098B,0x11CD,0x11EE,0x098B,0x096B,0x096C,0x096B,0x096B,0x096B,0x114A,0x094A,0x096A,
0x0949,0x0949,0x094A,0x094A,0x09F0,0x096C,0x0929,0x094A,0x094A,0x0909,0x0908,0x0909,0x0909,0x0109,0x11CE,0x092B,
0x00E8,0x00E8,0x08E7,0x00E8,0x094C,0x090B,0x00C7,0x08C7,0x08A6,0x00A7,0x092C,0x090A,0x00A7,0x00A6,0x00A7,0x00A7,
0x00C9,0x00A7,0x00C8,0x00C8,0x00A7,0x00A6,0x0086,0x0086,0x0087,0x0086,0x0087,0x08C9,0x0066,0x00A7,0x0087,0x0065,
0x0066,0x0066,0x0045,0x0045,0x0045,0x0045,0x0045,0x0045,0x0045,0x0045,0x0046,0x0047,0x0046,0x0047,0x0026,0x0025,
0x0026,0x0025,0x0025,0x0029,0x0024,0x0021,0x0020,0x0027,0x004D,0x002A,0x002D,0x006C,0x0009,0x03BD,0x021B,0x0006,
0x0021,0x0005,0x0007,0x0005,0x0023,0x0005,0x0007,0x0005,0x0023,0x0005,0x0007,0x0005,0x0003,0x0004,0x0005,0x0006,
0x7A2B,0x61E9,0x59C9,0x9AAE,0x7A0B,0x51E9,0x61EA,0x7AAE,0x620B,0x59EA,0x7A8E,0x620C,0x49C9,0x626D,0x8352,0x4A0A,
0x49EA,0x72F0,0x62AE,0x41EA,0x524D,0x6AF2,0x4A0B,0x4A0C,0x7355,0x528E,0x39EA,0x6B33,0x6B53,0x39EB,0x4AAF,0x7417,
0x3A2D,0x3A4D,0x7CB9,0x4ACF,0x3A70,0xA57B,0x6BF5,0x1A0E,0x84D5,0xC67B,0x1A0E,0x5C19,0x220F,0x4396,0x2A72,0x3B32,
0x4BB6,0x6477,0x85DD,0x7DBE,0x4BD3,0x3313,0x4C17,0x3312,0x3418,0x32D0,0x1AD3,0x4435,0x5D7B,0x2B34,0x4478,0x2312,
0x2375,0x2AF3,0x3336,0x663B,0x4437,0x1B13,0x1B13,0x2374,0x3395,0x4D9A,0x4CD9,0x1AB1,0x2311,0x3C57,0x2C37,0x2BB5,
0x2B12,0x2B74,0x23F7,0x3CBA,0x1AD2,0x2BD6,0x2CDA,0x3438,0x23F7,0x1B13,0x1A90,0x45DC,0x34FB,0x1334,0x2A90,0x1A90,
0x2BD6,0x2D5E,0x1A2F,0x22B0,0x1A91,0x2270,0x120E,0x1A2E,0x1A6F,0x1A4E,0x12D3,0x1B14,0x122F,0x122E,0x122E,0x124F,
0x0A2F,0x122E,0x1A2E,0x122E,0x2376,0x12B2,0x11EC,0x120D,0x11ED,0x11EC,0x11ED,0x11EC,0x11CC,0x11AB,0x11CB,0x11CC,
0x11CC,0x09AB,0x098B,0x11AC,0x11AB,0x098B,0x116A,0x118B,0x096B,0x116A,0x116B,0x096B,0x094A,0x094A,0x116A,0x0949,
0x09F0,0x09AD,0x0929,0x094A,0x098C,0x094B,0x0929,0x0929,0x0908,0x0908,0x094B,0x094B,0x0908,0x0909,0x092A,0x0909,
0x08E8,0x00E8,0x08E8,0x00E8,0x092A,0x08E9,0x00C7,0x08A7,0x08C7,0x00A7,0x00E9,0x00C8,0x00C7,0x00C9,0x00A7,0x00A7,
0x00A6,0x00A6,0x00C8,0x08E9,0x0087,0x00A8,0x0087,0x0086,0x0086,0x0086,0x0086,0x0066,0x0066,0x0087,0x0066,0x0087,
0x0087,0x0067,0x0068,0x0066,0x0067,0x0046,0x0046,0x0046,0x0066,0x0089,0x0046,0x0048,0x0046,0x0046,0x0026,0x0026,
0x0044,0x0045,0x0041,0x0025,0x008D,0x00B0,0x006F,0x008D,0x0067,0x00F5,0x00D3,0x0004,0x0006,0x018D,0x010D,0x0006,
0x0024,0x0024,0x0006,0x0006,0x0024,0x0004,0x0005,0x0006,0x0004,0x0004,0x0005,0x0007,0x0003,0x0003,0x0004,0x0007,
0x7A4B,0x59C9,0x59E9,0x826C,0x722B,0x51C9,0x7A6D,0x7A6D,0x59EA,0x59CA,0x8310,0x726D,0x49C9,0x624D,0x6A8F,0x4A0A,
0x520B,0x7B31,0x5A6D,0x41CA,0x62AF,0x6B12,0x41EB,0x524D,0x7B75,0x526D,0x41EB,0x6B53,0x6311,0x3A0C,0x5B33,0x73F7,
0x424E,0x428E,0x84B9,0x42AF,0x5B54,0xA59D,0x5BB4,0x4353,0xA577,0xB65E,0x2A51,0x42D0,0x7C76,0xA5D9,0x9DFB,0xAEDE,
0x9E7D,0x85BB,0x7D19,0x2250,0x43F8,0x32D1,0x2334,0x3B53,0x3353,0x32F1,0x659D,0x551A,0x2BD6,0x32F2,0x2311,0x3BD5,
0x4437,0x3373,0x4C78,0x2B32,0x2AF0,0x3C78,0x33B6,0x23D5,0x1AF2,0x3354,0x3417,0x4CD8,0x2333,0x22D1,0x1B53,0x459D,
0x2479,0x2AD1,0x2A90,0x1B54,0x4458,0x2374,0x12D1,0x1271,0x3417,0x2417,0x12F3,0x1A90,0x1B74,0x2C58,0x1B75,0x1A2E,
0x1A90,0x23D8,0x23D8,0x1A6F,0x2270,0x1AD3,0x2C19,0x1270,0x1A6F,0x124E,0x1B34,0x2333,0x122E,0x122E,0x122E,0x120D,
0x1A2E,0x122E,0x122E,0x120E,0x1291,0x124F,0x11EC,0x11EC,0x12D4,0x0AF5,0x11CB,0x11EC,0x11ED,0x09ED,0x11CC,0x11CC,
0x11AC,0x11AB,0x11CC,0x11AC,0x098B,0x096A,0x118B,0x098B,0x098C,0x09AE,0x098B,0x096A,0x09EF,0x1210,0x094A,0x094A,
0x09CE,0x09AC,0x0929,0x0949,0x0928,0x0929,0x0929,0x0928,0x0929,0x0908,0x09AD,0x09AE,0x08E8,0x0909,0x0908,0x08E8,
0x012B,0x016E,0x00E8,0x08E8,0x00C7,0x08C7,0x00E9,0x012D,0x08C7,0x08C7,0x00A7,0x00A7,0x00C7,0x092C,0x00A7,0x00A6,
0x00A6,0x00A7,0x00A7,0x00A7,0x00A6,0x08EA,0x00A7,0x0086,0x0087,0x0086,0x0066,0x0066,0x0066,0x0066,0x0065,0x0087,
0x0086,0x0066,0x0067,0x0045,0x0067,0x0046,0x0046,0x0045,0x0046,0x0067,0x0045,0x0027,0x0042,0x0020,0x0024,0x0025,
0x0069,0x086E,0x008E,0x0089,0x0069,0x0069,0x113A,0x006A,0x0040,0x0094,0x0073,0x0091,0x0028,0x0003,0x0004,0x0005,
0x0005,0x0023,0x0005,0x0006,0x0005,0x0004,0x0005,0x0006,0x0005,0x0004,0x0004,0x0005,0x0005,0x0003,0x0004,0x0005,
0x828C,0x59C8,0x722B,0x82AD,0x61E9,0x51C9,0x726C,0x82AE,0x51C9,0x622C,0x82AF,0x59EB,0x49C9,0x6A8E,0x7AD0,0x49E9,
0x520C,0x7AF2,0x5A4D,0x49CA,0x6AD0,0x6AF2,0x41EB,0x4A2D,0x7B95,0x4A4D,0x41EB,0x7393,0x5AD0,0x4A6E,0x8479,0x6395,
0x6375,0x5332,0x7C99,0x7C57,0x218D,0xA5D9,0x6C53,0x19CE,0xBE9C,0x7CD7,0x1A11,0x8CF7,0xF79D,0xA5DA,0x9E1C,0x4BB3,
0x5C98,0x2314,0x2AB1,0x3B34,0x4393,0x32AF,0x5C78,0x22B0,0x43D5,0x5CFA,0x44BB,0x3374,0x43D5,0x3312,0x4458,0x22B1,
0x1AB1,0x3C56,0x5CD8,0x3479,0x3B72,0x1A90,0x2333,0x4437,0x357A,0x44D9,0x1210,0x2AB0,0x3C9A,0x2BD5,0x1AF1,0x3458,
0x2C16,0x1C38,0x2BF7,0x222E,0x23D6,0x2D5C,0x2BB6,0x22B0,0x1A6F,0x2BD7,0x24B9,0x1B32,0x2250,0x2312,0x2437,0x1BD8,
0x1314,0x1A8F,0x23F8,0x2396,0x1A2E,0x2C19,0x241A,0x23B8,0x122E,0x1A4E,0x1270,0x1B77,0x1250,0x1A2D,0x1291,0x2377,
0x0A2E,0x1A2D,0x122E,0x19ED,0x19CC,0x19EC,0x120D,0x11ED,0x0A51,0x0A71,0x11CC,0x11CB,0x1250,0x1AF5,0x11AB,0x11AB,
0x0A0E,0x0A94,0x11AB,0x118B,0x11AC,0x0A53,0x118C,0x096B,0x120E,0x1293,0x096B,0x096A,0x09AD,0x09CE,0x094A,0x096B,
0x094A,0x0949,0x094A,0x0929,0x0929,0x0929,0x094B,0x09CE,0x092A,0x0908,0x0909,0x0909,0x0908,0x08E8,0x08E8,0x08E8,
0x090A,0x014C,0x00E8,0x00E8,0x00E8,0x08C8,0x08E9,0x092C,0x00C7,0x00A7,0x00A7,0x00C7,0x00A7,0x00A8,0x00A7,0x00EB,
0x00E9,0x00A7,0x00A6,0x00A6,0x00A7,0x00A7,0x0086,0x00A9,0x00A8,0x0086,0x0087,0x0066,0x0864,0x0066,0x0067,0x0086,
0x0066,0x0066,0x0046,0x0046,0x0044,0x0065,0x0045,0x0065,0x0064,0x0043,0x0043,0x0042,0x0069,0x00AE,0x006D,0x006D,
0x0868,0x0008,0x0917,0x10F4,0x0003,0x0029,0x004B,0x0049,0x0020,0x0934,0x113B,0x0892,0x0005,0x0023,0x0024,0x0007,
0x0005,0x0023,0x0003,0x0006,0x0006,0x0004,0x0004,0x0005,0x0006,0x0004,0x0004,0x0004,0x0006,0x0004,0x0004,0x0003,
0x61C9,0x61E9,0x6A0A,0x8ACE,0x61C9,0x59C9,0x8AAE,0x722C,0x51C9,0x620B,0x82EE,0x5A2B,0x51C9,0x6AAE,0x6A6F,0x49EA,
0x520B,0x7B12,0x520D,0x41AA,0x6AF0,0x6AF0,0x39A9,0x8BF4,0x83B4,0x4A4D,0x7394,0x6B34,0x83F6,0x5AF1,0x4A8F,0xA59A,
0x426F,0x4290,0xA5DC,0x4ACF,0x3A50,0xA5BA,0x63F3,0x29F0,0xAE5D,0x6C32,0x2AF4,0xC6FF,0xADB9,0x32F5,0x11D0,0x1A72,
0x2AD3,0x2A6F,0x4BD4,0x3B74,0x2A8F,0x43B6,0x2A6E,0x4BD4,0x75FF,0x4C36,0x4459,0x3B33,0x1AD2,0x3B53,0x2B12,0x3332,
0x551B,0x44BA,0x22B1,0x2B73,0x3332,0x44B9,0x2332,0x12D3,0x2416,0x4416,0x2C17,0x2B13,0x2250,0x1BB5,0x4D7C,0x12D2,
0x1A8F,0x2B73,0x1BF7,0x2BD5,0x2374,0x23D5,0x23B5,0x3458,0x228E,0x1291,0x453B,0x2C37,0x12B3,0x1A70,0x1AD2,0x2CFD,
0x1C3A,0x122D,0x1AB0,0x1C19,0x2313,0x0A70,0x1A4F,0x1BB9,0x2313,0x122F,0x1A4F,0x1B99,0x2335,0x120D,0x1A70,0x1B36,
0x1AF4,0x120E,0x1A2D,0x1271,0x120F,0x19CC,0x1A0D,0x11ED,0x11CB,0x11CB,0x11EC,0x11CC,0x11EE,0x0A0F,0x11AB,0x11AC,
0x11EE,0x0A52,0x11AB,0x098B,0x11AC,0x0A11,0x118B,0x118B,0x098B,0x09AD,0x098B,0x096B,0x096A,0x0949,0x096A,0x094A,
0x094A,0x094A,0x0929,0x01AE,0x096C,0x0929,0x094B,0x098D,0x092A,0x0908,0x0908,0x0908,0x0109,0x096D,0x014C,0x08E8,
0x08E8,0x00C7,0x00E8,0x010A,0x010A,0x08C8,0x00C8,0x00C7,0x00C8,0x090B,0x08EB,0x00A7,0x08A7,0x00A6,0x00A6,0x00CA,
0x08C8,0x00A7,0x00A8,0x00A7,0x00A7,0x00A7,0x00A6,0x0087,0x0087,0x0066,0x08C8,0x0066,0x0088,0x0066,0x0066,0x0067,
0x0066,0x0046,0x0045,0x0024,0x0063,0x0044,0x0047,0x0045,0x0045,0x008C,0x1154,0x00AD,0x08AF,0x0089,0x0067,0x08F4,
0x004B,0x0022,0x002B,0x004B,0x0086,0x0094,0x0062,0x0045,0x004D,0x004D,0x004C,0x0005,0x0005,0x0005,0x0024,0x0005,
0x0006,0x0005,0x0023,0x0004,0x0006,0x0005,0x0004,0x0004,0x0006,0x0005,0x0004,0x0004,0x0005,0x0006,0x0004,0x0004,
0x71EA,0x59C8,0x824C,0x722B,0x51C8,0x59E9,0x8AAE,0x724C,0x49C8,0x726D,0x82EF,0x51E9,0x51E9,0x72F0,0x6A8F,0x41A9,
0x730F,0x8B94,0x49AC,0x62CE,0x7B92,0x62B0,0x62B0,0x630F,0x7BB4,0x6B33,0x4A2D,0x8416,0x83F6,0x39EC,0x6373,0x9D39,
0x3A2D,0x52F3,0xA5BC,0x428E,0x5313,0x8CFB,0x6C18,0x4B14,0x6C14,0xB65D,0x2230,0x8CF5,0xBE5B,0x2A0F,0x8496,0xCF1F,
0x6433,0x5C14,0x4395,0x2ACF,0x5457,0x4CBC,0x6D3A,0xAE5B,0x3332,0x2B55,0x2B54,0x2290,0x4C38,0x3B53,0x2B12,0x4437,
0x3C59,0x3395,0x4C36,0x22F1,0x3353,0x2312,0x2AF2,0x6E7D,0x2375,0x222F,0x3BD6,0x23B5,0x33B5,0x22F2,0x4478,0x34BA,
0x23D6,0x222E,0x1AB1,0x2C59,0x1BB6,0x1AD1,0x2AB0,0x1374,0x3438,0x2231,0x120F,0x2B55,0x2C38,0x1A70,0x1A2E,0x2332,
0x1BB7,0x12B0,0x1A6E,0x2312,0x1BB8,0x1A90,0x1A2D,0x1AD1,0x1B78,0x1B97,0x2B74,0x122F,0x23DA,0x1250,0x19EB,0x120D,
0x23B9,0x0A92,0x11EC,0x2B56,0x1AB3,0x11ED,0x19ED,0x120E,0x120F,0x11EC,0x11EC,0x11CC,0x11AB,0x11AB,0x11CC,0x11AC,
0x11CC,0x11AB,0x11AC,0x098B,0x118B,0x096A,0x118B,0x118B,0x096A,0x096A,0x098A,0x096A,0x0949,0x096A,0x094A,0x09AE,
0x09AE,0x094A,0x0929,0x09CF,0x098C,0x0929,0x0929,0x0908,0x0908,0x092A,0x092A,0x0909,0x0909,0x094C,0x012B,0x08E8,
0x00E8,0x08E8,0x00C8,0x094B,0x094C,0x08C8,0x00C8,0x00C8,0x00C8,0x08EA,0x00EA,0x00A7,0x00A7,0x00A7,0x00A7,0x00A6,
0x00A6,0x00A7,0x08CB,0x00A7,0x00A6,0x0087,0x00A6,0x00A5,0x0085,0x0066,0x0066,0x0087,0x0089,0x0086,0x0887,0x0864,
0x0064,0x08A8,0x0048,0x00AC,0x0025,0x08CC,0x1111,0x00CE,0x0133,0x0047,0x004C,0x08F1,0x088A,0x0021,0x0069,0x0047,
0x004B,0x004C,0x006A,0x0004,0x0046,0x00D7,0x00B1,0x004C,0x00D6,0x0027,0x0001,0x0024,0x0007,0x0005,0x0024,0x0024,
0x0007,0x0006,0x0023,0x0003,0x0006,0x0006,0x0003,0x0003,0x0005,0x0007,0x0003,0x0004,0x0004,0x0006,0x0004,0x0004,
0x69C9,0x59C8,0x828D,0x8ACD,0x51C8,0x61EA,0x8B0F,0x59E9,0x51E9,0x6A2C,0x722D,0x51E9,0x51E9,0x7B30,0x626E,0x49CA,
0x83B2,0x9BF6,0x51EC,0x7350,0x8392,0x6AF1,0x6B11,0x4A4C,0x9455,0x7374,0x3189,0x9CD7,0x8435,0x2969,0x8456,0x94B9,
0x424E,0x6B94,0x7C58,0x7418,0x42B0,0x5B73,0xA5FC,0x324E,0x5391,0xBEBF,0x2A0F,0x5391,0xD73D,0x198B,0x9DB8,0xFFDF,
0xBEDD,0xCFBF,0x961E,0x963E,0xAE7B,0x64B9,0x5D1C,0x32CF,0x2AB0,0x4C38,0x2AAF,0x4438,0x3B33,0x120F,0x4CFA,0x4CFA,
0x3418,0x3B53,0x224F,0x3BF6,0x43B4,0x2332,0x3CDB,0x1AD1,0x2C16,0x4457,0x1A2E,0x2332,0x3457,0x2417,0x2333,0x1AB0,
0x23B6,0x4478,0x1A2E,0x33F6,0x455C,0x1B75,0x1AD1,0x226F,0x1375,0x3518,0x22AF,0x1A4E,0x2374,0x23B7,0x22D2,0x1335,
0x2B95,0x2374,0x126F,0x1A2E,0x3D5D,0x2B75,0x120E,0x1A2D,0x1B77,0x1336,0x1270,0x19EC,0x1B36,0x1AF4,0x1250,0x120D,
0x1B15,0x1B35,0x11ED,0x122E,0x1AB3,0x22F4,0x118B,0x1AF4,0x1B15,0x118A,0x11CC,0x11ED,0x0A0F,0x11CC,0x11AC,0x11AC,
0x118B,0x11CC,0x09AC,0x118B,0x116A,0x118B,0x118B,0x098B,0x098C,0x098B,0x096A,0x09AD,0x09EF,0x094B,0x094A,0x09CF,
0x11EF,0x092A,0x094A,0x0929,0x0929,0x0929,0x0908,0x0929,0x0908,0x096C,0x11CE,0x0909,0x0909,0x08E8,0x08E8,0x0109,
0x010A,0x00E8,0x00E8,0x00C8,0x00C8,0x00C8,0x00E9,0x00E9,0x00C8,0x00A7,0x00A6,0x00C7,0x090B,0x00C7,0x0086,0x00A6,
0x00A7,0x00A7,0x00A9,0x00A5,0x08CA,0x00A7,0x0086,0x0087,0x0086,0x0086,0x0085,0x0864,0x0064,0x0085,0x0069,0x00AC,
0x0067,0x0089,0x00CD,0x0910,0x08F1,0x006B,0x0028,0x00AC,0x00F1,0x0002,0x0042,0x0069,0x0048,0x0069,0x006E,0x0024,
0x0044,0x0070,0x0027,0x0004,0x0028,0x006C,0x117A,0x08D2,0x0028,0x0026,0x0025,0x0024,0x0005,0x0006,0x0005,0x0024,
0x0005,0x0006,0x0005,0x0004,0x0004,0x0006,0x0005,0x0004,0x0004,0x0006,0x0005,0x0004,0x0005,0x0004,0x0006,0x0004,
0x61C9,0x61E9,0x828D,0x720B,0x59E9,0x61EA,0x824D,0x61EA,0x49A8,0x830F,0xA433,0x4167,0x6A8C,0xB4B7,0x51CC,0x628D,
0x8391,0x72B1,0x72F1,0x62AE,0x6AF0,0x9436,0x526B,0x39CB,0xBDDA,0x528E,0x39EB,0xA51A,0x6B73,0x4A4E,0x6B93,0x8457,
0x6B95,0x428F,0x6BB5,0xA59D,0x3A6E,0x42CF,0xC6FE,0x328D,0x3AD0,0xBEDE,0x4B12,0x4B34,0xB6BD,0x6CB8,0x3B35,0xBEFD,
0x6CB6,0xA5DB,0xCF1E,0x6CDA,0x1A11,0x1272,0x2376,0x226E,0x5C37,0x3B12,0x3311,0x3BB6,0x2271,0x6D5A,0x5519,0x12F2,
0x33D6,0x32D0,0x3C17,0x3B53,0x21ED,0x34BA,0x44D9,0x2B95,0x2313,0x2290,0x3CBA,0x2AF2,0x22B1,0x55BC,0x23B5,0x2312,
0x1AF2,0x1B13,0x3417,0x1B34,0x1A0E,0x33B5,0x2C38,0x222F,0x22B0,0x3559,0x2334,0x1A91,0x22AF,0x1355,0x2C7B,0x2395,
0x0A2F,0x23B7,0x2AF1,0x1A4E,0x12D3,0x2BD9,0x226F,0x1A2D,0x1A6F,0x2BB7,0x124F,0x1A0D,0x124F,0x2BB8,0x2BB9,0x122E,
0x122F,0x2B55,0x11ED,0x19CB,0x122F,0x2B35,0x11CD,0x11EE,0x0A30,0x1A91,0x11ED,0x124F,0x2315,0x11AB,0x11AB,0x11EE,
0x12B4,0x11CC,0x098B,0x11CC,0x0A52,0x11AC,0x116B,0x118C,0x1273,0x098B,0x094A,0x09AD,0x11EF,0x094B,0x094A,0x094A,
0x094A,0x094A,0x0929,0x0929,0x0929,0x092A,0x098D,0x094B,0x0908,0x090A,0x092B,0x0909,0x08E8,0x08E8,0x0908,0x00E9,
0x118D,0x0109,0x00C7,0x08E8,0x08C8,0x00C8,0x094B,0x08E9,0x00A7,0x00A6,0x00A7,0x00A7,0x00CA,0x00A7,0x00C8,0x00C9,
0x00A7,0x00A6,0x0087,0x00A5,0x00A8,0x00A7,0x0087,0x0887,0x0065,0x0046,0x0067,0x00ED,0x008B,0x0068,0x090C,0x08EE,
0x0951,0x00CE,0x0044,0x0048,0x0930,0x0087,0x0044,0x0046,0x0045,0x008F,0x0069,0x0088,0x0045,0x008C,0x0049,0x0047,
0x0025,0x08D4,0x0067,0x0004,0x0002,0x006C,0x004D,0x0024,0x0002,0x0008,0x0005,0x0024,0x0023,0x0007,0x0006,0x0023,
0x0023,0x0006,0x0006,0x0003,0x0003,0x0006,0x0006,0x0003,0x0004,0x0004,0x0006,0x0005,0x0003,0x0004,0x0006,0x0005,
0x69E9,0x61C8,0x8AAE,0x7A2B,0x51A8,0x6A4B,0x9B30,0x61CA,0x4168,0x9BD2,0x8B71,0x4188,0x7B2F,0x9C14,0x5A0D,0x730F,
0x6ACE,0x8353,0x7312,0x49CB,0x7B92,0xA4D7,0x41CA,0x4A2D,0xBDDA,0x526E,0x4A6E,0x8436,0x8416,0x5AD1,0x52D0,0x73F5,
0x94DA,0x428F,0x4290,0xC6BD,0x428E,0x322E,0xB67D,0x63F3,0x3A91,0x7CBA,0x957B,0x5355,0x4B32,0xB6DE,0x5C17,0x32F0,
0xCF3D,0xA5B9,0xF79E,0xDF5F,0x3B95,0x9E1C,0x8538,0x2AB0,0x33B7,0x01EF,0x3375,0x4C18,0x5CDB,0x65BD,0x1AB0,0x3BF6,
0x3BB4,0x22D0,0x33F7,0x2A91,0x3C38,0x553C,0x224F,0x3C38,0x3313,0x2B34,0x1B13,0x2394,0x44F9,0x120E,0x1A90,0x4479,
0x1AD2,0x1291,0x44FC,0x1C39,0x2B53,0x224E,0x1B13,0x3C59,0x1A70,0x19EF,0x3BD8,0x2314,0x120E,0x22F0,0x1B96,0x1290,
0x1A6E,0x12F3,0x1356,0x1250,0x1A2D,0x12F3,0x2376,0x120C,0x1B14,0x1BFB,0x2313,0x1A0D,0x1A0E,0x1336,0x1AD3,0x11EC,
0x120D,0x12F4,0x1B57,0x1A4F,0x11AC,0x1AF4,0x1251,0x19AA,0x09CC,0x1AF5,0x0A52,0x09CC,0x09CE,0x11AB,0x09AC,0x09CD,
0x0A72,0x11AC,0x098B,0x09AC,0x0A52,0x096B,0x096A,0x096B,0x09AE,0x096B,0x096A,0x096A,0x0949,0x094A,0x094A,0x094A,
0x094A,0x0929,0x016C,0x096B,0x0929,0x0929,0x09AD,0x094B,0x0908,0x0909,0x0908,0x0908,0x092B,0x012C,0x08E8,0x0908,
0x00E8,0x00E8,0x08E8,0x00E9,0x00C7,0x00C8,0x00C8,0x00C7,0x08C8,0x00EB,0x00A7,0x00A7,0x00A7,0x00A7,0x00E9,0x08EA,
0x00A6,0x00A7,0x0087,0x0086,0x0066,0x0063,0x0088,0x012F,0x012E,0x010F,0x08ED,0x00EF,0x0972,0x1173,0x0048,0x0044,
0x00CE,0x00ED,0x0065,0x0088,0x0067,0x0089,0x00AB,0x00CB,0x0024,0x00CE,0x008D,0x0042,0x0046,0x088E,0x004A,0x0003,
0x0026,0x1114,0x1175,0x002B,0x008E,0x0052,0x0027,0x0023,0x0005,0x0006,0x0006,0x0024,0x0024,0x0005,0x0006,0x0024,
0x0024,0x0005,0x0006,0x0005,0x0004,0x0005,0x0006,0x0005,0x0004,0x0003,0x0004,0x0006,0x0022,0x0004,0x0005,0x0006,
0x59A8,0x61E9,0x92EE,0x9B0F,0x59E9,0x6A4C,0xC455,0x59EA,0x49A9,0xB495,0x7ACF,0x49A9,0x8370,0x8351,0x624E,0x7B50,
0x5A4C,0x8BB4,0x8373,0x41AA,0x7B71,0xBD58,0x314A,0x524D,0xBDBB,0x6312,0x528E,0x7394,0x8C57,0x6B74,0x5AF1,0x4A8F,
0xC65E,0x5B12,0x216B,0xBE79,0x8496,0x29CD,0x84DA,0x959B,0x5BD6,0x4315,0x7477,0xBE9E,0x220F,0x5BF3,0xC73D,0x19CC,
0x7497,0xAE9D,0x8D9A,0xE7BE,0xF7FE,0xFF9D,0xC6DD,0xA6BE,0x857A,0x9D78,0xBEBD,0x44DB,0x3418,0x2B54,0x1A0F,0x3C39,
0x2270,0x3417,0x3B72,0x2B32,0x4DFE,0x22D0,0x4437,0x2AF2,0x2290,0x4479,0x126F,0x2C57,0x3C97,0x2354,0x33D6,0x19CD,
0x33D6,0x23D7,0x1A70,0x1BB7,0x23D7,0x22D1,0x22B1,0x1BD5,0x459B,0x22D0,0x122D,0x3BF5,0x2313,0x2312,0x33B7,0x23D8,
0x1A2D,0x1A2E,0x23F8,0x2C9C,0x1A70,0x2290,0x1356,0x126F,0x12D3,0x1335,0x0B16,0x1270,0x1A0D,0x0A72,0x1AD4,0x120E,
0x19EC,0x0AB4,0x13BB,0x1271,0x19CB,0x1272,0x0AD6,0x122F,0x11CB,0x1270,0x1271,0x1189,0x118A,0x1A4F,0x1A71,0x118A,
0x118A,0x098B,0x118A,0x11AB,0x116A,0x116B,0x096A,0x116A,0x0949,0x096A,0x096A,0x0949,0x096A,0x094A,0x094B,0x094C,
0x094A,0x0929,0x09CF,0x09AD,0x0909,0x0929,0x0908,0x0928,0x0929,0x0909,0x0909,0x08E8,0x096C,0x096D,0x08E8,0x08E8,
0x08E8,0x08C7,0x0909,0x096D,0x00C7,0x00C7,0x08C7,0x00A7,0x08E9,0x012D,0x00A7,0x00A6,0x08A5,0x08A5,0x00A6,0x0086,
0x0089,0x00EB,0x00A7,0x094D,0x114F,0x010D,0x08EA,0x00EB,0x00EE,0x11F6,0x008A,0x0065,0x00AA,0x0911,0x08EB,0x0088,
0x08AA,0x0065,0x08EE,0x008A,0x0045,0x0089,0x00EE,0x0089,0x0042,0x0087,0x00D1,0x0023,0x0046,0x008C,0x08AE,0x0025,
0x0026,0x0046,0x00D4,0x0091,0x008F,0x0024,0x0006,0x0025,0x0005,0x0024,0x0007,0x0005,0x0024,0x0023,0x0007,0x0006,
0x0024,0x0023,0x0006,0x0006,0x0003,0x0003,0x0005,0x0006,0x0003,0x0004,0x0004,0x0005,0x0004,0x0003,0x0004,0x0006,
0x69E9,0x61A9,0xB352,0x9AEF,0x4967,0x7AEE,0xC475,0x5189,0x5A2B,0xAC54,0x72AE,0x5A2B,0x8350,0x8331,0x72D0,0x7B51,
0x51EB,0x93F5,0x8BB4,0x41AB,0x524C,0xDE7C,0x41CD,0x41CB,0xA519,0xA4F8,0x39CC,0x73B5,0x7BD5,0x9CD9,0x73B5,0x31AD,
0x8C96,0xC67D,0x218A,0x4AAF,0xC6BF,0x63B2,0x4AF4,0x6C38,0x853B,0x84DB,0x2A50,0x8D19,0xA63B,0x19ED,0x8539,0x8DFB,
0x3354,0x5C9C,0x653C,0x85FC,0xAE5B,0xE7DE,0x967E,0xAEFF,0xFFFE,0xCF3D,0xBF1E,0x8E5C,0xA61A,0xA65C,0x6D1A,0x3C17,
0x2AD1,0x4458,0x2312,0x3D3C,0x33D5,0x22B0,0x3418,0x22D0,0x4437,0x2A4F,0x3C57,0x4D1B,0x122E,0x2394,0x2354,0x2B34,
0x1B35,0x3479,0x3C59,0x224F,0x1A4F,0x449A,0x2270,0x126E,0x2C77,0x1AD2,0x1290,0x22F2,0x1314,0x23D7,0x1B13,0x1AF3,
0x23B7,0x224E,0x1A4E,0x247D,0x2290,0x11ED,0x2AF2,0x2B14,0x11EC,0x220B,0x2376,0x1A70,0x1A2E,0x2B55,0x2336,0x122E,
0x19CB,0x1A4F,0x2AF2,0x09AC,0x19EC,0x120E,0x2B77,0x1AD3,0x11AA,0x1A6F,0x12D4,0x122F,0x11AB,0x1230,0x0A73,0x098B,
0x09AB,0x09AC,0x09CE,0x096B,0x098C,0x118B,0x096B,0x096C,0x096B,0x096A,0x098C,0x09CF,0x096B,0x094A,0x098D,0x11CE,
0x092A,0x0929,0x014A,0x092A,0x0929,0x0908,0x0929,0x0928,0x092A,0x11CD,0x092A,0x0909,0x0909,0x08E8,0x08E9,0x00E9,
0x00E9,0x00E7,0x00E8,0x00E9,0x00C7,0x00C8,0x00C8,0x08A7,0x08A6,0x0083,0x00A7,0x010C,0x00ED,0x0089,0x0065,0x092D,
0x1990,0x0992,0x010E,0x012F,0x00CC,0x01D6,0x092F,0x0042,0x00A5,0x08CC,0x08CB,0x0087,0x0886,0x0047,0x00CB,0x008A,
0x0047,0x0045,0x00AD,0x008C,0x0042,0x0047,0x00AC,0x0045,0x0045,0x0068,0x00AE,0x0048,0x0024,0x0889,0x00B0,0x0044,
0x0045,0x0025,0x088E,0x10AE,0x0001,0x0042,0x0008,0x0025,0x0024,0x0005,0x0006,0x0006,0x0024,0x0024,0x0005,0x0006,
0x0005,0x0024,0x0005,0x0006,0x0005,0x0004,0x0005,0x0006,0x0005,0x0004,0x0004,0x0004,0x0005,0x0004,0x0004,0x0004,
0x826C,0x61C9,0xBB93,0x92AE,0x4126,0x8B50,0xBC95,0x4968,0x622B,0xB496,0x7AEF,0x5A0B,0x8350,0x8371,0x72D0,0x7B51,
0x5A2C,0x8352,0xA477,0x628E,0x3108,0xBD99,0xAD57,0x20E8,0x5290,0xC61B,0x7BF4,0x420F,0x6312,0x8456,0xA55A,0x8435,
0x426F,0x94F7,0xC67B,0x5B33,0x7416,0xCEDE,0x9D7B,0x7CB9,0x853A,0xB69D,0xB65D,0x7457,0xB67B,0xB6BC,0x6C97,0x963C,
0x9E7E,0x859D,0x7519,0x85FC,0x969C,0xD7FD,0xAF3E,0xA6FE,0xC6DC,0x451D,0x5D5C,0xD73D,0xCF3F,0xA69B,0x75BA,0xD73D,
0x9EFC,0xB75F,0x7D7B,0x657C,0x43B3,0x33D5,0x2374,0x0A51,0x2BD8,0x22F3,0x44FB,0x2B32,0x2B74,0x3BF5,0x1A2E,0x2BF7,
0x0B13,0x2418,0x1BB6,0x1B34,0x2B75,0x220E,0x3C76,0x3476,0x194B,0x33B7,0x2B55,0x11CD,0x2B76,0x1B14,0x11EB,0x22D1,
0x1335,0x12B2,0x124F,0x12B1,0x1B14,0x226F,0x11ED,0x1C54,0x2B72,0x11CB,0x1A90,0x2314,0x124F,0x1AB1,0x12D4,0x22B1,
0x19EC,0x120F,0x2314,0x122F,0x19CB,0x120F,0x22D3,0x11AC,0x11AB,0x120F,0x1316,0x1AB4,0x11AC,0x11EE,0x02B4,0x1AB2,
0x09AB,0x11CC,0x12B4,0x1251,0x11AC,0x094A,0x116A,0x1A72,0x098B,0x094A,0x098C,0x0A32,0x096C,0x094A,0x094B,0x094B,
0x092A,0x0929,0x0929,0x0929,0x0929,0x096B,0x094A,0x0907,0x090A,0x116C,0x0929,0x0908,0x0908,0x08E8,0x00E8,0x116C,
0x090A,0x00E8,0x08E8,0x08C8,0x00A7,0x1109,0x0909,0x08A7,0x00EB,0x012D,0x0087,0x0970,0x11D4,0x1193,0x01B1,0x00EC,
0x0087,0x0951,0x11D4,0x0087,0x00C7,0x00C9,0x0991,0x00C8,0x08E9,0x0066,0x00AA,0x00CC,0x0087,0x0843,0x00AC,0x00CC,
0x0042,0x0025,0x008C,0x006C,0x0023,0x0088,0x00AE,0x0066,0x0048,0x0067,0x0028,0x088A,0x0046,0x0006,0x00CE,0x00AF,
0x0047,0x08B0,0x006B,0x002A,0x0026,0x0024,0x0005,0x0006,0x0025,0x0006,0x0024,0x0007,0x0005,0x0004,0x0023,0x0007,
0x0006,0x0004,0x0023,0x0005,0x0006,0x0004,0x0003,0x0005,0x0007,0x0004,0x0004,0x0004,0x0005,0x0005,0x0003,0x0003,
0x722B,0x61C9,0xC3D4,0x8AAE,0x4127,0x82EF,0xCD58,0x4968,0x51A9,0xB4B6,0x93D2,0x3907,0x7B0F,0x9C34,0x93D3,0x5A0C,
0x7B31,0x6AAF,0xB4F8,0x83B3,0x5A4E,0x41AD,0xB599,0xAD39,0x5A90,0x6B72,0xD6BC,0xBE1B,0x9CF7,0xAD79,0xC63C,0xDF1E,
0xC69C,0x9CFA,0xCEBE,0xC69B,0xA5BB,0xB61C,0xADFB,0xA5FA,0xA5FA,0x9579,0xA61A,0xA61B,0x9579,0xA5FB,0xA63B,0x9DDA,
0xA5FC,0xAE7D,0xAE9C,0x9E1D,0xB73F,0xBF7F,0xD7BE,0xEFDE,0xD77E,0x865E,0xB71E,0xEFBE,0x5C99,0x7DFB,0x9E5C,0xCF3D,
0xA75D,0xB6FD,0xBEBD,0xDF7E,0x8F3F,0x8E9C,0x7D58,0x6D7B,0x6D5A,0x3CBB,0x2418,0x0A2E,0x2396,0x1AD0,0x2B75,0x3396,
0x4416,0x4439,0x1A2F,0x1335,0x23D7,0x1A2E,0x23B3,0x2497,0x2313,0x1A8F,0x2313,0x2376,0x3374,0x33B7,0x2B55,0x19AA,
0x2A8F,0x2C5B,0x2397,0x1A8D,0x1B98,0x122F,0x19AC,0x14D5,0x2394,0x09AC,0x1270,0x12F6,0x09ED,0x19C9,0x1293,0x1293,
0x11AC,0x2B35,0x1338,0x0A10,0x19EC,0x09CD,0x1272,0x09EE,0x19AB,0x120E,0x1A92,0x196C,0x118C,0x11EE,0x12B2,0x0A30,
0x098C,0x11AC,0x1272,0x0A51,0x118B,0x098A,0x09EE,0x09CE,0x096B,0x096B,0x096B,0x0949,0x094A,0x094A,0x094A,0x094A,
0x094A,0x094A,0x092A,0x092A,0x0929,0x11CE,0x096B,0x0908,0x0909,0x08E8,0x0907,0x010A,0x010A,0x08E8,0x0909,0x010A,
0x08E8,0x0085,0x0086,0x08C8,0x010D,0x09B1,0x00C9,0x090A,0x09D3,0x09D4,0x09F4,0x094B,0x0065,0x090B,0x131B,0x00A6,
0x00A6,0x00C9,0x00EB,0x08C7,0x00C9,0x00A6,0x00AA,0x00EB,0x010C,0x0085,0x00AB,0x0972,0x0069,0x0065,0x008B,0x00F0,
0x0026,0x0089,0x008B,0x088A,0x0067,0x0067,0x006E,0x0064,0x0026,0x088A,0x004A,0x0046,0x0045,0x0048,0x0069,0x0915,
0x08D1,0x006C,0x0024,0x0027,0x0025,0x0024,0x0024,0x0007,0x0025,0x0024,0x0024,0x0006,0x0005,0x0004,0x0004,0x0006,
0x0006,0x0004,0x0004,0x0005,0x0005,0x0004,0x0004,0x0004,0x0005,0x0004,0x0003,0x0003,0x0004,0x0005,0x0004,0x0003,
0x7A4B,0x61A9,0xB372,0xA311,0x5969,0x620B,0xD579,0x6A6C,0x4948,0x7AEF,0xE63C,0x5A0B,0x4169,0x7AF0,0xCD9A,0x8B92,
0x626E,0x72F0,0x9414,0xCDFB,0xB558,0xA517,0x9496,0xE6FD,0xD67B,0xB5BA,0xAD58,0x94D6,0x9CF6,0x8CB5,0x6B93,0x6352,
0x6370,0x5B31,0x428F,0x3A2E,0x3A2D,0x320D,0x320D,0x29ED,0x29ED,0x322E,0x21ED,0x21ED,0x322E,0x2A0E,0x2A2F,0x2A2F,
0x2A2F,0x2A50,0x2A70,0x32EF,0x3B32,0x3B13,0x7CF7,0xD77F,0xE79E,0x6579,0xB6FC,0xC6FD,0x9E7D,0xA6FF,0xFFFF,0xD7FF,
0x9F3D,0xB73D,0xCF3E,0x8579,0x75DD,0x8DBA,0xCF7F,0xA73E,0xA79F,0x967E,0x9E9D,0x65DC,0x555D,0x1A90,0x3394,0x12D4,
0x345B,0x1A93,0x22F5,0x33D6,0x1A0B,0x34DB,0x12D3,0x1A0F,0x2BF9,0x124E,0x1AF2,0x1315,0x12D3,0x1AF3,0x1AD2,0x1AF3,
0x224E,0x22B0,0x1BDA,0x1A0D,0x224F,0x2355,0x1A0D,0x21AC,0x2336,0x2290,0x11CB,0x1B34,0x3375,0x09CD,0x1A0E,0x2B34,
0x120E,0x11ED,0x1AB3,0x22B1,0x118B,0x122F,0x3397,0x122F,0x198B,0x11ED,0x2250,0x11AD,0x118C,0x11EE,0x1AB1,0x114A,
0x096A,0x09AC,0x0A52,0x1169,0x0969,0x098B,0x0A73,0x096A,0x096A,0x096B,0x1109,0x096B,0x094B,0x094B,0x096B,0x094A,
0x0909,0x09AD,0x120F,0x0129,0x0929,0x0909,0x0929,0x0909,0x00E8,0x0149,0x0949,0x116D,0x094C,0x08A6,0x08C8,0x00E8,
0x010A,0x0A50,0x0A50,0x08E9,0x0A12,0x01D3,0x11F4,0x0970,0x092B,0x0084,0x0A16,0x092A,0x00A6,0x08EA,0x08CA,0x010B,
0x012F,0x0909,0x0065,0x08EB,0x08C8,0x0085,0x0085,0x0110,0x00A9,0x0082,0x008C,0x092F,0x0067,0x0088,0x00A9,0x08D0,
0x0029,0x0088,0x006A,0x0087,0x0048,0x0065,0x0067,0x0889,0x0066,0x0049,0x08AF,0x0027,0x0045,0x0063,0x0026,0x006B,
0x008D,0x0022,0x0024,0x0026,0x0007,0x0024,0x0024,0x0025,0x0006,0x0005,0x0024,0x0025,0x0005,0x0004,0x0004,0x0004,
0x0006,0x0005,0x0003,0x0004,0x0006,0x0005,0x0003,0x0004,0x0004,0x0005,0x0004,0x0003,0x0003,0x0005,0x0005,0x0003,
0x9B0F,0x61AA,0x9AF0,0x9AD0,0x8ACF,0x5169,0xB495,0xA413,0x6A4C,0x4969,0x9BF3,0xDE1B,0x8351,0x626D,0x93F4,0xDE3D,
0xD63B,0xC579,0xB558,0xA496,0xA4D6,0x9CB4,0x7391,0x5ACF,0x4A2D,0x422D,0x39CC,0x318B,0x296B,0x298B,0x31CB,0x31CB,
0x31CB,0x31CB,0x31EC,0x3A0C,0x320C,0x320C,0x322D,0x322D,0x322D,0x322E,0x324E,0x324E,0x322E,0x324E,0x324E,0x2A4E,
0x2A4E,0x2A4E,0x2A4E,0x2A2D,0x2A2D,0x2A2E,0x11EE,0x2B74,0xB73F,0x653A,0x8E5D,0x965E,0x4C9B,0x8E5D,0x9DFA,0x6475,
0x7519,0xC75F,0xAF1E,0x96BD,0x96FE,0xD7FE,0x96FE,0x65FD,0xA71D,0xB6DD,0x9EDE,0x6DBC,0xA67E,0xAEDD,0xC75D,0x95FB,
0x4459,0x3373,0x43B5,0x0AD2,0x12B2,0x23B8,0x2BF9,0x3B96,0x1A0D,0x3BD7,0x1AD2,0x1AD2,0x2C1A,0x19EC,0x22B0,0x1BD9,
0x120E,0x12B2,0x1335,0x0A0E,0x1A70,0x12D4,0x12F1,0x1AAF,0x12D1,0x1291,0x120D,0x1AB1,0x243B,0x0A0E,0x19EA,0x1291,
0x120F,0x118A,0x122F,0x1A71,0x11CC,0x0A51,0x1337,0x1230,0x198A,0x0A0E,0x1375,0x09CD,0x118B,0x09EE,0x0272,0x098B,
0x118A,0x11AC,0x0212,0x096A,0x116A,0x118B,0x1230,0x096A,0x096A,0x096B,0x09ED,0x092A,0x094A,0x098C,0x122E,0x094A,
0x092A,0x094A,0x096B,0x092A,0x0909,0x0949,0x094A,0x0929,0x096A,0x00C8,0x00A6,0x08E8,0x090A,0x1230,0x11AE,0x10C9,
0x11D1,0x0212,0x0B56,0x0A32,0x08A6,0x0844,0x1192,0x11B2,0x00A6,0x0909,0x090B,0x016E,0x00A7,0x00EA,0x0085,0x010B,
0x012D,0x00A5,0x08A6,0x0971,0x00C9,0x0086,0x0085,0x010F,0x00A9,0x0064,0x0067,0x0088,0x0066,0x0066,0x00A8,0x0066,
0x0065,0x0065,0x0066,0x0026,0x0089,0x0088,0x0069,0x0089,0x0087,0x0024,0x08AE,0x08F0,0x00AE,0x0089,0x008D,0x00B2,
0x0025,0x0004,0x0024,0x0024,0x0007,0x0025,0x0024,0x0024,0x0007,0x0005,0x0024,0x0024,0x0006,0x0005,0x0004,0x0004,
0x0005,0x0005,0x0004,0x0003,0x0005,0x0006,0x0004,0x0003,0x0004,0x0006,0x0005,0x0003,0x0003,0x0004,0x0005,0x0004,
0x8AAE,0x8AAE,0xBBF4,0x824D,0x6A0B,0x7A8D,0x830F,0xCD58,0x9BD2,0xA434,0x7B2F,0xCD9A,0xD61B,0xCDDA,0xA496,0x7B31,
0x7310,0x6ACF,0x522C,0x41AB,0x396A,0x2929,0x316A,0x39AB,0x39CB,0x39CB,0x39EB,0x3A0C,0x3A0C,0x3A0C,0x3A0C,0x3A0C,
0x3A2D,0x3A0D,0x3A2D,0x3A2D,0x3A2D,0x3A2E,0x3A2D,0x322D,0x322D,0x322D,0x324D,0x324D,0x324D,0x324D,0x324D,0x326D,
0x2A6D,0x2A4E,0x324F,0x326F,0x2A6E,0x2A6F,0x32AF,0x220C,0x4C58,0x6D1B,0x5C15,0x6D3B,0x1251,0x3C58,0x3418,0x01AC,
0x1AD2,0x54DC,0x12B2,0x3372,0x7D79,0x8E7D,0xAEFE,0xB6DC,0xE7FF,0x973F,0x55FF,0x655C,0x9EDD,0x85FB,0x86BE,0x6579,
0xCF5E,0x9EFD,0x76BD,0x4C56,0x5CDB,0x4499,0x1AD2,0x1294,0x124F,0x1AB2,0x1AD3,0x34BE,0x22B1,0x2B32,0x22B0,0x1A0C,
0x345B,0x23B7,0x222D,0x2BB8,0x11ED,0x1A50,0x2D3B,0x1291,0x122D,0x2376,0x0A0D,0x19EB,0x1B34,0x120E,0x19CA,0x12B2,
0x1B37,0x1A0E,0x11CD,0x1AB2,0x09CE,0x118A,0x1250,0x0A73,0x196A,0x09EE,0x2416,0x11CC,0x096A,0x09CD,0x3C38,0x118B,
0x096B,0x11AC,0x2335,0x11AB,0x0949,0x11AC,0x1337,0x118B,0x092A,0x09CD,0x0458,0x092A,0x1129,0x094A,0x094A,0x094A,
0x094A,0x094A,0x094A,0x094A,0x092A,0x00C8,0x00A6,0x08E8,0x09CE,0x1252,0x21F0,0x08E9,0x09F0,0x01B2,0x0B18,0x1357,
0x08A8,0x0862,0x092A,0x0234,0x08E7,0x094C,0x00EB,0x094B,0x0908,0x00EB,0x090B,0x010D,0x00EB,0x00E9,0x0067,0x010A,
0x090B,0x0066,0x0085,0x0130,0x08EB,0x00A8,0x00A7,0x00EB,0x00CA,0x0066,0x00A8,0x00A9,0x00A7,0x0068,0x0088,0x0067,
0x0887,0x0047,0x08AA,0x0067,0x0087,0x0069,0x0067,0x0044,0x00AD,0x0026,0x0023,0x008A,0x00D4,0x00B1,0x006B,0x0022,
0x0047,0x0045,0x0024,0x0024,0x0025,0x0024,0x0024,0x0024,0x0025,0x0025,0x0024,0x0024,0x0006,0x0006,0x0004,0x0004,
0x0004,0x0006,0x0005,0x0003,0x0003,0x0005,0x0006,0x0004,0x0003,0x0005,0x0006,0x0004,0x0003,0x0003,0x0004,0x0007,
0x5107,0x61CA,0x9BB2,0xDD99,0x9391,0x8B50,0xA413,0xB495,0xCD99,0xBD38,0x9C13,0x72EE,0x51EB,0x49CA,0x418A,0x418A,
0x3969,0x398A,0x418A,0x41CB,0x41EB,0x420C,0x41EC,0x41EB,0x41EB,0x39EB,0x39EB,0x39EB,0x39EB,0x39EB,0x39EB,0x39EC,
0x39EC,0x3A0C,0x3A0C,0x3A0C,0x3A0D,0x320D,0x320D,0x322D,0x322D,0x322D,0x322D,0x322D,0x322D,0x322D,0x324D,0x324D,
0x2A4D,0x2A4D,0x2A4E,0x2A4E,0x2A4E,0x2A6E,0x2A6F,0x2A8F,0x224F,0x5CDA,0x653B,0x4CB9,0x11AC,0x4439,0x4C38,0x124D,
0x43B6,0x4C39,0x120C,0x1A2D,0x4D7C,0x445A,0x22D2,0x23D6,0x6DBA,0x5CD7,0x7E3C,0xB75E,0xB79F,0x8EDE,0x76BF,0x7F1D,
0x5E1C,0x349A,0x4DDD,0x867E,0xD7BE,0x6DDA,0x763B,0x5518,0x5E5C,0x3415,0x1A51,0x1B97,0x09AB,0x1B35,0x1A70,0x120D,
0x2335,0x1AB2,0x224F,0x1A72,0x1270,0x122D,0x1A4E,0x1A8F,0x11EE,0x1A70,0x1AB2,0x120E,0x1A4E,0x2AD0,0x11ED,0x19CC,
0x2BB9,0x1251,0x118A,0x2290,0x122F,0x118B,0x120E,0x2271,0x11AB,0x19AB,0x19EE,0x11CD,0x116A,0x09AD,0x1A52,0x09AC,
0x116B,0x09AC,0x1315,0x11AC,0x094A,0x09AC,0x0AF4,0x096B,0x092A,0x11CD,0x120E,0x094A,0x094A,0x098B,0x11AC,0x094A,
0x092A,0x00C8,0x00A7,0x08E8,0x09AE,0x22B3,0x2292,0x0109,0x09AD,0x0A31,0x1254,0x0AB6,0x094B,0x0865,0x096C,0x12D5,
0x00A8,0x00E9,0x010C,0x090A,0x012C,0x092C,0x08C9,0x00EB,0x010B,0x010B,0x00A6,0x08C6,0x1170,0x090C,0x0086,0x00CC,
0x090F,0x0067,0x0085,0x00C9,0x00C9,0x0087,0x0088,0x00EF,0x00CA,0x0089,0x010A,0x0089,0x08EB,0x0069,0x090C,0x0028,
0x08CC,0x004A,0x0069,0x0048,0x0067,0x0048,0x08CC,0x0048,0x0046,0x0027,0x0027,0x0004,0x10CF,0x088A,0x0023,0x0026,
0x0027,0x0025,0x0024,0x0024,0x0025,0x0025,0x0024,0x0024,0x0025,0x0006,0x0004,0x0024,0x0023,0x0007,0x0005,0x0003,
0x0003,0x0005,0x0006,0x0004,0x0004,0x0004,0x0006,0x0005,0x0003,0x0004,0x0005,0x0006,0x0004,0x0003,0x0004,0x0005,
0xBB93,0x82EE,0xA391,0xB413,0xD5D9,0xB495,0x93B2,0x624C,0x51EA,0x4189,0x4169,0x4189,0x41A9,0x4189,0x41CA,0x41AA,
0x49CB,0x49EB,0x41EB,0x41CB,0x41CB,0x41CB,0x41CB,0x41EB,0x41EB,0x39EB,0x39EB,0x39EB,0x39EB,0x39EB,0x39EB,0x39EC,
0x39EC,0x3A0C,0x3A0C,0x3A0C,0x3A0D,0x3A0D,0x320D,0x322D,0x322D,0x322D,0x322D,0x322D,0x322D,0x322D,0x324D,0x324D,
0x2A4D,0x2A4E,0x2A4E,0x2A4E,0x2A4E,0x2A4E,0x2A6E,0x2A6E,0x2A2D,0x226F,0x5D3A,0xAF5F,0x3352,0x3396,0x3BF6,0x01CD,
0x3396,0x3BF8,0x22D3,0x54FA,0x663C,0x22D1,0x2A0A,0x3418,0x1B33,0x11CB,0x1AF3,0x3CF9,0x6D9B,0x7E3D,0xA71D,0xAF9F,
0x6EFD,0x4CD8,0x96DE,0x6E1C,0x2C9C,0x2C5A,0x861B,0x973E,0x461B,0x455A,0xB71C,0x45DA,0x661B,0x1A2E,0x2B32,0x2C98,
0x19ED,0x1B36,0x09EE,0x1A0E,0x2BB9,0x1A71,0x22F2,0x1B16,0x09CD,0x1271,0x1B57,0x1B37,0x1272,0x1AD4,0x09AD,0x11ED,
0x1292,0x09EE,0x19CC,0x1251,0x0A94,0x2291,0x09EF,0x1272,0x118C,0x098C,0x1251,0x0A10,0x1169,0x09CD,0x0A52,0x118B,
0x094A,0x11CC,0x122F,0x114A,0x094A,0x19ED,0x19CC,0x116B,0x094A,0x09CD,0x09ED,0x094A,0x092A,0x014B,0x096C,0x0909,
0x096B,0x2AB3,0x2AD3,0x0909,0x09AE,0x1253,0x1233,0x12F6,0x116D,0x00A4,0x0108,0x2CBA,0x098A,0x00E8,0x090B,0x094C,
0x012A,0x116B,0x090D,0x08C8,0x010C,0x090A,0x00C8,0x092E,0x19B0,0x08E7,0x0086,0x08C7,0x0130,0x00C7,0x0083,0x1171,
0x114D,0x0066,0x0087,0x00CA,0x00C9,0x0085,0x00AA,0x0087,0x0088,0x0089,0x00A9,0x0088,0x00CA,0x006A,0x00AA,0x0066,
0x0066,0x0028,0x0047,0x0046,0x0869,0x0046,0x0069,0x08AE,0x088A,0x0066,0x0066,0x08AF,0x088F,0x0069,0x0024,0x0044,
0x0026,0x0007,0x0024,0x0024,0x0024,0x0008,0x0025,0x0024,0x0024,0x0007,0x0025,0x0024,0x0004,0x0006,0x0005,0x0004,
0x0004,0x0003,0x0006,0x0006,0x0003,0x0003,0x0005,0x0006,0x0004,0x0004,0x0003,0x0004,0x0006,0x0003,0x0003,0x0004,
0xCD78,0xC4F6,0x9330,0x722C,0x5169,0x4968,0x3907,0x49A9,0x4989,0x49A9,0x49AA,0x49CA,0x49CA,0x49CA,0x49AA,0x41AA,
0x41CA,0x41CA,0x41CB,0x41CB,0x41CB,0x41CB,0x41EB,0x41EB,0x41EB,0x39EB,0x39EB,0x39EB,0x39EB,0x39EC,0x39EC,0x39EC,
0x39EC,0x39EC,0x3A0C,0x39EC,0x39EC,0x3A0D,0x3A0D,0x320D,0x320D,0x322D,0x322D,0x322D,0x322D,0x322D,0x322D,0x322D,
0x2A2D,0x2A2D,0x2A4E,0x2A4E,0x2A4E,0x2A4E,0x2A4E,0x2A4E,0x2A4E,0x2A4E,0x29CE,0x6CD8,0x96BE,0x659C,0x767D,0x3BB7,
0x65BC,0x6DDD,0x2B99,0x3C37,0x3BB7,0x1A0D,0x328E,0x3C5A,0x1AF2,0x222D,0x1B76,0x4CFA,0x12B2,0x0A73,0x3499,0x3C57,
0x5D5A,0x8EBD,0xB77F,0x8FDF,0x4DDD,0x659C,0x7E9D,0x0AF5,0x357B,0x54BB,0x8E3C,0x34B9,0x4477,0x8F3E,0x567D,0x56BE,
0x455A,0x33D3,0x4C98,0x1A6F,0x11CA,0x1BFA,0x1A4F,0x1A2D,0x2271,0x11CA,0x22B0,0x2AF2,0x19EC,0x1A91,0x2291,0x120D,
0x1A92,0x2290,0x11AB,0x1A2F,0x22B2,0x11CC,0x118B,0x2270,0x09F0,0x22B3,0x1A0F,0x120E,0x098A,0x09AD,0x122F,0x118B,
0x116B,0x09AC,0x09EE,0x114A,0x114B,0x09AC,0x09CD,0x096A,0x094A,0x0A0E,0x018C,0x0929,0x08C8,0x23B4,0x33D6,0x094A,
0x09AE,0x1B18,0x1255,0x1AD5,0x11EF,0x00E8,0x0864,0x1B38,0x01B0,0x08A4,0x094B,0x1991,0x114B,0x00A7,0x090B,0x0909,
0x016C,0x096D,0x08EA,0x00C7,0x094D,0x090C,0x0886,0x088A,0x090F,0x08E7,0x00A7,0x08C7,0x094C,0x00A7,0x00A5,0x08EC,
0x090B,0x00C8,0x00EC,0x00C9,0x00AC,0x0087,0x0066,0x0066,0x00A9,0x0087,0x0086,0x0044,0x00A7,0x0048,0x0866,0x0046,
0x0047,0x0867,0x0088,0x0048,0x0068,0x0086,0x0064,0x006B,0x00B1,0x00F2,0x008F,0x086E,0x0022,0x0047,0x0044,0x0044,
0x0045,0x0027,0x0025,0x0024,0x0024,0x0027,0x0025,0x0024,0x0024,0x0025,0x0006,0x0004,0x0004,0x0004,0x0025,0x0005,
0x0003,0x0004,0x0005,0x0005,0x0004,0x0004,0x0003,0x0005,0x0006,0x0004,0x0004,0x0004,0x0005,0x0005,0x0003,0x0003,
0x5189,0x4988,0x3967,0x4188,0x4989,0x49A9,0x51CA,0x49A9,0x49A9,0x49A9,0x49AA,0x49AA,0x49AA,0x41AA,0x41AA,0x41AA,
0x41AA,0x41CA,0x41CA,0x41CB,0x41CB,0x41CB,0x41CB,0x41CB,0x39EB,0x39CB,0x39EB,0x39EB,0x39EB,0x39EB,0x39EB,0x39EB,
0x39EC,0x39EC,0x39EC,0x31EC,0x320C,0x320C,0x320C,0x320D,0x320D,0x320D,0x322D,0x322D,0x322D,0x322D,0x322D,0x2A2D,
0x2A2D,0x2A2D,0x2A4E,0x2A4E,0x2A2E,0x2A4E,0x2A4E,0x2A4E,0x2A4E,0x2A4E,0x222E,0x1A2D,0x4CDB,0x4C98,0x5D9B,0x3356,
0x4C79,0x4418,0x11CB,0x3315,0x3B95,0x1A2D,0x2AF0,0x3C17,0x124E,0x1A6E,0x4D1A,0x345B,0x1A4D,0x22F0,0x2BD8,0x1A0F,
0x19AD,0x2C79,0x65BE,0x5CF9,0x7F3E,0x9F5F,0x561E,0x347C,0x4D9B,0x9F9F,0x0B56,0x4458,0x45BC,0x4CF9,0x457A,0x11B1,
0xAF5E,0x45FB,0x4D58,0x55BA,0x3455,0x4EBD,0x22F2,0x1251,0x2BB8,0x09CC,0x0A92,0x09F0,0x098A,0x1A92,0x09EE,0x1AD4,
0x12F5,0x120F,0x19AB,0x120E,0x0A0F,0x11CC,0x11ED,0x1251,0x09EF,0x1A4F,0x0A30,0x09EF,0x118B,0x1AD4,0x0A95,0x11AB,
0x094A,0x1AD3,0x12D3,0x1129,0x092A,0x2B56,0x19EE,0x00C8,0x10E8,0x1B95,0x2BD6,0x11CE,0x08E9,0x1C38,0x1BB4,0x12B2,
0x09CE,0x01D0,0x08C7,0x0A94,0x01F1,0x08E8,0x092A,0x0AD6,0x0211,0x10C7,0x112A,0x010B,0x116B,0x11AC,0x114D,0x10A7,
0x096E,0x012C,0x00A8,0x00E9,0x09CF,0x08A8,0x08C7,0x0888,0x0173,0x0909,0x010B,0x00C7,0x010D,0x00A7,0x00A6,0x00AA,
0x00A9,0x00A8,0x00CA,0x00A6,0x0131,0x00A9,0x00CB,0x00A8,0x0088,0x08C9,0x00A9,0x00A6,0x0088,0x08AB,0x00A8,0x0088,
0x0047,0x0066,0x0069,0x0089,0x0049,0x008E,0x0043,0x0045,0x0025,0x088C,0x008D,0x0002,0x0026,0x0046,0x0045,0x0024,
0x0025,0x0044,0x0026,0x0024,0x0024,0x0024,0x0026,0x0025,0x0024,0x0024,0x0006,0x0024,0x0004,0x0004,0x0025,0x0005,
0x0004,0x0004,0x0004,0x0006,0x0005,0x0003,0x0004,0x0004,0x0005,0x0005,0x0003,0x0003,0x0004,0x0005,0x0005,0x0003,
0x4988,0x49A9,0x51A9,0x49A9,0x49A9,0x49A9,0x49A9,0x49A9,0x49A9,0x49AA,0x49AA,0x41AA,0x41AA,0x41AA,0x41AA,0x41AA,
0x41CA,0x41CA,0x41CA,0x41CB,0x41CB,0x41CB,0x39CB,0x39CB,0x39CB,0x39EB,0x39EB,0x39EB,0x39EC,0x39EC,0x39EB,0x31EC,
0x31EC,0x31EC,0x31EC,0x320C,0x31EC,0x320C,0x320C,0x320C,0x320C,0x320C,0x320D,0x2A0D,0x322D,0x322D,0x322D,0x2A2D,
0x2A2D,0x2A2D,0x2A2D,0x2A2D,0x2A2D,0x2A2E,0x2A4E,0x2A4E,0x2A4E,0x2A4E,0x2A2E,0x222E,0x2AD1,0x4CBC,0x54DD,0x1A4F,
0x2AD4,0x4398,0x220D,0x3356,0x3B75,0x19EC,0x2AD4,0x3377,0x1A8F,0x3BF6,0x4D5B,0x128E,0x222C,0x2377,0x2355,0x224D,
0x1A91,0x2C59,0x2376,0x11AE,0x3BD3,0x6CB8,0x6D7B,0x6E9C,0x975F,0x4DDC,0x2CB9,0x33D8,0x569D,0x2357,0x34BA,0x6EBC,
0x2356,0x3CD9,0x1A4F,0x553A,0x97BE,0x22D1,0x5E1C,0x4DFA,0x3DDA,0x56DC,0x2C17,0x5D37,0x4476,0x092C,0x2BB5,0x22B1,
0x114B,0x1AB2,0x016D,0x11EC,0x2B95,0x094C,0x094A,0x1293,0x09AE,0x08C6,0x120D,0x1A0F,0x08C8,0x11AB,0x1A2F,0x014B,
0x0129,0x122F,0x120F,0x096B,0x092A,0x1A11,0x2BB8,0x2B95,0x10E9,0x1396,0x1BD6,0x0B58,0x1232,0x1233,0x0083,0x12B3,
0x1272,0x096D,0x0929,0x0AB4,0x1AD5,0x0088,0x116A,0x094A,0x118C,0x012C,0x094C,0x00E9,0x094B,0x096F,0x098F,0x00A7,
0x096D,0x012C,0x08A6,0x00EB,0x0A77,0x08EC,0x00A7,0x00C8,0x0909,0x00C7,0x00A6,0x010C,0x0994,0x08E9,0x0087,0x00E8,
0x08C6,0x08A7,0x00AA,0x00A9,0x00A8,0x08A5,0x00F0,0x0066,0x00A9,0x08EA,0x00AD,0x00AC,0x0049,0x08CD,0x0089,0x0087,
0x0025,0x0047,0x0067,0x00AB,0x008A,0x08A9,0x008B,0x004A,0x08F1,0x088F,0x0024,0x0025,0x0025,0x0045,0x0045,0x0025,
0x0025,0x0025,0x0026,0x0024,0x0024,0x0004,0x0007,0x0025,0x0024,0x0024,0x0006,0x0005,0x0004,0x0004,0x0005,0x0006,
0x0005,0x0003,0x0003,0x0005,0x0006,0x0004,0x0004,0x0004,0x0005,0x0005,0x0003,0x0003,0x0003,0x0004,0x0004,0x0003,
0x4988,0x4988,0x4988,0x4989,0x4989,0x4989,0x4989,0x4989,0x4989,0x41A9,0x41A9,0x41A9,0x41A9,0x41A9,0x41AA,0x41AA,
0x41AA,0x41AA,0x41AA,0x41CA,0x39CA,0x39CA,0x39CB,0x39CB,0x39CB,0x39CB,0x39CB,0x39CB,0x31CC,0x31CB,0x31EB,0x31EB,
0x31EC,0x31EC,0x31EC,0x31EC,0x320C,0x320C,0x320C,0x320C,0x320C,0x320C,0x2A0C,0x2A0D,0x2A0D,0x2A0D,0x2A0D,0x2A0D,
0x2A0D,0x2A0D,0x2A0D,0x2A2D,0x2A2D,0x2A2D,0x2A2E,0x2A2E,0x222E,0x2A2E,0x2A2E,0x2A2E,0x220D,0x2AB1,0x765D,0x6D9A,
0x2252,0x3B99,0x19CC,0x2AF5,0x3355,0x11CC,0x2B74,0x44FC,0x2B98,0x3375,0x2B56,0x1A50,0x1A2D,0x2B77,0x22D2,0x198B,
0x2C16,0x3CF9,0x11AC,0x1A4E,0x2B56,0x0A92,0x09CC,0x44F8,0x871F,0x6DBA,0x5DDC,0x6EFE,0x3C36,0x34B9,0x2B35,0x66BD,
0x2AF1,0x1B0E,0x3E5C,0x1B16,0x4CF8,0x1A73,0x3437,0x3DBD,0x11AF,0x3C55,0x5F1F,0x3BB2,0x2C76,0x34FA,0x3D99,0x2DBC,
0x2315,0x2C18,0x35BC,0x1B54,0x2314,0x3478,0x2312,0x11AD,0x2BB5,0x3333,0x116B,0x0A91,0x33B5,0x11ED,0x09CE,0x2418,
0x23B4,0x016C,0x0BB7,0x14FB,0x12D4,0x1B55,0x2376,0x12D3,0x2377,0x12F5,0x0865,0x11CE,0x2399,0x096C,0x0908,0x1210,
0x1B99,0x018E,0x098C,0x118C,0x1A0F,0x09AF,0x016D,0x0109,0x198B,0x014C,0x11AE,0x00C8,0x096C,0x098E,0x00A6,0x0087,
0x11AE,0x094E,0x00A5,0x00E6,0x110A,0x00E7,0x090B,0x012A,0x010C,0x00E8,0x00A6,0x00E7,0x08E8,0x00E7,0x00EB,0x090D,
0x0087,0x0887,0x0089,0x0087,0x0088,0x00A8,0x0066,0x0885,0x0088,0x00A7,0x0068,0x0066,0x0045,0x0067,0x0048,0x0088,
0x0067,0x0887,0x0067,0x0066,0x0069,0x00AD,0x006B,0x008D,0x0068,0x0064,0x0046,0x0025,0x0024,0x0025,0x0028,0x0025,
0x0024,0x0025,0x0007,0x0025,0x0024,0x0004,0x0007,0x0025,0x0024,0x0024,0x0003,0x0006,0x0005,0x0004,0x0004,0x0006,
0x0006,0x0004,0x0004,0x0003,0x0006,0x0006,0x0003,0x0004,0x0004,0x0006,0x0005,0x0003,0x0003,0x0003,0x0004,0x0005,
0x4988,0x4988,0x4988,0x4988,0x4988,0x4989,0x4189,0x4189,0x4189,0x4189,0x41A9,0x41A9,0x41A9,0x41A9,0x41A9,0x41AA,
0x41AA,0x39AA,0x39AA,0x39AA,0x39AA,0x39CA,0x39CB,0x39CB,0x39CB,0x39CB,0x39CB,0x39CB,0x31CC,0x31CC,0x31EC,0x31EC,
0x31EC,0x31EC,0x31EC,0x320C,0x320C,0x320C,0x320C,0x320C,0x320C,0x320C,0x2A0C,0x2A0D,0x2A0D,0x2A0D,0x2A0D,0x2A0D,
0x2A0D,0x2A0D,0x2A0D,0x2A0D,0x2A2D,0x2A2D,0x2A2D,0x2A2D,0x2A2D,0x2A2D,0x2A2E,0x2A4E,0x2A2E,0x21ED,0x220F,0x7E7C,
0x5D3C,0x6DBC,0x3B96,0x3BF8,0x551A,0x3357,0x3D7A,0x44DA,0x19EE,0x1A72,0x3397,0x122E,0x1A4E,0x3B96,0x122F,0x2AF3,
0x2BD7,0x2333,0x220D,0x0A71,0x2B78,0x224E,0x11CC,0x2B75,0x1B56,0x1A51,0x5475,0x96FD,0x5E7B,0x4DFA,0x465C,0x2C79,
0x341A,0x1396,0x34F9,0x3599,0x090C,0x56BD,0x2A93,0x13D6,0x3417,0x1354,0x3D9D,0x11CF,0x22F3,0x4E9C,0x1C37,0x2AF7,
0x35DD,0x24B9,0x2B55,0x2C38,0x2D1B,0x2C96,0x23F6,0x2CB8,0x4E7B,0x2478,0x1436,0x24D8,0x2C38,0x1C18,0x2416,0x2313,
0x22F2,0x243A,0x1B14,0x08C7,0x2335,0x1B95,0x1128,0x08A8,0x0C5B,0x21EF,0x0908,0x118C,0x1BFC,0x11F1,0x08E9,0x098D,
0x0B18,0x09AF,0x090A,0x0949,0x09EF,0x11CF,0x116B,0x0909,0x092A,0x016E,0x096C,0x08E8,0x092A,0x08E9,0x08C6,0x0087,
0x1A32,0x094F,0x00A5,0x00E9,0x094D,0x00E9,0x00C8,0x08C7,0x00E9,0x00EB,0x00A4,0x00EB,0x00E8,0x00CA,0x00E7,0x08C7,
0x00CA,0x0974,0x0087,0x08C8,0x0086,0x00C9,0x00A9,0x0086,0x0066,0x00A6,0x0088,0x0088,0x0067,0x0088,0x0089,0x008A,
0x00A9,0x0066,0x0025,0x0045,0x0085,0x006A,0x00B1,0x0067,0x0045,0x0044,0x0027,0x0025,0x0025,0x0025,0x0027,0x0025,
0x0024,0x0025,0x0026,0x0026,0x0004,0x0024,0x0024,0x0007,0x0025,0x0003,0x0004,0x0005,0x0024,0x0004,0x0004,0x0003,
0x0006,0x0006,0x0003,0x0004,0x0004,0x0006,0x0005,0x0004,0x0004,0x0005,0x0006,0x0003,0x0003,0x0003,0x0004,0x0005,
0x4968,0x4968,0x4968,0x4168,0x4988,0x4989,0x4189,0x4189,0x4189,0x4189,0x4189,0x4189,0x4189,0x4189,0x4189,0x39A9,
0x39A9,0x39AA,0x39AA,0x39AA,0x39AA,0x39AA,0x39AA,0x39CA,0x39CB,0x39CB,0x31CB,0x31CB,0x31CB,0x31CB,0x31CB,0x31CB,
0x31CB,0x31EB,0x31EC,0x31EC,0x31EC,0x31EC,0x31EC,0x320C,0x320C,0x2A0C,0x2A0C,0x2A0C,0x2A0D,0x2A0D,0x2A0D,0x2A0D,
0x2A0D,0x2A0D,0x2A0D,0x2A0D,0x2A2D,0x2A2D,0x2A2D,0x2A2D,0x2A2D,0x2A2D,0x222E,0x2A2E,0x222E,0x2A4E,0x1A0C,0x2AD4,
0x54BC,0x5D78,0x449A,0x3C3A,0x4D5D,0x22B2,0x3314,0x3314,0x19CD,0x22B4,0x3355,0x1A2D,0x1A4E,0x2334,0x2314,0x2315,
0x2399,0x1A72,0x21EC,0x22D2,0x2B13,0x11EC,0x33D7,0x3BD7,0x1A2E,0x11ED,0x2250,0x1AF5,0x23B3,0x8E5C,0x8F5E,0x4E7C,
0x22F4,0x3D79,0x43F7,0x46FD,0x2AB2,0x3CBB,0x3457,0x198D,0x4559,0x4D58,0x19AF,0x3377,0x1BB6,0x1A72,0x3356,0x1251,
0x23D5,0x2B54,0x10ED,0x1BD5,0x2C9A,0x08AA,0x022D,0x3DDE,0x09AD,0x0089,0x3D1C,0x1333,0x090C,0x2BB7,0x24D9,0x0888,
0x0A30,0x25BE,0x1A10,0x08C6,0x2B76,0x1D5A,0x08EB,0x094C,0x1C99,0x2395,0x00E7,0x116C,0x1B17,0x19CD,0x094A,0x1928,
0x09D0,0x098C,0x098D,0x08C7,0x0233,0x01AF,0x098E,0x096B,0x09D1,0x09F2,0x08C6,0x08C5,0x01B1,0x01F4,0x0884,0x00E9,
0x012C,0x012D,0x00C7,0x092B,0x092B,0x012C,0x0087,0x00CA,0x014C,0x0194,0x00A5,0x08EA,0x00A6,0x08EA,0x00A7,0x00C8,
0x00A6,0x08A7,0x00AA,0x090D,0x0066,0x00CA,0x00A9,0x00A9,0x00C8,0x00AB,0x00CC,0x00AA,0x0087,0x0069,0x0048,0x0046,
0x0088,0x00CF,0x00AF,0x0022,0x0065,0x00ED,0x00F0,0x0043,0x0025,0x0044,0x0045,0x0025,0x0025,0x0025,0x0025,0x0025,
0x0025,0x0025,0x0025,0x0025,0x0024,0x0024,0x0024,0x0006,0x0024,0x0004,0x0004,0x0005,0x0025,0x0004,0x0004,0x0004,
0x0025,0x0005,0x0004,0x0004,0x0004,0x0005,0x0005,0x0004,0x0004,0x0003,0x0005,0x0006,0x0003,0x0003,0x0003,0x0004,
0x4188,0x4188,0x4168,0x4168,0x4189,0x4189,0x4189,0x4189,0x4189,0x4189,0x4189,0x41A9,0x41A9,0x39A9,0x39A9,0x39A9,
0x39A9,0x39AA,0x39AA,0x39AA,0x39AA,0x39AA,0x39AA,0x39AA,0x39AA,0x31AB,0x31CB,0x31CB,0x31CB,0x31CB,0x31CB,0x31CB,
0x31CB,0x31CB,0x31EB,0x31EB,0x31EC,0x31EC,0x31EC,0x29EC,0x29EC,0x2A0C,0x2A0C,0x2A0C,0x2A0D,0x2A0D,0x2A0D,0x2A0D,
0x2A0D,0x2A0D,0x2A0D,0x2A0D,0x2A2D,0x2A2D,0x2A2D,0x2A2D,0x2A2D,0x222D,0x222D,0x222D,0x222E,0x222D,0x226E,0x222E,
0x2B35,0x449D,0x2B96,0x11AA,0x3B77,0x1A0E,0x2A92,0x3B56,0x19ED,0x2AB2,0x3B54,0x11EB,0x12B1,0x44B9,0x2397,0x1251,
0x2B12,0x1A71,0x19EC,0x22D1,0x22F3,0x226E,0x22D3,0x2357,0x1A2E,0x120E,0x22F3,0x12B3,0x124F,0x1A30,0x4457,0x5599,
0x4DD9,0x4DFB,0x2CFB,0x2315,0x351C,0x2B15,0x1CF8,0x2272,0x1C15,0x3D19,0x090C,0x2D1A,0x23B6,0x0A73,0x22F5,0x2397,
0x2394,0x1253,0x1C39,0x3C97,0x0A52,0x1B35,0x1A71,0x12D4,0x1B15,0x19AD,0x22D6,0x2B58,0x116C,0x1231,0x2B98,0x098D,
0x11EE,0x1B38,0x1A92,0x08E8,0x0A93,0x1B15,0x0969,0x096C,0x19EE,0x1210,0x116A,0x11AD,0x09D1,0x19CE,0x014D,0x1109,
0x0255,0x09CE,0x0929,0x11AC,0x1A11,0x11F0,0x08E9,0x10A5,0x09D1,0x0A33,0x08C7,0x08C5,0x014D,0x01F1,0x08C7,0x00C9,
0x094C,0x092A,0x00E9,0x094D,0x090B,0x00E7,0x0087,0x08EA,0x00E8,0x00C6,0x00A6,0x0153,0x08C7,0x0887,0x00A7,0x00A9,
0x0064,0x00CA,0x0087,0x0086,0x0064,0x00CA,0x00A8,0x00A8,0x0087,0x0088,0x0087,0x0089,0x0067,0x0066,0x0067,0x0088,
0x0067,0x0087,0x00F1,0x00D2,0x00B0,0x008F,0x0042,0x0045,0x0026,0x0045,0x0047,0x0025,0x0025,0x0025,0x0025,0x0028,
0x0025,0x0024,0x0024,0x0027,0x0025,0x0024,0x0004,0x0007,0x0006,0x0004,0x0024,0x0024,0x0006,0x0005,0x0004,0x0004,
0x0005,0x0006,0x0004,0x0003,0x0004,0x0004,0x0006,0x0005,0x0003,0x0004,0x0003,0x0005,0x0006,0x0003,0x0003,0x0003,
0x4168,0x4188,0x4188,0x4188,0x4188,0x4189,0x4189,0x4189,0x3989,0x3989,0x3989,0x3989,0x3989,0x39A9,0x39A9,0x39A9,
0x39A9,0x39AA,0x39AA,0x39AA,0x39AA,0x39AA,0x39AA,0x39AA,0x31AA,0x31AA,0x31AB,0x31AB,0x31AB,0x31AB,0x31CB,0x31CB,
0x31CB,0x31CB,0x31CB,0x31EB,0x29EB,0x29EB,0x29EB,0x29EC,0x29EC,0x29EC,0x29EC,0x29EC,0x29EC,0x29EC,0x2A0D,0x2A0D,
0x2A0D,0x2A0D,0x220D,0x220D,0x220D,0x220D,0x220D,0x220D,0x220D,0x220D,0x222D,0x222D,0x222D,0x222D,0x222E,0x224E,
0x19ED,0x3376,0x56BE,0x3351,0x2B17,0x2A51,0x1A4F,0x2B37,0x11AD,0x1A50,0x2B14,0x1AB1,0x33F9,0x4C7A,0x09ED,0x122F,
0x2355,0x1250,0x1A0D,0x2313,0x0AB4,0x2B75,0x1AB3,0x1AD4,0x19EB,0x122E,0x2AF3,0x1A2E,0x1B97,0x1AF5,0x0A52,0x19AD,
0x2BB4,0x7E3B,0x6EFD,0x2CD6,0x3496,0x3C56,0x0A53,0x3457,0x3354,0x1B56,0x2291,0x12B3,0x3C38,0x1B15,0x1292,0x2C17,
0x11EB,0x122E,0x23D9,0x120D,0x19ED,0x2313,0x1A4E,0x1B15,0x1314,0x09CB,0x0A30,0x1AD3,0x096E,0x09AE,0x1B34,0x122E,
0x194B,0x1A91,0x1335,0x114B,0x098E,0x1315,0x11CD,0x012D,0x1210,0x12B6,0x1109,0x1129,0x0A12,0x0A31,0x096D,0x11EF,
0x19AE,0x11AD,0x11AD,0x0929,0x118E,0x118D,0x0908,0x08E8,0x0A12,0x0A11,0x08E8,0x08C7,0x11EF,0x010B,0x08A5,0x0909,
0x092C,0x090A,0x00C7,0x08A7,0x00EB,0x0970,0x010A,0x00CA,0x00A9,0x00EC,0x00A6,0x08EA,0x00A7,0x0132,0x092B,0x0886,
0x0086,0x00A9,0x00A8,0x00A7,0x0045,0x0065,0x0065,0x00A9,0x0066,0x0065,0x0086,0x0067,0x008A,0x00AC,0x0046,0x0044,
0x0067,0x0068,0x0084,0x0089,0x008C,0x0001,0x0068,0x0045,0x0024,0x0025,0x0046,0x0027,0x0025,0x0025,0x0025,0x0027,
0x0025,0x0024,0x0024,0x0026,0x0026,0x0024,0x0024,0x0024,0x0007,0x0005,0x0024,0x0004,0x0004,0x0006,0x0005,0x0004,
0x0004,0x0006,0x0006,0x0004,0x0004,0x0004,0x0005,0x0006,0x0004,0x0004,0x0004,0x0003,0x0004,0x0005,0x0003,0x0003,
0x4148,0x4168,0x4168,0x4168,0x4168,0x4168,0x3969,0x3969,0x3989,0x3989,0x3989,0x3989,0x3989,0x3989,0x3989,0x3989,
0x39A9,0x39A9,0x39A9,0x39AA,0x39AA,0x39AA,0x39AA,0x39AA,0x31AA,0x31AA,0x31AB,0x31AB,0x31AB,0x31AB,0x31CB,0x31CB,
0x31CB,0x31CB,0x31CB,0x29EB,0x29EB,0x29EB,0x29EB,0x29EC,0x29EC,0x29EC,0x29EC,0x29EC,0x29EC,0x29EC,0x2A0D,0x2A0D,
0x2A0D,0x2A0D,0x220D,0x220D,0x220D,0x220D,0x220D,0x220D,0x220D,0x220D,0x222D,0x222D,0x222D,0x222D,0x222D,0x222D,
0x222D,0x11CC,0x3BB3,0x5E5D,0x353B,0x4418,0x2AB1,0x3C36,0x22D1,0x33F5,0x3D7C,0x2354,0x2B14,0x22D3,0x19ED,0x122F,
0x2335,0x122F,0x19AB,0x2B55,0x2BB7,0x19AA,0x226F,0x2290,0x1A0C,0x1A0D,0x2B14,0x22D2,0x11CC,0x2250,0x1A90,0x19AD,
0x198B,0x2AB1,0x43F5,0x3DDA,0x75DA,0x3C59,0x1B74,0x4494,0x5599,0x098D,0x34D9,0x11B0,0x2CFA,0x1250,0x13B4,0x1C79,
0x0230,0x1AF2,0x33B6,0x1313,0x09CE,0x1B55,0x1BB6,0x198E,0x1B35,0x1BB7,0x092A,0x2C55,0x13D5,0x014D,0x122F,0x0AD6,
0x11AF,0x11AC,0x1293,0x116A,0x118C,0x11EE,0x11CF,0x11AF,0x196A,0x09F0,0x11AE,0x0A32,0x09CF,0x11AD,0x096C,0x11AE,
0x1210,0x114B,0x0908,0x014B,0x01D0,0x09D0,0x0909,0x10E6,0x09D2,0x1254,0x08C6,0x00C8,0x09AF,0x012D,0x08A6,0x094C,
0x0190,0x00C9,0x00A6,0x00E9,0x00EA,0x090B,0x00A8,0x08EA,0x090C,0x00C8,0x0086,0x00C7,0x00A6,0x00E7,0x00A7,0x00CA,
0x00EB,0x0088,0x00CC,0x00CA,0x00A8,0x00A9,0x00A9,0x00CA,0x00A9,0x00AA,0x0089,0x0087,0x0067,0x008B,0x110F,0x0027,
0x0064,0x0068,0x0935,0x00CF,0x0042,0x0045,0x0026,0x0025,0x0044,0x0025,0x0045,0x0045,0x0025,0x0025,0x0024,0x0045,
0x0025,0x0004,0x0024,0x0025,0x0025,0x0024,0x0024,0x0004,0x0005,0x0025,0x0024,0x0004,0x0004,0x0005,0x0005,0x0004,
0x0004,0x0003,0x0006,0x0006,0x0003,0x0004,0x0003,0x0005,0x0006,0x0004,0x0004,0x0003,0x0003,0x0004,0x0005,0x0003,
0x4148,0x4148,0x3968,0x3968,0x3968,0x3968,0x3968,0x3968,0x3969,0x3969,0x3969,0x3969,0x3989,0x3989,0x3189,0x3189,
0x3189,0x318A,0x318A,0x318A,0x318A,0x318A,0x31AA,0x31AA,0x31AA,0x31AA,0x31AB,0x31AB,0x31AB,0x31AB,0x31AB,0x31CB,
0x31CB,0x31CB,0x31CB,0x29CB,0x29EB,0x29EB,0x29EB,0x29EC,0x29EC,0x29EC,0x29EC,0x29EC,0x29EC,0x29EC,0x29EC,0x29EC,
0x21EC,0x21EC,0x21EC,0x220D,0x220D,0x220D,0x220D,0x220D,0x220D,0x220D,0x220D,0x220D,0x220D,0x220D,0x222D,0x222D,
0x220D,0x222D,0x198B,0x2B56,0x4CFA,0x455A,0x2B98,0x4D3C,0x33F9,0x2B54,0x3BB5,0x1A0C,0x1270,0x2B35,0x11ED,0x1A2E,
0x2AF2,0x11EC,0x1AB2,0x2C3B,0x22D2,0x19CB,0x22D3,0x12D4,0x21EB,0x1A50,0x1B79,0x22F3,0x11ED,0x1B16,0x1A2E,0x09CB,
0x22F3,0x1B14,0x0929,0x116F,0x53F3,0x3618,0x3DFA,0x2C37,0x2C3B,0x1253,0x1B15,0x2498,0x11F0,0x32F5,0x222F,0x22F3,
0x2290,0x0AB1,0x2CDB,0x1270,0x092A,0x23F7,0x0A91,0x1087,0x1B13,0x12F3,0x08C7,0x2B34,0x1336,0x1108,0x11ED,0x1C3A,
0x1271,0x118B,0x12D4,0x1B76,0x1232,0x1252,0x11EF,0x1253,0x1273,0x0A11,0x094A,0x116B,0x0A10,0x11AE,0x098C,0x092B,
0x096B,0x0254,0x096C,0x0928,0x094A,0x11F1,0x098C,0x094A,0x116B,0x08E7,0x08C6,0x096E,0x1233,0x00E9,0x00C6,0x00A7,
0x00E8,0x0909,0x00CA,0x00E8,0x00EA,0x08C8,0x0087,0x090A,0x090C,0x00EB,0x00E9,0x00EB,0x0065,0x00CC,0x00A8,0x00A9,
0x0086,0x00AA,0x00C8,0x00AA,0x08A9,0x00A8,0x00A9,0x00A9,0x00CA,0x0087,0x0066,0x0087,0x0086,0x0046,0x1930,0x00AE,
0x0088,0x08CD,0x08CE,0x0046,0x0024,0x0045,0x0046,0x0027,0x0025,0x0025,0x0026,0x0047,0x0025,0x0025,0x0025,0x0028,
0x0027,0x0004,0x0024,0x0024,0x0027,0x0025,0x0024,0x0004,0x0005,0x0007,0x0025,0x0004,0x0004,0x0005,0x0005,0x0004,
0x0004,0x0004,0x0004,0x0005,0x0005,0x0003,0x0004,0x0003,0x0005,0x0006,0x0003,0x0003,0x0003,0x0004,0x0005,0x0005,
0x3948,0x3968,0x3948,0x3948,0x3948,0x3968,0x3968,0x3968,0x3968,0x3969,0x3169,0x3969,0x3969,0x3989,0x3189,0x3189,
0x3189,0x3189,0x3189,0x318A,0x318A,0x318A,0x31AA,0x31AA,0x31AA,0x31AB,0x31AB,0x31AB,0x31AB,0x31AB,0x31CB,0x31CB,
0x29CB,0x29CB,0x29CB,0x29CB,0x29CB,0x29CB,0x29CB,0x29EB,0x29EC,0x29EC,0x29EC,0x29EC,0x29EC,0x29EC,0x29EC,0x29EC,
0x21EC,0x21EC,0x21EC,0x21EC,0x21EC,0x21EC,0x21EC,0x21ED,0x220D,0x220D,0x220D,0x220D,0x220D,0x220D,0x220D,0x1A0D,
0x1A0D,0x1A0D,0x220D,0x1A0E,0x2B74,0x2CBA,0x1A50,0x22B3,0x2AD1,0x19CD,0x2AF5,0x1A2F,0x222E,0x3312,0x1A2D,0x122F,
0x1B14,0x1B12,0x2314,0x2354,0x11CC,0x19EC,0x228F,0x224E,0x118C,0x2B33,0x1B74,0x118D,0x19EE,0x226E,0x21ED,0x098B,
0x2356,0x2315,0x11AB,0x1A6E,0x1294,0x120F,0x4538,0x66FE,0x3C99,0x13F7,0x2A91,0x3CF9,0x3336,0x2478,0x1374,0x0B15,
0x1AF3,0x0A92,0x1B76,0x1252,0x1A30,0x1291,0x2459,0x11AD,0x0A2F,0x1BF9,0x0909,0x018C,0x2439,0x114A,0x094A,0x1AF5,
0x11EE,0x0929,0x1210,0x19F0,0x192B,0x01AA,0x0A12,0x094C,0x0928,0x11AB,0x1233,0x0909,0x1129,0x01F0,0x094C,0x092C,
0x118C,0x118D,0x09AF,0x01D0,0x096D,0x196C,0x010A,0x0928,0x0970,0x09F2,0x00C6,0x092C,0x11B0,0x092C,0x0086,0x092C,
0x0952,0x010B,0x092B,0x08E7,0x00C9,0x00EB,0x00A7,0x00C9,0x00A8,0x0089,0x010C,0x00C8,0x08A8,0x08CA,0x0086,0x08A7,
0x00C7,0x0086,0x0085,0x0087,0x0088,0x0066,0x0086,0x0044,0x0089,0x00CC,0x00A9,0x0048,0x0069,0x0025,0x0026,0x0067,
0x00CC,0x088D,0x0068,0x0046,0x0044,0x0044,0x0045,0x0046,0x0025,0x0025,0x0024,0x0025,0x0007,0x0024,0x0024,0x0025,
0x0027,0x0024,0x0024,0x0024,0x0025,0x0027,0x0004,0x0024,0x0004,0x0007,0x0025,0x0003,0x0004,0x0004,0x0006,0x0005,
0x0003,0x0004,0x0003,0x0006,0x0006,0x0003,0x0004,0x0004,0x0003,0x0005,0x0006,0x0003,0x0003,0x0003,0x0003,0x0004,
0x3948,0x3948,0x3948,0x3948,0x3948,0x3948,0x3968,0x3968,0x3968,0x3169,0x3169,0x3169,0x3169,0x3189,0x3189,0x3169,
0x3189,0x3189,0x3189,0x318A,0x318A,0x318A,0x31AA,0x31AA,0x31AA,0x31AA,0x31AB,0x31AB,0x31AB,0x29AB,0x29AB,0x29AB,
0x29CB,0x29CB,0x29CB,0x29CB,0x29CB,0x29CB,0x29CB,0x29CB,0x29CC,0x29CC,0x29CC,0x29EC,0x29EC,0x29EC,0x21EC,0x21EC,
0x21EC,0x21EC,0x21EC,0x21EC,0x21EC,0x21EC,0x21EC,0x21ED,0x220D,0x220D,0x21ED,0x220D,0x220D,0x220D,0x220D,0x1A0D,
0x1A0D,0x1A0D,0x1A0D,0x1A0D,0x1A2E,0x4458,0x4DBA,0x1A71,0x32D4,0x19CC,0x2335,0x122F,0x19CC,0x2AF5,0x120F,0x126F,
0x3BF6,0x2B13,0x122F,0x22B0,0x1A0E,0x118C,0x2AF4,0x1A93,0x11EB,0x2B93,0x1BB6,0x21AB,0x1A2F,0x1B16,0x19EC,0x122F,
0x1AD3,0x1A50,0x118B,0x19CC,0x224F,0x1169,0x09ED,0x2355,0x24D7,0x459B,0x34D9,0x2BF7,0x1AD4,0x1272,0x2397,0x120E,
0x1A70,0x22F2,0x1A2F,0x2271,0x1231,0x1293,0x3418,0x09CC,0x122F,0x1B76,0x11CA,0x09ED,0x2BB7,0x112A,0x016A,0x2B96,
0x09CC,0x094A,0x12B4,0x0AB3,0x0929,0x0A50,0x09F2,0x116A,0x09CF,0x11EF,0x110B,0x096B,0x096D,0x0970,0x1212,0x098F,
0x0909,0x1232,0x094B,0x0927,0x016D,0x11F0,0x00E9,0x0928,0x0990,0x098E,0x00A8,0x092E,0x010C,0x08E9,0x090B,0x1151,
0x08E8,0x00E8,0x00A7,0x08A7,0x014E,0x010B,0x0086,0x08A6,0x00A7,0x08CA,0x0086,0x00A9,0x00CA,0x08EE,0x00A9,0x0110,
0x00A6,0x00CB,0x00C8,0x0087,0x00C9,0x008A,0x08C9,0x0088,0x0888,0x006B,0x0911,0x0068,0x0067,0x008B,0x08CF,0x08AF,
0x08AC,0x0047,0x0045,0x0045,0x0044,0x0044,0x0045,0x0046,0x0044,0x0045,0x0024,0x0024,0x0025,0x0024,0x0024,0x0024,
0x0025,0x0024,0x0024,0x0024,0x0024,0x0025,0x0024,0x0024,0x0004,0x0004,0x0005,0x0004,0x0004,0x0004,0x0004,0x0006,
0x0005,0x0003,0x0004,0x0004,0x0006,0x0006,0x0003,0x0004,0x0004,0x0004,0x0004,0x0004,0x0003,0x0003,0x0003,0x0003,
0x3948,0x3948,0x3948,0x3948,0x3948,0x3948,0x3948,0x3948,0x3968,0x3169,0x3169,0x3169,0x3169,0x3169,0x3169,0x3169,
0x3169,0x3189,0x3189,0x3189,0x318A,0x318A,0x298A,0x298A,0x298A,0x298A,0x298A,0x29AA,0x29AA,0x29AA,0x29AB,0x29AB,
0x29AB,0x29AB,0x29AB,0x29AB,0x29AB,0x29CB,0x29CB,0x29CB,0x29CB,0x21CB,0x21CB,0x21CB,0x21CC,0x21CC,0x21CC,0x21CC,
0x21EC,0x21EC,0x21EC,0x21EC,0x21EC,0x21EC,0x21EC,0x21EC,0x21EC,0x21EC,0x21ED,0x21ED,0x21ED,0x19ED,0x220D,0x1A0D,
0x1A0D,0x1A0D,0x1A0D,0x220D,0x19EC,0x11CC,0x4CB7,0x459B,0x2CF8,0x2B51,0x2AF2,0x2AB1,0x1A0F,0x2C54,0x1BF5,0x2356,
0x4417,0x09CE,0x11ED,0x22D2,0x1A0F,0x19AD,0x222E,0x11EE,0x2B37,0x1231,0x11CC,0x19EE,0x19EE,0x1A0E,0x11AA,0x2335,
0x1AD3,0x11CC,0x11AC,0x1A93,0x1A92,0x1271,0x120D,0x1A30,0x116C,0x1AF1,0x55BB,0x4519,0x1B95,0x2AD5,0x2C99,0x22AF,
0x1BB3,0x3D19,0x014E,0x1B37,0x0211,0x1250,0x01CF,0x1251,0x122F,0x12B4,0x2315,0x098E,0x1B15,0x11CE,0x01AC,0x1B34,
0x1A0F,0x0909,0x11CE,0x1A52,0x0909,0x0909,0x1AEF,0x120E,0x08E7,0x094D,0x03B7,0x094D,0x0927,0x11F1,0x1A0F,0x096B,
0x112A,0x016D,0x010C,0x098B,0x094A,0x19CC,0x012E,0x08EA,0x11D0,0x09D0,0x08E8,0x00C8,0x0928,0x0928,0x096E,0x0992,
0x0108,0x092B,0x08C9,0x092B,0x08EA,0x00EB,0x00A9,0x010F,0x00AA,0x00AA,0x00A8,0x0089,0x00C8,0x0088,0x08C8,0x00A9,
0x00AA,0x00CB,0x08A6,0x00AA,0x00A9,0x00EC,0x08A9,0x0046,0x0066,0x0064,0x00CB,0x00CD,0x0089,0x0087,0x1111,0x1111,
0x0025,0x0045,0x0046,0x0047,0x0044,0x0045,0x0025,0x0047,0x0046,0x0024,0x0024,0x0025,0x0027,0x0024,0x0024,0x0024,
0x0027,0x0027,0x0004,0x0024,0x0024,0x0007,0x0025,0x0004,0x0024,0x0024,0x0007,0x0005,0x0003,0x0004,0x0004,0x0004,
0x0004,0x0004,0x0004,0x0004,0x0004,0x0006,0x0006,0x0003,0x0004,0x0003,0x0004,0x0005,0x0004,0x0003,0x0003,0x0003,
0x3948,0x3948,0x3948,0x3948,0x3948,0x3948,0x3948,0x3948,0x3168,0x3169,0x3169,0x3169,0x3169,0x3169,0x3169,0x3189,
0x3189,0x3189,0x3189,0x3189,0x318A,0x318A,0x298A,0x298A,0x298A,0x298A,0x298A,0x29AA,0x29AA,0x29AA,0x29AB,0x29AB,
0x29AB,0x29AB,0x29AB,0x29AB,0x29AB,0x29CB,0x29CB,0x29CB,0x29CB,0x21CB,0x21CB,0x21CB,0x21CC,0x21CC,0x21CC,0x21CC,
0x21EC,0x21EC,0x21EC,0x21EC,0x21EC,0x21EC,0x21EC,0x21EC,0x21EC,0x21EC,0x21ED,0x21ED,0x21ED,0x19ED,0x220D,0x1A0D,
0x1A0D,0x1A0D,0x1A0D,0x1A0D,0x1A0D,0x1A0D,0x196D,0x33B7,0x4559,0x3C18,0x2C78,0x4D5A,0x1AF6,0x4C97,0x2AEF,0x11CD,
0x1250,0x1A2F,0x19CC,0x2A91,0x1A4E,0x116B,0x2394,0x1C37,0x116D,0x22D4,0x1AD4,0x118A,0x226F,0x1B36,0x1A50,0x11CC,
0x1AB2,0x1A0D,0x11AC,0x120C,0x1A0D,0x22B4,0x120E,0x0A4E,0x11AC,0x092B,0x2333,0x4D5A,0x2D1A,0x3499,0x12D3,0x22D5,
0x1231,0x2C38,0x1AB3,0x094D,0x1B96,0x1B12,0x11CC,0x1AF2,0x018B,0x1231,0x1272,0x08A9,0x1AF4,0x0A50,0x098C,0x13F9,
0x0A4F,0x08A9,0x33F7,0x1C77,0x00A8,0x01F2,0x2BD5,0x226E,0x016E,0x11CC,0x096D,0x098C,0x096C,0x014F,0x094C,0x092B,
0x0128,0x11CD,0x014A,0x08C8,0x11CF,0x3416,0x0109,0x1109,0x00AA,0x010B,0x094E,0x0170,0x010A,0x014C,0x012D,0x00AA,
0x08EA,0x094D,0x08E8,0x08C9,0x00CA,0x0086,0x00A7,0x08E9,0x08A8,0x012C,0x00A8,0x0085,0x08E7,0x00A7,0x00A7,0x0066,
0x00A8,0x00AA,0x00A9,0x0066,0x0046,0x0068,0x00CF,0x0026,0x0048,0x0088,0x0046,0x0069,0x0069,0x00AE,0x00CE,0x0006,
0x0025,0x0045,0x0045,0x0066,0x0045,0x0045,0x0045,0x0045,0x0045,0x0044,0x0024,0x0025,0x0025,0x0045,0x0024,0x0024,
0x0025,0x0025,0x0024,0x0024,0x0024,0x0004,0x0007,0x0005,0x0024,0x0024,0x0004,0x0006,0x0005,0x0004,0x0004,0x0003,
0x0004,0x0004,0x0003,0x0004,0x0004,0x0004,0x0006,0x0006,0x0003,0x0004,0x0003,0x0004,0x0005,0x0003,0x0003,0x0003,
0x3928,0x3948,0x3948,0x3148,0x3148,0x3148,0x3148,0x3148,0x3148,0x3148,0x3149,0x3169,0x3169,0x3169,0x3169,0x3169,
0x3169,0x3169,0x2989,0x2969,0x298A,0x298A,0x298A,0x298A,0x298A,0x298A,0x298A,0x298A,0x298A,0x29AA,0x298B,0x29AA,
0x29AA,0x29AB,0x29AB,0x29AB,0x29AB,0x29CB,0x29CB,0x29CB,0x29CB,0x21CB,0x21CB,0x21CB,0x21CC,0x21CC,0x21CC,0x21CC,
0x21EC,0x21EC,0x21EC,0x21EC,0x21EC,0x21EC,0x21EC,0x21EC,0x21EC,0x21EC,0x21ED,0x21ED,0x21ED,0x21ED,0x19EC,0x19EC,
0x19EC,0x19EC,0x19EC,0x19EC,0x19EC,0x220D,0x19CD,0x19EE,0x1B93,0x3416,0x09CC,0x1B15,0x1210,0x1210,0x1A92,0x11CB,
0x3312,0x1A0D,0x11CC,0x22B4,0x120F,0x1A71,0x12F6,0x1A4F,0x19EC,0x1A0C,0x11EC,0x19CD,0x198C,0x11AE,0x2314,0x19ED,
0x1210,0x11CB,0x118B,0x12D4,0x1A91,0x016B,0x11ED,0x1A91,0x098C,0x198C,0x118C,0x092B,0x11CE,0x4519,0x3DFB,0x1B55,
0x3355,0x0A51,0x33D6,0x096C,0x23F9,0x12F5,0x1252,0x0A31,0x22B2,0x09D0,0x0A31,0x122F,0x09F1,0x120F,0x0929,0x09EF,
0x120F,0x1109,0x090A,0x09AF,0x094A,0x092A,0x096D,0x094C,0x0149,0x114A,0x19D1,0x094A,0x1148,0x01F1,0x09EF,0x096B,
0x08EA,0x1B58,0x01D1,0x094A,0x0129,0x012B,0x096E,0x08C7,0x092B,0x016E,0x010B,0x092B,0x092B,0x090A,0x0908,0x00C9,
0x00CB,0x0990,0x094D,0x08C8,0x00CA,0x08EA,0x010A,0x00A7,0x00EC,0x08EB,0x0088,0x00A8,0x010E,0x0088,0x08CC,0x0066,
0x0086,0x00CA,0x0068,0x0064,0x00A9,0x0064,0x0910,0x00EF,0x0067,0x008B,0x08AA,0x0065,0x00AD,0x08AD,0x0065,0x0067,
0x0046,0x0025,0x0025,0x0047,0x0045,0x0025,0x0044,0x0046,0x0048,0x0044,0x0024,0x0025,0x0027,0x0024,0x0024,0x0024,
0x0024,0x0027,0x0024,0x0024,0x0024,0x0024,0x0025,0x0024,0x0024,0x0004,0x0004,0x0005,0x0006,0x0004,0x0004,0x0004,
0x0004,0x0006,0x0005,0x0003,0x0004,0x0004,0x0004,0x0005,0x0004,0x0003,0x0003,0x0003,0x0003,0x0004,0x0005,0x0003,
0x3148,0x3148,0x3148,0x3148,0x3148,0x3148,0x3148,0x3148,0x3148,0x3148,0x3149,0x3169,0x3169,0x3169,0x3169,0x2969,
0x2969,0x2969,0x2969,0x2969,0x2969,0x296A,0x298A,0x298A,0x298A,0x298A,0x298A,0x298A,0x298A,0x298A,0x298A,0x298A,
0x298A,0x29AA,0x29AA,0x29AB,0x21AB,0x29AB,0x29AB,0x21AB,0x21AB,0x21AB,0x21AB,0x21CB,0x21CB,0x21CB,0x21CB,0x21CC,
0x21CC,0x21CC,0x21CC,0x21CC,0x21CC,0x21CC,0x21CC,0x21CC,0x21EC,0x21EC,0x21CC,0x19EC,0x19EC,0x19EC,0x19EC,0x19EC,
0x19EC,0x19EC,0x19EC,0x19EC,0x19ED,0x19EC,0x19ED,0x19ED,0x21EE,0x34F7,0x4456,0x2211,0x220E,0x222D,0x22B1,0x11AA,
0x1270,0x1270,0x19AB,0x2291,0x2314,0x1A93,0x3355,0x1A50,0x118B,0x22B1,0x1AB3,0x0949,0x2352,0x14B7,0x08CA,0x19ED,
0x1AD4,0x19CB,0x096A,0x1A70,0x2356,0x09AB,0x11CC,0x11CE,0x116C,0x12B3,0x241A,0x09AC,0x096A,0x116B,0x22B1,0x461C,
0x2D3B,0x2378,0x1AB4,0x120F,0x0A92,0x1273,0x114C,0x1A10,0x1233,0x1A52,0x1B15,0x09AD,0x016B,0x2B96,0x094B,0x0A0F,
0x1AF4,0x08A7,0x1A32,0x1AD4,0x0929,0x09CF,0x1AB3,0x11AC,0x016E,0x118D,0x01F2,0x018D,0x08E8,0x0A13,0x11EE,0x00C9,
0x08E7,0x098F,0x014B,0x08E7,0x092B,0x1A2F,0x08A8,0x096C,0x014D,0x014C,0x094B,0x00A6,0x00C7,0x0A16,0x0172,0x0864,
0x08EB,0x08AA,0x00C9,0x0909,0x090C,0x0885,0x090A,0x00A6,0x00A9,0x00C9,0x0066,0x0065,0x0087,0x08EC,0x110E,0x0066,
0x00CA,0x00A7,0x0975,0x0065,0x0886,0x0085,0x0088,0x00A8,0x0086,0x088B,0x0911,0x0136,0x008C,0x0023,0x0026,0x0047,
0x0045,0x0044,0x0044,0x0026,0x0047,0x0044,0x0045,0x0025,0x0047,0x0045,0x0025,0x0025,0x0026,0x0027,0x0024,0x0024,
0x0024,0x0025,0x0027,0x0004,0x0024,0x0024,0x0006,0x0027,0x0025,0x0004,0x0004,0x0005,0x0006,0x0004,0x0004,0x0004,
0x0004,0x0005,0x0006,0x0004,0x0004,0x0004,0x0003,0x0004,0x0005,0x0003,0x0004,0x0003,0x0003,0x0003,0x0004,0x0006,
0x3128,0x3128,0x3128,0x3148,0x3148,0x3148,0x3148,0x3148,0x3148,0x3148,0x3148,0x3169,0x3149,0x3169,0x3169,0x2969,
0x2969,0x2969,0x2969,0x2969,0x2969,0x2969,0x298A,0x298A,0x296A,0x298A,0x298A,0x298A,0x298A,0x298A,0x298A,0x298A,
0x298A,0x21AA,0x218A,0x218A,0x218A,0x21AB,0x21AB,0x21AB,0x21AB,0x21AB,0x21AB,0x21AB,0x21AB,0x21AB,0x21AB,0x21AB,
0x21CB,0x21CB,0x21CB,0x19CB,0x19CB,0x19CB,0x19CC,0x19CC,0x19CC,0x19CC,0x19CC,0x19CC,0x19CC,0x19CC,0x19EC,0x19EC,
0x19EC,0x19EC,0x19EC,0x19EC,0x19CC,0x19CC,0x19CD,0x19ED,0x19CD,0x11AC,0x34D8,0x2D3B,0x3C16,0x1A0F,0x3334,0x120D,
0x22B0,0x1AF4,0x12B2,0x2C19,0x1B36,0x19AB,0x11ED,0x120F,0x19AD,0x19ED,0x11CD,0x1A30,0x1A4F,0x124F,0x198A,0x11CB,
0x09CD,0x11AB,0x11EE,0x1273,0x09CD,0x098B,0x124F,0x1A70,0x094B,0x11CD,0x11CD,0x116B,0x118A,0x1271,0x118D,0x11EC,
0x2C17,0x1CDA,0x1291,0x3376,0x0AD3,0x33B6,0x016B,0x1315,0x0AF6,0x09ED,0x0A0E,0x1AF4,0x09AE,0x22D2,0x1230,0x09CE,
0x09CD,0x11CE,0x120E,0x19CC,0x096B,0x09CF,0x09F0,0x094A,0x092A,0x19CF,0x1211,0x094B,0x1128,0x01D3,0x0A33,0x114C,
0x00E6,0x1A10,0x11F1,0x08EC,0x0909,0x0190,0x094E,0x08C8,0x00EC,0x0990,0x00A9,0x0886,0x08EA,0x11AF,0x0909,0x0865,
0x00AA,0x19D2,0x08EB,0x00A5,0x00A7,0x1192,0x01B2,0x0085,0x00E9,0x00C9,0x00C8,0x0085,0x0084,0x08AA,0x088C,0x0065,
0x0088,0x0066,0x00AB,0x00A9,0x0045,0x0087,0x0064,0x0065,0x0088,0x0044,0x00AF,0x00CD,0x0063,0x0045,0x0046,0x0066,
0x0044,0x0044,0x0044,0x0046,0x0046,0x0044,0x0045,0x0025,0x0046,0x0045,0x0024,0x0024,0x0024,0x0025,0x0024,0x0024,
0x0024,0x0024,0x0025,0x0024,0x0024,0x0004,0x0005,0x0008,0x0005,0x0004,0x0004,0x0004,0x0007,0x0005,0x0003,0x0004,
0x0004,0x0004,0x0005,0x0005,0x0004,0x0004,0x0004,0x0004,0x0005,0x0006,0x0003,0x0003,0x0003,0x0003,0x0003,0x0005,
0x3128,0x3128,0x3128,0x3128,0x3128,0x3128,0x3148,0x3148,0x3148,0x2949,0x2949,0x2949,0x2949,0x2949,0x2949,0x2969,
0x2969,0x2969,0x2969,0x2969,0x2969,0x2969,0x2969,0x2969,0x296A,0x296A,0x296A,0x298A,0x218A,0x298A,0x218A,0x298A,
0x218A,0x218A,0x218A,0x218A,0x218A,0x218A,0x218B,0x21AB,0x21AB,0x21AB,0x21AB,0x21AB,0x21AB,0x21AB,0x21AB,0x21AB,
0x19AB,0x19AB,0x19AB,0x19AB,0x19AB,0x19AB,0x19CC,0x19CC,0x19CC,0x19CC,0x19CC,0x19CC,0x19CC,0x19CC,0x19CC,0x19CC,
0x19CC,0x19CC,0x19CC,0x19CC,0x19CC,0x19CC,0x19CC,0x19CC,0x19ED,0x21AC,0x11CD,0x1B78,0x2D1B,0x33B5,0x23B9,0x2C19,
0x2335,0x347A,0x1A90,0x1A4E,0x120E,0x1169,0x2291,0x1AD3,0x116A,0x1A4F,0x12F4,0x2AB2,0x1A71,0x1293,0x19AB,0x11CD,
0x1AF5,0x118A,0x1A50,0x2356,0x11CC,0x11AB,0x11CC,0x116B,0x0A51,0x11EE,0x1250,0x11AB,0x116A,0x09AC,0x1271,0x112C,
0x098E,0x3418,0x2418,0x1C7B,0x2418,0x09F0,0x1A31,0x098D,0x11CF,0x1A0D,0x11AC,0x22B3,0x090A,0x1271,0x0AD4,0x08A6,
0x12B5,0x0A31,0x09CC,0x0A74,0x018C,0x098D,0x0AB7,0x018E,0x094B,0x096C,0x1254,0x012A,0x0108,0x096A,0x098B,0x010A,
0x090A,0x010D,0x090A,0x0129,0x116C,0x118D,0x0909,0x00C6,0x00C8,0x1A33,0x01B0,0x08A6,0x00AA,0x09F2,0x0886,0x0886,
0x09B1,0x014F,0x0065,0x00A5,0x08A7,0x092E,0x00E7,0x00A5,0x00CA,0x0996,0x090A,0x00C8,0x0066,0x08AA,0x110C,0x0024,
0x0086,0x0068,0x0887,0x00CD,0x00EC,0x00AA,0x00CD,0x00AA,0x0088,0x0931,0x00CD,0x0086,0x0046,0x0046,0x0045,0x0049,
0x0027,0x0044,0x0044,0x0026,0x0048,0x0025,0x0044,0x0044,0x0026,0x0027,0x0024,0x0024,0x0025,0x0027,0x0027,0x0024,
0x0024,0x0024,0x0026,0x0024,0x0004,0x0024,0x0004,0x0025,0x0024,0x0004,0x0004,0x0004,0x0004,0x0006,0x0005,0x0003,
0x0004,0x0004,0x0004,0x0006,0x0005,0x0003,0x0004,0x0004,0x0004,0x0005,0x0006,0x0004,0x0003,0x0003,0x0003,0x0003,
0x3128,0x3128,0x3128,0x3128,0x3128,0x3128,0x3148,0x3148,0x2948,0x2948,0x2948,0x2948,0x2949,0x2949,0x2949,0x2969,
0x2949,0x2969,0x2969,0x2969,0x2969,0x2969,0x2969,0x2969,0x296A,0x296A,0x298A,0x298A,0x298A,0x218A,0x218A,0x218A,
0x218A,0x218A,0x218A,0x218A,0x218A,0x21AB,0x21AB,0x21AB,0x21AB,0x21AB,0x21AB,0x21AB,0x21AB,0x21AB,0x21AB,0x21AB,
0x21CB,0x21CB,0x21CB,0x19CB,0x19CB,0x19CB,0x19CB,0x19CC,0x19CC,0x19CC,0x19CC,0x19CC,0x19CC,0x19CC,0x19CC,0x19CC,
0x19CC,0x19CC,0x19CC,0x19CC,0x19CC,0x19CC,0x19CC,0x19CC,0x19CC,0x19ED,0x21AC,0x21EF,0x1BB6,0x1B75,0x1A30,0x2290,
0x11EE,0x1270,0x19CB,0x1A0E,0x22F3,0x19CC,0x11AC,0x09ED,0x118A,0x124F,0x1B56,0x11CC,0x11CC,0x120C,0x118C,0x19AB,
0x09AC,0x1273,0x11ED,0x09AE,0x11CD,0x116A,0x1250,0x1A4F,0x0A2F,0x120E,0x09CC,0x098A,0x0949,0x0A11,0x1A93,0x114B,
0x114A,0x0909,0x11AC,0x1B55,0x2D9F,0x1333,0x2AB2,0x1291,0x4D7A,0x11EF,0x09AF,0x1358,0x11AD,0x096B,0x09F1,0x11EF,
0x196C,0x094B,0x11AC,0x1A2F,0x094B,0x112A,0x118B,0x098C,0x11AB,0x1148,0x090C,0x09CD,0x09AD,0x014B,0x0A52,0x098D,
0x094C,0x1232,0x1A31,0x00E8,0x00A7,0x01F5,0x012E,0x08A5,0x00EA,0x1170,0x00EB,0x00A5,0x010B,0x11F0,0x0886,0x0886,
0x00C9,0x1235,0x090A,0x00C9,0x00A8,0x0993,0x08C9,0x0084,0x0068,0x08EF,0x0173,0x0085,0x00A7,0x00AA,0x00CC,0x0110,
0x0065,0x00A9,0x0068,0x0067,0x0067,0x0067,0x00CC,0x00AC,0x008D,0x008C,0x0046,0x0045,0x0046,0x0045,0x0045,0x0046,
0x0046,0x0044,0x0044,0x0045,0x0046,0x0044,0x0024,0x0024,0x0025,0x0025,0x0025,0x0024,0x0024,0x0026,0x0027,0x0024,
0x0024,0x0024,0x0005,0x0027,0x0024,0x0004,0x0024,0x0024,0x0026,0x0025,0x0004,0x0004,0x0003,0x0004,0x0005,0x0004,
0x0004,0x0004,0x0004,0x0004,0x0005,0x0005,0x0003,0x0004,0x0003,0x0004,0x0004,0x0005,0x0005,0x0003,0x0004,0x0003,
0x3128,0x2928,0x2928,0x2928,0x2928,0x2928,0x2928,0x2948,0x2948,0x2948,0x2948,0x2948,0x2949,0x2949,0x2949,0x2949,
0x2969,0x2969,0x2969,0x2969,0x2969,0x2969,0x2969,0x2969,0x2169,0x296A,0x216A,0x216A,0x216A,0x218A,0x218A,0x218A,
0x218A,0x218A,0x218A,0x218A,0x218A,0x218A,0x218A,0x218A,0x218B,0x218B,0x218B,0x21AB,0x21AB,0x21AB,0x19AB,0x19AB,
0x19AB,0x19AB,0x19AB,0x19AB,0x19AB,0x19AB,0x19AB,0x19AB,0x19CB,0x19CB,0x19CB,0x19CB,0x19CB,0x19CC,0x19CC,0x19CC,
0x19CC,0x19CC,0x19CC,0x19CC,0x19CC,0x19CC,0x19CC,0x19CC,0x19AC,0x19AC,0x19CC,0x11AB,0x11ED,0x447A,0x2355,0x1AB2,
0x198C,0x2A4F,0x1A4F,0x118A,0x1A0E,0x196A,0x19EC,0x2315,0x1A91,0x12F5,0x12D5,0x19CB,0x11CC,0x1253,0x19AA,0x118A,
0x12B3,0x1AD2,0x118B,0x1A70,0x1A2F,0x116B,0x11AD,0x0A73,0x096C,0x118B,0x11CF,0x096B,0x096A,0x120F,0x096C,0x092A,
0x09CD,0x124E,0x09F0,0x098F,0x1250,0x1C58,0x0B56,0x1233,0x1272,0x1230,0x120D,0x0A4F,0x23B9,0x09AE,0x1A51,0x096D,
0x11CD,0x0396,0x08A6,0x098D,0x0A52,0x092A,0x09F0,0x09AE,0x098E,0x096F,0x0A11,0x094B,0x094C,0x118C,0x096F,0x00E9,
0x08E7,0x08EC,0x090B,0x08A8,0x08A6,0x018D,0x01AF,0x0909,0x00C9,0x2AD2,0x00E9,0x0085,0x09D1,0x0A79,0x0888,0x0085,
0x00EA,0x010C,0x00A8,0x00A7,0x00C9,0x09B1,0x00A6,0x0085,0x08A5,0x08E9,0x08EB,0x0045,0x0089,0x00CA,0x0087,0x00CA,
0x00A9,0x0067,0x00C9,0x0064,0x0088,0x0045,0x0049,0x0912,0x08AD,0x0045,0x0044,0x0047,0x0046,0x0045,0x0045,0x0066,
0x0067,0x0044,0x0045,0x0024,0x0046,0x0027,0x0024,0x0024,0x0025,0x0026,0x0024,0x0024,0x0024,0x0024,0x0028,0x0024,
0x0024,0x0024,0x0024,0x0025,0x0024,0x0024,0x0004,0x0024,0x0025,0x0006,0x0004,0x0024,0x0004,0x0003,0x0005,0x0004,
0x0003,0x0004,0x0004,0x0003,0x0004,0x0006,0x0005,0x0003,0x0004,0x0003,0x0003,0x0003,0x0005,0x0006,0x0003,0x0003,
0x2927,0x2928,0x2928,0x2928,0x2928,0x2928,0x2928,0x2928,0x2948,0x2948,0x2948,0x2948,0x2948,0x2948,0x2949,0x2949,
0x2949,0x2949,0x2949,0x2949,0x2969,0x2169,0x2169,0x2169,0x2169,0x2169,0x2169,0x2169,0x2169,0x2189,0x218A,0x218A,
0x218A,0x218A,0x218A,0x218A,0x218A,0x218A,0x218A,0x218A,0x218A,0x218B,0x218B,0x218B,0x21AB,0x19AB,0x19AB,0x19AB,
0x19AB,0x19AB,0x19AB,0x19AB,0x19AB,0x19AB,0x19AB,0x19AB,0x19AB,0x19AB,0x19AB,0x19CB,0x19CB,0x19CB,0x19CC,0x19CC,
0x19AB,0x19AB,0x19AB,0x19AB,0x19AC,0x19AC,0x19AC,0x19AC,0x19AC,0x19AC,0x19AC,0x19CC,0x19AB,0x098C,0x4499,0x1C99,
0x1395,0x0A90,0x1AD2,0x11CD,0x2332,0x1355,0x1272,0x2335,0x124F,0x09ED,0x1A2C,0x1169,0x11CC,0x1A4F,0x1168,0x1A0D,
0x1337,0x1169,0x118C,0x098B,0x116B,0x114A,0x11CD,0x1B37,0x09AC,0x11AC,0x1A30,0x094A,0x11AD,0x1A72,0x096C,0x0969,
0x09AA,0x11AA,0x09ED,0x11AD,0x11EF,0x1230,0x2376,0x14BB,0x1B72,0x1A91,0x0A71,0x122E,0x0AB5,0x00EA,0x1230,0x01EF,
0x11CE,0x12D3,0x1149,0x0A51,0x1231,0x11CD,0x1253,0x096E,0x11EF,0x11CF,0x010A,0x09D0,0x094D,0x00C7,0x11D1,0x116B,
0x00A6,0x0991,0x1294,0x092D,0x00A7,0x0A53,0x010C,0x08A6,0x00EB,0x114E,0x00C9,0x00E5,0x00CB,0x19B0,0x08A8,0x090B,
0x00C8,0x098E,0x08EC,0x0084,0x090A,0x012D,0x010E,0x090A,0x00EB,0x008B,0x00EE,0x088A,0x0889,0x00A7,0x008C,0x0066,
0x00AA,0x00C8,0x0132,0x00CA,0x0088,0x00F0,0x0130,0x00CC,0x0025,0x0025,0x0045,0x0066,0x0046,0x0045,0x0045,0x0046,
0x0046,0x0045,0x0045,0x0044,0x0046,0x0027,0x0024,0x0024,0x0024,0x0026,0x0006,0x0024,0x0024,0x0024,0x0026,0x0027,
0x0004,0x0024,0x0024,0x0024,0x0026,0x0004,0x0024,0x0024,0x0024,0x0005,0x0005,0x0004,0x0004,0x0004,0x0004,0x0006,
0x0005,0x0003,0x0004,0x0004,0x0003,0x0004,0x0006,0x0005,0x0003,0x0004,0x0004,0x0003,0x0003,0x0005,0x0005,0x0004,
0x2907,0x2928,0x2928,0x2928,0x2928,0x2928,0x2928,0x2928,0x2928,0x2928,0x2928,0x2928,0x2928,0x2948,0x2948,0x2949,
0x2949,0x2949,0x2149,0x2149,0x2149,0x2149,0x2149,0x2169,0x2169,0x2169,0x2169,0x2169,0x2169,0x2169,0x216A,0x216A,
0x218A,0x218A,0x218A,0x218A,0x218A,0x218A,0x218A,0x218A,0x218B,0x218B,0x218B,0x21AB,0x21AB,0x21AB,0x19AB,0x19AB,
0x19AB,0x19AB,0x19AB,0x19AB,0x19AB,0x19AB,0x19AB,0x19AB,0x19AB,0x19AB,0x19AB,0x19CB,0x19CB,0x19CB,0x19AB,0x19AB,
0x19AB,0x19AB,0x19AB,0x19AB,0x19AC,0x19AC,0x19AC,0x19AC,0x19AC,0x19AC,0x19AC,0x19AC,0x19CC,0x19AC,0x096B,0x2374,
0x3C79,0x1312,0x4C98,0x2B13,0x2355,0x1B14,0x11EE,0x1AB2,0x120E,0x1169,0x1A50,0x120F,0x11AC,0x09EC,0x1A71,0x1250,
0x0A30,0x19ED,0x116A,0x1A50,0x1A0F,0x09AD,0x1A92,0x120D,0x094A,0x116A,0x098B,0x098B,0x094A,0x1252,0x11EE,0x0949,
0x116A,0x118C,0x094A,0x0949,0x09CC,0x0949,0x096C,0x2439,0x2CFB,0x0AF5,0x09F0,0x2292,0x1291,0x218C,0x09AF,0x12D7,
0x08EA,0x19AF,0x0A10,0x0107,0x0A0F,0x014A,0x00C9,0x116C,0x0929,0x00C8,0x098E,0x094D,0x00C8,0x1109,0x09F3,0x09B1,
0x08C7,0x092C,0x09AE,0x00E9,0x08E7,0x014E,0x010C,0x00A6,0x00EA,0x3399,0x090A,0x0084,0x092A,0x00EC,0x00ED,0x090C,
0x010B,0x00CA,0x00CF,0x00A7,0x00C8,0x00A8,0x00CA,0x00CA,0x00C9,0x0909,0x00AA,0x110D,0x11D8,0x0086,0x10EC,0x0067,
0x00A9,0x0045,0x00AC,0x08EB,0x004A,0x00AD,0x00CA,0x0067,0x0045,0x0045,0x0045,0x0067,0x0046,0x0045,0x0045,0x0045,
0x0865,0x0045,0x0045,0x0044,0x0046,0x0047,0x0024,0x0024,0x0024,0x0025,0x0025,0x0024,0x0024,0x0024,0x0024,0x0025,
0x0024,0x0024,0x0024,0x0024,0x0007,0x0007,0x0004,0x0024,0x0004,0x0024,0x0005,0x0004,0x0004,0x0004,0x0003,0x0004,
0x0006,0x0005,0x0003,0x0004,0x0004,0x0004,0x0004,0x0005,0x0005,0x0004,0x0003,0x0003,0x0003,0x0003,0x0004,0x0004,
0x2907,0x2907,0x2907,0x2907,0x2928,0x2928,0x2928,0x2928,0x2928,0x2928,0x2128,0x2128,0x2128,0x2148,0x2148,0x2149,
0x2149,0x2149,0x2149,0x2149,0x2149,0x2149,0x2149,0x2149,0x2169,0x2169,0x2169,0x2169,0x2169,0x2169,0x216A,0x216A,
0x216A,0x218A,0x218A,0x218A,0x218A,0x218A,0x218A,0x218A,0x218A,0x198A,0x198A,0x198A,0x198B,0x198B,0x198B,0x198B,
0x19AB,0x19AB,0x19AB,0x19AB,0x19AB,0x19AB,0x19AB,0x19AB,0x19AB,0x19AB,0x19AB,0x19AB,0x19AB,0x19AB,0x19AB,0x19AB,
0x19AB,0x19AB,0x19AB,0x19AB,0x19AB,0x19AB,0x19AB,0x19AB,0x19AC,0x19AC,0x19AC,0x19AC,0x19AC,0x19AB,0x11AB,0x098C,
0x2314,0x2375,0x014C,0x1A91,0x09AF,0x2A91,0x1989,0x09AD,0x11ED,0x118C,0x1A2F,0x19AB,0x096B,0x1B38,0x1A91,0x09CE,
0x1A0E,0x19CD,0x1149,0x11CD,0x096C,0x11EE,0x19EE,0x094B,0x118B,0x116A,0x1A50,0x1252,0x1A0E,0x094A,0x094A,0x094A,
0x098D,0x33BA,0x09AF,0x0948,0x09ED,0x09AC,0x0928,0x08EB,0x098D,0x1B97,0x0BB8,0x3415,0x11D0,0x0A73,0x00C9,0x1357,
0x098B,0x11CC,0x120F,0x016D,0x122F,0x090A,0x1A52,0x1A94,0x096D,0x11AE,0x094C,0x12F6,0x1230,0x00A7,0x096E,0x11B0,
0x08C7,0x0929,0x0A51,0x00E8,0x0064,0x0A93,0x1250,0x0064,0x00E9,0x00CC,0x090B,0x010B,0x010C,0x090A,0x08C9,0x0085,
0x00C8,0x118B,0x096E,0x00C7,0x012D,0x0886,0x00C8,0x090C,0x00C9,0x0083,0x00A9,0x0088,0x00ED,0x00C9,0x006E,0x0868,
0x00CB,0x0089,0x0044,0x00AE,0x0911,0x08A8,0x0044,0x0068,0x0046,0x0045,0x0044,0x0028,0x0047,0x0045,0x0045,0x0045,
0x0046,0x0047,0x0044,0x0045,0x0025,0x0026,0x0027,0x0024,0x0024,0x0025,0x0027,0x0026,0x0024,0x0024,0x0024,0x0026,
0x0024,0x0024,0x0024,0x0004,0x0025,0x0005,0x0024,0x0024,0x0024,0x0004,0x0004,0x0006,0x0004,0x0003,0x0004,0x0003,
0x0004,0x0005,0x0005,0x0004,0x0004,0x0004,0x0004,0x0004,0x0004,0x0005,0x0005,0x0003,0x0003,0x0003,0x0003,0x0003,
0x2907,0x2907,0x2907,0x2907,0x2908,0x2928,0x2928,0x2928,0x2128,0x2128,0x2128,0x2128,0x2148,0x2148,0x2148,0x2148,
0x2148,0x2148,0x2149,0x2149,0x2149,0x2149,0x2149,0x2149,0x2169,0x2169,0x2169,0x2169,0x2169,0x2169,0x216A,0x216A,
0x218A,0x218A,0x218A,0x218A,0x218A,0x218A,0x218A,0x218A,0x218A,0x198A,0x198A,0x198A,0x198B,0x198B,0x198B,0x198B,
0x19AB,0x19AB,0x19AB,0x19AB,0x19AB,0x19AB,0x19AB,0x19AB,0x19AB,0x19AB,0x19AB,0x19AB,0x19AB,0x19AB,0x19AB,0x19AB,
0x19AB,0x19AB,0x19AB,0x19AB,0x19AB,0x19AB,0x19AB,0x19AB,0x19AB,0x19AB,0x11AB,0x11AB,0x11AB,0x11AB,0x11AB,0x11AB,
0x09ED,0x2396,0x2C18,0x1A31,0x114B,0x11ED,0x11AE,0x19CC,0x2291,0x112A,0x09AC,0x12B3,0x1271,0x1230,0x09AD,0x116A,
0x098B,0x09AD,0x116A,0x116A,0x1337,0x11CE,0x116B,0x1A72,0x094A,0x116A,0x094B,0x098D,0x098C,0x11CE,0x11EE,0x094A,
0x094A,0x016C,0x096C,0x094A,0x11CD,0x09AE,0x096B,0x096B,0x120D,0x0949,0x0A92,0x2CDE,0x0B77,0x0A2E,0x098B,0x3CB7,
0x2333,0x010B,0x0A33,0x1253,0x098E,0x01B2,0x08A8,0x09AD,0x09B0,0x00E9,0x0907,0x01D2,0x012B,0x0885,0x09D4,0x118D,
0x0085,0x096C,0x22F5,0x0087,0x00C6,0x01AF,0x012E,0x00A9,0x012B,0x098E,0x1149,0x010B,0x094E,0x0887,0x010D,0x014D,
0x00C9,0x0086,0x0089,0x0172,0x00CB,0x0087,0x00EC,0x00C9,0x090F,0x0089,0x00A8,0x08E9,0x0087,0x0089,0x1131,0x1193,
0x00CB,0x00CB,0x0131,0x0930,0x0088,0x0045,0x0086,0x0086,0x0066,0x0045,0x0045,0x0046,0x0866,0x0045,0x0045,0x0045,
0x0046,0x0046,0x0044,0x0045,0x0024,0x0045,0x0026,0x0024,0x0024,0x0024,0x0006,0x0007,0x0024,0x0024,0x0024,0x0006,
0x0026,0x0024,0x0024,0x0024,0x0024,0x0024,0x0024,0x0004,0x0004,0x0024,0x0004,0x0005,0x0006,0x0004,0x0003,0x0004,
0x0003,0x0004,0x0005,0x0005,0x0004,0x0004,0x0004,0x0004,0x0003,0x0005,0x0006,0x0004,0x0003,0x0003,0x0003,0x0003,
0x2107,0x2107,0x2107,0x2107,0x2108,0x2108,0x2108,0x2128,0x2128,0x2128,0x2128,0x2128,0x2128,0x2128,0x2128,0x2128,
0x2128,0x2128,0x2128,0x2128,0x2148,0x2149,0x2149,0x2149,0x2149,0x2149,0x2149,0x2169,0x2169,0x1969,0x1969,0x2169,
0x1969,0x1969,0x1969,0x196A,0x196A,0x196A,0x196A,0x196A,0x196A,0x196A,0x196A,0x198A,0x198A,0x198A,0x198A,0x198B,
0x198B,0x198B,0x198B,0x198B,0x198B,0x198B,0x198B,0x198B,0x19AB,0x19AB,0x19AB,0x11AB,0x11AB,0x19AB,0x19AB,0x19AB,
0x11AB,0x11AB,0x11AB,0x11AB,0x11AB,0x11AB,0x11AB,0x11AB,0x11AB,0x11AB,0x118B,0x118B,0x118B,0x11AB,0x11AB,0x11AB,
0x118B,0x09CC,0x1B34,0x3459,0x33D5,0x1A72,0x2315,0x09CE,0x0A95,0x0A52,0x2AD3,0x2356,0x09AD,0x19CB,0x2271,0x0949,
0x1A0D,0x1A70,0x1149,0x1252,0x0A71,0x114C,0x116A,0x096A,0x094A,0x1128,0x1B56,0x120E,0x0908,0x09AD,0x09AC,0x098C,
0x1231,0x0A31,0x096B,0x116A,0x0929,0x09AD,0x11EE,0x0928,0x0149,0x0909,0x08EA,0x09CF,0x1B35,0x0AF4,0x1A72,0x08EA,
0x0252,0x090A,0x1211,0x09AF,0x114B,0x1253,0x08E8,0x1295,0x096C,0x112B,0x11AC,0x11CD,0x014D,0x08C7,0x0192,0x096E,
0x08C7,0x00CA,0x0214,0x010B,0x00A5,0x0109,0x118D,0x00CA,0x094E,0x00CB,0x00C8,0x00C8,0x0087,0x090B,0x096E,0x00EB,
0x00AA,0x00E9,0x00C7,0x092C,0x00CB,0x00A6,0x012D,0x00EA,0x08EB,0x08EC,0x0110,0x00AC,0x0065,0x0086,0x0028,0x00CF,
0x0089,0x004A,0x00CD,0x00AE,0x0087,0x0045,0x0065,0x0047,0x0046,0x0045,0x0045,0x0045,0x0047,0x0046,0x0045,0x0045,
0x0046,0x0047,0x0046,0x0024,0x0024,0x0025,0x0026,0x0024,0x0024,0x0024,0x0025,0x0027,0x0024,0x0024,0x0024,0x0024,
0x0026,0x0006,0x0024,0x0024,0x0024,0x0024,0x0006,0x0024,0x0004,0x0004,0x0004,0x0003,0x0005,0x0006,0x0004,0x0004,
0x0004,0x0004,0x0003,0x0005,0x0005,0x0004,0x0004,0x0004,0x0004,0x0004,0x0005,0x0005,0x0003,0x0004,0x0003,0x0003,
0x20E7,0x2107,0x2107,0x2107,0x2108,0x2108,0x2108,0x2108,0x2108,0x2108,0x2108,0x2128,0x2128,0x2128,0x2128,0x2128,
0x2128,0x2128,0x2128,0x2128,0x2148,0x2149,0x2149,0x2149,0x2149,0x2149,0x2149,0x2149,0x2149,0x1969,0x1969,0x1969,
0x1969,0x1969,0x1969,0x196A,0x196A,0x196A,0x196A,0x196A,0x196A,0x196A,0x196A,0x196A,0x198A,0x198A,0x198A,0x198B,
0x198B,0x198B,0x198B,0x198B,0x198B,0x198B,0x198B,0x198B,0x118B,0x118B,0x118B,0x11AB,0x11AB,0x11AB,0x11AB,0x11AB,
0x11AB,0x11AB,0x11AB,0x11AB,0x11AB,0x118B,0x118B,0x118B,0x118B,0x118B,0x118B,0x118B,0x118B,0x118B,0x118B,0x11AB,
0x11AB,0x118A,0x118B,0x1AB2,0x1B77,0x1293,0x22B2,0x12D4,0x2335,0x1B35,0x092A,0x11AD,0x118C,0x116B,0x09AC,0x118B,
0x1149,0x098C,0x11EF,0x120F,0x092A,0x114A,0x114A,0x122F,0x11EE,0x096B,0x0A31,0x09CD,0x094A,0x096A,0x096B,0x094A,
0x09CE,0x09CE,0x0949,0x1128,0x09CE,0x11EE,0x0928,0x0909,0x118C,0x018E,0x1A0F,0x0909,0x11AF,0x0A94,0x13DA,0x1B15,
0x12B4,0x118B,0x194B,0x1A94,0x094B,0x092D,0x098E,0x012E,0x094B,0x112B,0x012E,0x092D,0x118E,0x00C8,0x11B0,0x2273,
0x00A6,0x08C7,0x1AB2,0x0928,0x00A8,0x098F,0x00EB,0x00E9,0x114E,0x090A,0x090A,0x014D,0x0908,0x08A7,0x00A9,0x116D,
0x092B,0x00A8,0x00AA,0x00EC,0x00C9,0x00AA,0x0086,0x0068,0x0066,0x0066,0x012E,0x012F,0x0088,0x008C,0x08ED,0x08EB,
0x00EC,0x1110,0x0026,0x00CB,0x0046,0x0044,0x0045,0x0068,0x0066,0x0044,0x0045,0x0045,0x0046,0x0046,0x0045,0x0045,
0x0046,0x0047,0x0045,0x0025,0x0024,0x0025,0x0027,0x0025,0x0024,0x0024,0x0024,0x0026,0x0026,0x0024,0x0024,0x0024,
0x0024,0x0028,0x0024,0x0004,0x0004,0x0024,0x0026,0x0006,0x0004,0x0004,0x0004,0x0004,0x0003,0x0006,0x0005,0x0004,
0x0004,0x0004,0x0004,0x0004,0x0006,0x0005,0x0003,0x0004,0x0004,0x0003,0x0004,0x0004,0x0004,0x0005,0x0003,0x0004,
0x20E7,0x20E7,0x20E7,0x2107,0x2107,0x2107,0x2108,0x2108,0x2108,0x2108,0x2108,0x2108,0x2128,0x2128,0x2128,0x2128,
0x2128,0x2128,0x2128,0x2128,0x2128,0x2128,0x2129,0x2129,0x1949,0x2149,0x2149,0x1949,0x1949,0x1949,0x1949,0x1949,
0x1949,0x1949,0x1949,0x196A,0x196A,0x196A,0x196A,0x196A,0x196A,0x196A,0x196A,0x196A,0x196A,0x196A,0x196A,0x196A,
0x196A,0x196A,0x198A,0x198A,0x198A,0x198A,0x198A,0x118A,0x118A,0x118A,0x118B,0x118B,0x118B,0x118B,0x118B,0x118B,
0x118B,0x118B,0x118B,0x118B,0x118B,0x118B,0x118B,0x118B,0x118B,0x118B,0x118B,0x118B,0x118B,0x118B,0x118B,0x118B,
0x118B,0x118B,0x118B,0x112B,0x22B2,0x1313,0x1A71,0x118E,0x092A,0x11AE,0x098B,0x222F,0x19CD,0x0929,0x226F,0x19EC,
0x018D,0x2376,0x2291,0x0107,0x1A71,0x11AB,0x114A,0x09AE,0x11AC,0x1A70,0x092A,0x096B,0x094A,0x116B,0x1A72,0x11CE,
0x08E7,0x094B,0x094B,0x0908,0x0A10,0x09AF,0x0907,0x090A,0x116C,0x0929,0x0908,0x014A,0x096C,0x08C7,0x1B13,0x1BDA,
0x0A34,0x1A11,0x09F0,0x1294,0x094B,0x114B,0x12B5,0x118B,0x1212,0x092B,0x01F1,0x09F0,0x094C,0x090A,0x00C9,0x01B3,
0x00CB,0x08C5,0x010E,0x08EC,0x090B,0x010C,0x092A,0x08E9,0x0086,0x00C8,0x090A,0x092B,0x00EA,0x08E9,0x00A8,0x00C9,
0x010B,0x08A7,0x090C,0x094F,0x0083,0x0952,0x0971,0x10EB,0x0066,0x00C9,0x012E,0x010D,0x08CB,0x0089,0x0133,0x0934,
0x00AB,0x0048,0x0047,0x0068,0x0045,0x0024,0x0046,0x0088,0x0068,0x0046,0x0045,0x0045,0x0046,0x0046,0x0045,0x0045,
0x0045,0x0026,0x0026,0x0024,0x0024,0x0024,0x0025,0x0026,0x0024,0x0024,0x0024,0x0024,0x0026,0x0005,0x0024,0x0024,
0x0024,0x0006,0x0006,0x0004,0x0004,0x0004,0x0004,0x0006,0x0005,0x0004,0x0004,0x0004,0x0004,0x0004,0x0006,0x0005,
0x0003,0x0004,0x0004,0x0003,0x0005,0x0005,0x0005,0x0004,0x0003,0x0004,0x0004,0x0003,0x0004,0x0004,0x0004,0x0004,
0x20E7,0x20E7,0x20E7,0x20E7,0x2107,0x2107,0x2108,0x2108,0x2108,0x2108,0x2108,0x2108,0x2128,0x2128,0x2128,0x2128,
0x2128,0x2128,0x2128,0x2128,0x2128,0x2128,0x2129,0x2129,0x1929,0x1929,0x1949,0x1949,0x1949,0x1949,0x1949,0x1949,
0x1949,0x1949,0x1949,0x194A,0x194A,0x196A,0x196A,0x196A,0x196A,0x196A,0x196A,0x196A,0x196A,0x196A,0x196A,0x196A,
0x196A,0x196A,0x196A,0x196A,0x196A,0x196A,0x196A,0x118A,0x118A,0x118A,0x118A,0x118A,0x118A,0x118A,0x118A,0x118B,
0x118B,0x118B,0x118B,0x118B,0x118B,0x118B,0x118B,0x118B,0x118B,0x118B,0x118B,0x118B,0x118B,0x118B,0x118B,0x118B,
0x118B,0x118B,0x118B,0x11AB,0x092A,0x2313,0x2397,0x22D4,0x1210,0x21EF,0x11CD,0x0949,0x09EF,0x09AD,0x09EF,0x0A30,
0x1250,0x09CD,0x0949,0x118A,0x098B,0x096B,0x1128,0x1210,0x1210,0x010A,0x11CD,0x1A2E,0x094A,0x0928,0x096C,0x09CE,
0x0908,0x09CF,0x09AE,0x08E7,0x016D,0x09D0,0x092A,0x1127,0x016B,0x09CF,0x08E7,0x0908,0x094B,0x092A,0x10A6,0x094C,
0x135A,0x1B38,0x0A11,0x1210,0x1AB5,0x08E9,0x0191,0x09D2,0x114D,0x090A,0x010A,0x0109,0x098C,0x092D,0x0885,0x0A34,
0x096E,0x0909,0x01B2,0x094E,0x08A6,0x114A,0x014C,0x012D,0x118F,0x00EA,0x08C7,0x00E9,0x012E,0x094C,0x00C9,0x090C,
0x00A9,0x00C9,0x0089,0x0087,0x0085,0x008A,0x00F1,0x00CD,0x0066,0x0088,0x00F1,0x0086,0x00AA,0x0068,0x1171,0x19B2,
0x0005,0x0044,0x0067,0x0069,0x0047,0x0044,0x0047,0x0069,0x0068,0x0046,0x0045,0x0045,0x0046,0x0047,0x0045,0x0045,
0x0025,0x0027,0x0027,0x0025,0x0024,0x0024,0x0025,0x0026,0x0025,0x0024,0x0024,0x0024,0x0025,0x0006,0x0024,0x0024,
0x0024,0x0024,0x0006,0x0006,0x0004,0x0004,0x0004,0x0024,0x0006,0x0005,0x0003,0x0004,0x0004,0x0003,0x0005,0x0005,
0x0005,0x0004,0x0003,0x0004,0x0003,0x0004,0x0005,0x0005,0x0005,0x0003,0x0003,0x0004,0x0004,0x0004,0x0003,0x0004,
0x20E7,0x20E7,0x20E7,0x20E7,0x2107,0x2107,0x2107,0x2107,0x2107,0x2107,0x2107,0x2108,0x2108,0x2108,0x2108,0x2108,
0x2108,0x1908,0x2128,0x2128,0x2128,0x2128,0x2129,0x2129,0x1929,0x1929,0x1929,0x1949,0x1949,0x1949,0x1949,0x1949,
0x194A,0x194A,0x194A,0x1949,0x1949,0x196A,0x196A,0x196A,0x196A,0x196A,0x196A,0x196A,0x196A,0x196A,0x196A,0x196A,
0x196A,0x196A,0x196A,0x196A,0x196A,0x196A,0x196A,0x116A,0x116A,0x116A,0x116A,0x116A,0x118A,0x118A,0x118A,0x118B,
0x118B,0x118B,0x118B,0x118B,0x118B,0x118B,0x118B,0x118B,0x118B,0x118B,0x118B,0x118B,0x118B,0x118B,0x118B,0x118B,
0x118B,0x118B,0x118B,0x118B,0x118B,0x092A,0x120F,0x1B98,0x0B15,0x1292,0x2314,0x1A92,0x2379,0x2270,0x122F,0x1316,
0x0969,0x1169,0x1250,0x096B,0x118B,0x1230,0x018D,0x1273,0x22B3,0x0909,0x114A,0x0929,0x0929,0x11EE,0x1230,0x116A,
0x0908,0x092A,0x014B,0x11CE,0x014C,0x118C,0x094B,0x10E6,0x09CD,0x12D4,0x0908,0x0908,0x11AD,0x09CF,0x0909,0x08E8,
0x096D,0x0211,0x12B4,0x0214,0x09D4,0x010D,0x196F,0x19B0,0x08AA,0x12F5,0x08C8,0x094D,0x0A32,0x09B1,0x08A8,0x016F,
0x094C,0x0086,0x08E8,0x094C,0x090B,0x00A9,0x00ED,0x012E,0x00ED,0x00AE,0x00EC,0x0087,0x00EA,0x00EB,0x00AB,0x116F,
0x0087,0x092D,0x09B3,0x00A9,0x0066,0x0065,0x0930,0x0089,0x08AB,0x08C8,0x1A35,0x08C8,0x008A,0x0971,0x092D,0x0028,
0x0065,0x0045,0x0069,0x0048,0x0067,0x0044,0x0068,0x0046,0x0046,0x0066,0x0046,0x0046,0x0045,0x0046,0x0026,0x0025,
0x0025,0x0025,0x0045,0x0025,0x0024,0x0024,0x0025,0x0026,0x0026,0x0024,0x0024,0x0024,0x0006,0x0007,0x0025,0x0024,
0x0024,0x0024,0x0004,0x0007,0x0004,0x0004,0x0004,0x0004,0x0005,0x0005,0x0005,0x0004,0x0004,0x0004,0x0003,0x0004,
0x0005,0x0006,0x0005,0x0003,0x0004,0x0004,0x0003,0x0005,0x0006,0x0004,0x0004,0x0003,0x0004,0x0004,0x0004,0x0004,
0x20E7,0x20E7,0x20E7,0x20E7,0x20E7,0x18E7,0x2107,0x2107,0x2107,0x2107,0x2107,0x1907,0x1908,0x1908,0x1908,0x1908,
0x1908,0x1908,0x1928,0x1928,0x1928,0x2128,0x1928,0x1928,0x1929,0x1929,0x1929,0x1929,0x1929,0x1949,0x1949,0x1949,
0x1949,0x1949,0x1949,0x1949,0x1949,0x1949,0x1949,0x1949,0x1949,0x1949,0x194A,0x194A,0x196A,0x196A,0x196A,0x196A,
0x196A,0x196A,0x116A,0x116A,0x116A,0x116A,0x116A,0x116A,0x116A,0x116A,0x116A,0x116A,0x116A,0x116A,0x116A,0x118B,
0x118B,0x118B,0x118B,0x118B,0x118B,0x118B,0x116A,0x116A,0x116A,0x116A,0x116A,0x116A,0x116A,0x116A,0x116A,0x116A,
0x116B,0x116B,0x116B,0x116B,0x116B,0x118B,0x114B,0x094C,0x2B96,0x0A72,0x1272,0x11AD,0x098D,0x0A0F,0x118B,0x01CD,
0x098B,0x118B,0x09EE,0x08E7,0x09AC,0x09EF,0x1230,0x0949,0x0909,0x096B,0x1129,0x09CE,0x11AD,0x01AE,0x09AE,0x0929,
0x0908,0x094B,0x11F0,0x09AF,0x092A,0x0929,0x094A,0x0929,0x092A,0x08E8,0x0908,0x1108,0x00E9,0x016D,0x092A,0x0909,
0x08E9,0x11AD,0x096D,0x0A74,0x2376,0x1B78,0x094D,0x096E,0x09B2,0x0233,0x094D,0x012B,0x010D,0x0170,0x08A7,0x092F,
0x0A35,0x00A7,0x014C,0x0A14,0x016D,0x08EA,0x092C,0x08A4,0x112B,0x09D5,0x00EB,0x00CB,0x00C9,0x08A8,0x092D,0x00C6,
0x00C5,0x00CC,0x0133,0x00CA,0x08CA,0x0087,0x00F2,0x0822,0x00AA,0x0047,0x00F0,0x0132,0x00C9,0x0088,0x0089,0x0088,
0x0044,0x0066,0x0067,0x0047,0x0067,0x0045,0x0068,0x0046,0x0047,0x0047,0x0068,0x0047,0x0045,0x0046,0x0046,0x0025,
0x0025,0x0024,0x0045,0x0046,0x0024,0x0024,0x0024,0x0025,0x0026,0x0024,0x0024,0x0024,0x0024,0x0007,0x0006,0x0024,
0x0024,0x0024,0x0004,0x0005,0x0005,0x0004,0x0004,0x0004,0x0004,0x0005,0x0005,0x0006,0x0004,0x0003,0x0004,0x0004,
0x0003,0x0005,0x0007,0x0005,0x0003,0x0003,0x0004,0x0004,0x0003,0x0004,0x0005,0x0004,0x0004,0x0003,0x0004,0x0003,
0x20E7,0x20E7,0x20E7,0x20E7,0x20E7,0x20E7,0x1907,0x1907,0x2107,0x2107,0x1907,0x1908,0x1908,0x1908,0x1908,0x1908,
0x1908,0x1908,0x1928,0x1928,0x1928,0x2128,0x1928,0x1928,0x1928,0x1929,0x1929,0x1929,0x1929,0x1949,0x1949,0x1949,
0x1949,0x1949,0x1949,0x1949,0x1949,0x1949,0x1949,0x1949,0x1949,0x1949,0x194A,0x194A,0x196A,0x196A,0x196A,0x196A,
0x196A,0x196A,0x116A,0x116A,0x116A,0x116A,0x116A,0x116A,0x116A,0x116A,0x116A,0x116A,0x116A,0x116A,0x116A,0x118B,
0x118B,0x118B,0x118B,0x118B,0x118B,0x118B,0x116A,0x116A,0x116A,0x116A,0x116A,0x116A,0x116A,0x116A,0x116A,0x116A,
0x116A,0x116B,0x116B,0x116B,0x116B,0x116B,0x114A,0x116B,0x012B,0x3B33,0x1292,0x19EE,0x118B,0x120F,0x1107,0x118A,
0x122F,0x0928,0x118A,0x0A51,0x11EE,0x1A50,0x098C,0x0909,0x120F,0x11CD,0x00E8,0x09CF,0x1A50,0x0929,0x1129,0x118C,
0x0929,0x096D,0x1210,0x0909,0x0908,0x096D,0x118D,0x118C,0x098D,0x11AB,0x094A,0x0929,0x014C,0x11AD,0x0929,0x08E9,
0x094A,0x09AE,0x08A7,0x08C7,0x0AB0,0x12B6,0x01F5,0x092D,0x09B0,0x08A7,0x1212,0x00C6,0x09CF,0x198F,0x0087,0x114D,
0x1A97,0x0089,0x08C8,0x010B,0x00A6,0x016C,0x014E,0x00C7,0x0089,0x00CB,0x1127,0x012E,0x012D,0x0067,0x0174,0x012E,
0x0045,0x0089,0x112C,0x00CA,0x00A9,0x00A9,0x0992,0x00CA,0x0086,0x1170,0x0970,0x0131,0x00A9,0x0089,0x0066,0x0065,
0x0045,0x0068,0x0047,0x0045,0x0087,0x0067,0x0067,0x0046,0x0065,0x0086,0x0067,0x0045,0x0044,0x0026,0x0046,0x0025,
0x0025,0x0025,0x0026,0x0027,0x0025,0x0024,0x0024,0x0025,0x0026,0x0026,0x0024,0x0024,0x0024,0x0024,0x0006,0x0024,
0x0024,0x0024,0x0004,0x0004,0x0005,0x0006,0x0004,0x0004,0x0004,0x0004,0x0003,0x0006,0x0006,0x0004,0x0003,0x0004,
0x0004,0x0003,0x0005,0x0005,0x0004,0x0005,0x0003,0x0003,0x0004,0x0004,0x0004,0x0005,0x0005,0x0004,0x0004,0x0004,
0x20C7,0x20E7,0x20E7,0x20E7,0x18E7,0x18E7,0x18E7,0x18E7,0x1907,0x18E7,0x18E7,0x18E7,0x18E7,0x1907,0x1908,0x1908,
0x1908,0x1908,0x1908,0x1908,0x1908,0x1928,0x1928,0x1928,0x1928,0x1929,0x1929,0x1929,0x1929,0x1929,0x1929,0x1949,
0x1929,0x1949,0x1929,0x1949,0x1949,0x1949,0x1949,0x1949,0x1949,0x1949,0x1949,0x194A,0x114A,0x114A,0x196A,0x196A,
0x194A,0x194A,0x116A,0x116A,0x116A,0x116A,0x116A,0x116A,0x116A,0x116A,0x116A,0x116A,0x116A,0x116A,0x116A,0x116A,
0x116A,0x116A,0x116A,0x116A,0x116A,0x116A,0x116A,0x116A,0x116A,0x116A,0x116A,0x116A,0x116A,0x116A,0x116A,0x116A,
0x116A,0x116A,0x116A,0x116B,0x116B,0x116A,0x116B,0x116A,0x094A,0x096C,0x1AB4,0x1BBA,0x1272,0x220F,0x1A92,0x09EE,
0x0231,0x11ED,0x1AB3,0x0AD6,0x0929,0x11CE,0x11AD,0x0909,0x098C,0x00E9,0x09AD,0x11AC,0x016B,0x092A,0x094A,0x11EF,
0x0909,0x094B,0x09CF,0x098D,0x092A,0x092A,0x010A,0x010A,0x0909,0x094A,0x0129,0x094B,0x09CF,0x010A,0x00E8,0x0109,
0x012B,0x00E8,0x0109,0x00E8,0x00C9,0x096F,0x0A96,0x1212,0x1296,0x1251,0x012A,0x0970,0x0235,0x014E,0x092A,0x0086,
0x0970,0x116E,0x00C8,0x09D1,0x00E9,0x010C,0x01B1,0x08E8,0x0909,0x012D,0x090F,0x008A,0x08E6,0x0087,0x1190,0x010F,
0x092D,0x0089,0x090D,0x008A,0x00A5,0x00AA,0x0111,0x0110,0x006A,0x0133,0x0175,0x0068,0x0024,0x0088,0x0067,0x0068,
0x0046,0x0088,0x0066,0x0045,0x0088,0x0089,0x0065,0x0045,0x0045,0x006B,0x0049,0x0025,0x0045,0x0025,0x0069,0x0047,
0x0044,0x0045,0x0044,0x0045,0x0026,0x0024,0x0024,0x0024,0x0025,0x0007,0x0025,0x0024,0x0024,0x0024,0x0005,0x0006,
0x0024,0x0024,0x0004,0x0004,0x0004,0x0007,0x0006,0x0004,0x0004,0x0004,0x0004,0x0003,0x0006,0x0005,0x0004,0x0004,
0x0003,0x0004,0x0004,0x0003,0x0005,0x0005,0x0004,0x0005,0x0003,0x0004,0x0004,0x0003,0x0004,0x0005,0x0004,0x0005,
0x18C7,0x18E7,0x18E7,0x18E7,0x18E7,0x18E7,0x18E7,0x18E7,0x18E7,0x18E7,0x18E7,0x18E7,0x18E7,0x18E7,0x1908,0x1908,
0x1908,0x1908,0x1908,0x1908,0x1908,0x1908,0x1908,0x1908,0x1908,0x1908,0x1928,0x1928,0x1928,0x1929,0x1929,0x1929,
0x1929,0x1929,0x1929,0x1929,0x1129,0x1949,0x1149,0x1149,0x1149,0x1149,0x1149,0x1149,0x1149,0x1149,0x1149,0x114A,
0x114A,0x114A,0x114A,0x114A,0x114A,0x114A,0x114A,0x114A,0x114A,0x114A,0x114A,0x114A,0x114A,0x114A,0x116A,0x116A,
0x116A,0x116A,0x116A,0x116A,0x116A,0x116A,0x096A,0x096A,0x096A,0x096A,0x096A,0x096A,0x096A,0x096A,0x096A,0x096A,
0x096A,0x096A,0x096A,0x096A,0x096A,0x096A,0x096A,0x096A,0x116B,0x094A,0x116A,0x09CF,0x1BB9,0x1232,0x0A93,0x0210,
0x1230,0x1292,0x092A,0x1129,0x116B,0x0929,0x116B,0x094A,0x0929,0x12B1,0x09AE,0x098C,0x09EF,0x092A,0x0928,0x08E8,
0x09CF,0x118C,0x094B,0x09AD,0x0128,0x0108,0x22F4,0x09CF,0x08C6,0x0129,0x098C,0x010A,0x0109,0x094A,0x098D,0x090A,
0x018E,0x096B,0x094B,0x00E8,0x01AF,0x096D,0x00A8,0x09F2,0x0AD8,0x02B7,0x00C8,0x11D3,0x0864,0x09F1,0x09B0,0x00E8,
0x00EE,0x0110,0x012D,0x0111,0x008A,0x0088,0x094E,0x00A8,0x012F,0x00A8,0x110D,0x11D6,0x0087,0x00A5,0x00C8,0x00CB,
0x00CA,0x00AA,0x19B4,0x08CC,0x0066,0x00EC,0x00CA,0x08EA,0x0931,0x00AB,0x0823,0x00A8,0x0065,0x0087,0x0025,0x0065,
0x0067,0x0067,0x0045,0x0044,0x0086,0x0089,0x0045,0x0045,0x0043,0x008D,0x0068,0x0024,0x0026,0x0044,0x0069,0x0028,
0x0044,0x0025,0x0025,0x0026,0x0006,0x0025,0x0024,0x0024,0x0024,0x0025,0x0006,0x0024,0x0024,0x0024,0x0024,0x0007,
0x0006,0x0024,0x0004,0x0004,0x0004,0x0004,0x0007,0x0005,0x0005,0x0004,0x0004,0x0004,0x0003,0x0004,0x0005,0x0005,
0x0004,0x0003,0x0004,0x0004,0x0004,0x0003,0x0005,0x0006,0x0004,0x0004,0x0003,0x0004,0x0003,0x0003,0x0004,0x0003,
0x18C7,0x18C7,0x18C7,0x18C7,0x18E7,0x18E7,0x18E7,0x18E7,0x18E7,0x18E7,0x18E7,0x18E7,0x18E7,0x18E8,0x1908,0x1908,
0x1908,0x1908,0x1908,0x1908,0x1908,0x1908,0x1908,0x1908,0x1908,0x1908,0x1908,0x1928,0x1129,0x1129,0x1129,0x1929,
0x1129,0x1129,0x1129,0x1129,0x1129,0x1129,0x1129,0x1129,0x1129,0x1129,0x1129,0x1129,0x1149,0x1149,0x1149,0x1149,
0x114A,0x114A,0x114A,0x114A,0x114A,0x114A,0x114A,0x114A,0x114A,0x114A,0x114A,0x114A,0x114A,0x114A,0x114A,0x116A,
0x116A,0x116A,0x116A,0x116A,0x116A,0x116A,0x114A,0x114A,0x094A,0x094A,0x094A,0x114A,0x114A,0x114A,0x114A,0x114A,
0x114A,0x114A,0x114A,0x094A,0x094A,0x094A,0x094A,0x094A,0x094A,0x116A,0x112A,0x114B,0x09AE,0x2B11,0x122E,0x01F0,
0x1128,0x094A,0x08E8,0x11EE,0x116B,0x08C7,0x0A11,0x11EF,0x118B,0x0A93,0x0929,0x0907,0x012A,0x094A,0x0929,0x09AE,
0x1252,0x094B,0x0908,0x0109,0x012A,0x0109,0x098D,0x012B,0x0907,0x0109,0x09CE,0x014A,0x08A6,0x092A,0x010B,0x00C8,
0x00E7,0x0109,0x0109,0x00C8,0x00C7,0x08C7,0x010B,0x00A7,0x08A9,0x1276,0x1BBA,0x0A11,0x090C,0x094D,0x0259,0x0172,
0x00C7,0x0990,0x010B,0x090A,0x1A53,0x00CA,0x0109,0x098F,0x0086,0x10C4,0x08EC,0x08ED,0x116E,0x08CB,0x0089,0x112D,
0x0044,0x00A8,0x00C9,0x094E,0x008A,0x00CE,0x0195,0x010F,0x0069,0x0047,0x0068,0x0088,0x0046,0x0069,0x0044,0x0046,
0x0048,0x008A,0x0065,0x0044,0x0066,0x006A,0x0046,0x0064,0x0045,0x0067,0x0066,0x0044,0x0025,0x0047,0x0047,0x0025,
0x0025,0x0026,0x0026,0x0025,0x0007,0x0007,0x0024,0x0024,0x0024,0x0025,0x0025,0x0005,0x0024,0x0024,0x0024,0x0024,
0x0007,0x0005,0x0005,0x0004,0x0004,0x0004,0x0004,0x0005,0x0006,0x0005,0x0004,0x0004,0x0004,0x0004,0x0003,0x0006,
0x0005,0x0004,0x0005,0x0003,0x0004,0x0004,0x0003,0x0004,0x0005,0x0005,0x0004,0x0004,0x0004,0x0004,0x0003,0x0003,
0x18C7,0x18C7,0x18C7,0x18C7,0x18E7,0x18E7,0x18E7,0x18E7,0x18E7,0x18E7,0x18E7,0x18E7,0x18E7,0x18E7,0x18E7,0x1908,
0x1908,0x1908,0x1908,0x1908,0x1908,0x1908,0x1908,0x1908,0x1908,0x1908,0x1908,0x1908,0x1108,0x1128,0x1128,0x1929,
0x1129,0x1129,0x1129,0x1129,0x1129,0x1129,0x1129,0x1129,0x1129,0x1129,0x1129,0x1129,0x1149,0x1149,0x1149,0x1149,
0x114A,0x114A,0x114A,0x114A,0x114A,0x114A,0x114A,0x114A,0x114A,0x114A,0x114A,0x114A,0x114A,0x114A,0x114A,0x114A,
0x116A,0x116A,0x116A,0x116A,0x116A,0x116A,0x094A,0x094A,0x094A,0x094A,0x094A,0x094A,0x094A,0x094A,0x094A,0x094A,
0x094A,0x094A,0x094A,0x094A,0x094A,0x094A,0x094A,0x094A,0x094A,0x094A,0x094A,0x094A,0x090A,0x0A2F,0x1AF4,0x1359,
0x0A0E,0x1A0D,0x1A51,0x092A,0x11EF,0x1A2F,0x11CF,0x09F0,0x09AD,0x08A5,0x11AD,0x092A,0x096B,0x1210,0x014B,0x0A10,
0x012B,0x0908,0x0908,0x098D,0x09AF,0x11AD,0x00C8,0x116B,0x014A,0x00C7,0x014B,0x018E,0x08E7,0x00A7,0x19AC,0x1211,
0x00C6,0x00C8,0x11AE,0x098D,0x00C7,0x00E8,0x0190,0x096D,0x08A6,0x0867,0x0AD5,0x1336,0x0237,0x0085,0x1250,0x19CF,
0x00C9,0x0A12,0x010B,0x00C9,0x096C,0x00A7,0x00CA,0x09D2,0x014E,0x00E9,0x0086,0x00EA,0x00CD,0x08CA,0x008D,0x0976,
0x0048,0x008A,0x00CF,0x00B1,0x00EB,0x094D,0x0152,0x00AB,0x0044,0x00A9,0x0066,0x0046,0x0066,0x0088,0x0045,0x0024,
0x008B,0x0086,0x0044,0x0044,0x0066,0x08AA,0x0045,0x0044,0x0044,0x006A,0x0049,0x0025,0x0044,0x0047,0x0048,0x0025,
0x0045,0x0045,0x0026,0x0023,0x0025,0x0026,0x0024,0x0025,0x0025,0x0024,0x0025,0x0007,0x0025,0x0024,0x0024,0x0024,
0x0024,0x0005,0x0005,0x0005,0x0004,0x0004,0x0004,0x0004,0x0004,0x0006,0x0005,0x0004,0x0004,0x0004,0x0004,0x0004,
0x0003,0x0006,0x0005,0x0004,0x0005,0x0003,0x0003,0x0004,0x0003,0x0004,0x0005,0x0004,0x0004,0x0005,0x0004,0x0005,
0x18C7,0x18C7,0x18C7,0x18C7,0x18E7,0x18E7,0x18E7,0x18E7,0x18E7,0x18E7,0x18E7,0x18E7,0x18E7,0x18E7,0x18E7,0x18E7,
0x18E8,0x18E8,0x18E8,0x18E8,0x18E8,0x1908,0x1908,0x1908,0x1908,0x1908,0x1108,0x1908,0x1908,0x1108,0x1108,0x1128,
0x1109,0x1109,0x1129,0x1129,0x1129,0x1129,0x1129,0x1129,0x1129,0x1129,0x1129,0x1129,0x1129,0x1129,0x1149,0x1149,
0x1129,0x1129,0x1149,0x1149,0x1149,0x1149,0x1149,0x1149,0x114A,0x114A,0x114A,0x114A,0x094A,0x094A,0x094A,0x114A,
0x114A,0x114A,0x114A,0x114A,0x114A,0x114A,0x094A,0x094A,0x094A,0x094A,0x094A,0x094A,0x094A,0x094A,0x094A,0x094A,
0x094A,0x094A,0x094A,0x094A,0x094A,0x094A,0x094A,0x094A,0x094A,0x094A,0x092A,0x092A,0x094A,0x00E8,0x114A,0x11CF,
0x0BBA,0x0A52,0x09F0,0x09F1,0x12D6,0x0A92,0x090B,0x0A10,0x0949,0x094A,0x09F0,0x0909,0x0908,0x09D0,0x09AC,0x0907,
0x018D,0x118C,0x08E7,0x096B,0x012B,0x0909,0x092A,0x118C,0x00EA,0x116B,0x090B,0x016D,0x08E8,0x00C8,0x094C,0x094E,
0x08C7,0x00E8,0x090A,0x090D,0x00A7,0x00C7,0x00A7,0x012E,0x08C8,0x00A8,0x0887,0x090F,0x09B2,0x1AD8,0x0A34,0x096E,
0x09B0,0x0930,0x096F,0x012B,0x0171,0x094C,0x0065,0x092D,0x010B,0x09AF,0x092C,0x0908,0x00EC,0x00A6,0x00C9,0x0151,
0x012C,0x0865,0x092F,0x09D2,0x0112,0x00CB,0x0066,0x0087,0x0087,0x0067,0x0065,0x0048,0x0067,0x0087,0x0045,0x0024,
0x0069,0x0069,0x0045,0x0043,0x0047,0x006A,0x0045,0x0044,0x0046,0x0067,0x0026,0x0046,0x0025,0x0046,0x0025,0x0027,
0x0047,0x0046,0x0027,0x0003,0x0024,0x0027,0x0049,0x0027,0x0005,0x0025,0x0024,0x0024,0x0007,0x0005,0x0004,0x0004,
0x0004,0x0024,0x0004,0x0006,0x0005,0x0004,0x0004,0x0004,0x0004,0x0005,0x0006,0x0004,0x0004,0x0004,0x0003,0x0004,
0x0004,0x0004,0x0003,0x0006,0x0006,0x0004,0x0005,0x0003,0x0003,0x0004,0x0003,0x0003,0x0004,0x0004,0x0004,0x0007,
0x18C7,0x18C7,0x18C7,0x18C7,0x18C7,0x18C7,0x18C7,0x18C7,0x18C7,0x18C7,0x18E7,0x18E7,0x18E7,0x18E7,0x18E7,0x10E8,
0x18E8,0x18E8,0x18E8,0x18E8,0x18E8,0x18E8,0x18E8,0x10E8,0x10E8,0x10E8,0x1108,0x1108,0x1108,0x1108,0x1108,0x1108,
0x1108,0x1108,0x1108,0x1108,0x1108,0x1129,0x1129,0x1129,0x1129,0x1129,0x1129,0x1129,0x1129,0x1129,0x1129,0x1129,
0x1129,0x1129,0x1129,0x1129,0x1129,0x1129,0x1129,0x1129,0x1149,0x1149,0x1149,0x1149,0x1149,0x0949,0x0949,0x094A,
0x094A,0x094A,0x094A,0x094A,0x094A,0x094A,0x094A,0x094A,0x094A,0x094A,0x094A,0x094A,0x094A,0x094A,0x094A,0x094A,
0x094A,0x094A,0x094A,0x094A,0x094A,0x094A,0x094A,0x094A,0x094A,0x094A,0x094A,0x092A,0x092A,0x094A,0x0929,0x1106,
0x094E,0x1AB3,0x1A50,0x09AF,0x0065,0x1109,0x116B,0x0909,0x094A,0x0908,0x0929,0x09AC,0x11EF,0x096D,0x19CD,0x0109,
0x092A,0x092B,0x00C8,0x01AE,0x09F1,0x092A,0x08E6,0x08E8,0x094C,0x096D,0x08E8,0x08E8,0x014C,0x116C,0x010A,0x0909,
0x094D,0x0908,0x00C8,0x094C,0x08E9,0x08E9,0x08E9,0x012E,0x00C8,0x092D,0x0909,0x08A6,0x08C7,0x09B1,0x0A15,0x0258,
0x1275,0x0027,0x094C,0x014D,0x010F,0x09F2,0x0129,0x00A8,0x0088,0x010F,0x00ED,0x090D,0x0112,0x00AB,0x0067,0x010D,
0x0174,0x0047,0x0992,0x0233,0x0025,0x0084,0x008A,0x0089,0x0068,0x008A,0x0086,0x0066,0x0089,0x0069,0x0045,0x0023,
0x00AB,0x08AC,0x0025,0x0043,0x0046,0x0069,0x0047,0x0044,0x0045,0x0025,0x0026,0x0046,0x0026,0x0047,0x0026,0x0024,
0x0024,0x0028,0x0027,0x0004,0x0023,0x0026,0x004C,0x0045,0x0024,0x0005,0x0025,0x0025,0x0025,0x0008,0x0004,0x0004,
0x0004,0x0004,0x0004,0x0005,0x0006,0x0004,0x0004,0x0004,0x0004,0x0004,0x0005,0x0004,0x0005,0x0004,0x0004,0x0004,
0x0003,0x0004,0x0004,0x0004,0x0003,0x0006,0x0006,0x0004,0x0005,0x0004,0x0004,0x0004,0x0003,0x0003,0x0003,0x0003,
0x18C7,0x18C7,0x18C7,0x18C7,0x18C7,0x18C7,0x18C7,0x18C7,0x10E7,0x10E7,0x10E7,0x10E7,0x18E7,0x10E7,0x10E7,0x10E7,
0x18E8,0x18E8,0x18E8,0x10E8,0x10E8,0x18E8,0x18E8,0x1108,0x10E8,0x10E8,0x1108,0x1108,0x1108,0x1108,0x1108,0x1108,
0x1108,0x1108,0x1108,0x1108,0x1108,0x1129,0x1129,0x1129,0x1129,0x1129,0x1129,0x1129,0x1129,0x1129,0x1129,0x1129,
0x1129,0x1129,0x1129,0x1129,0x1129,0x1129,0x1129,0x1129,0x1129,0x1149,0x1149,0x1149,0x1149,0x1149,0x0949,0x094A,
0x094A,0x094A,0x094A,0x094A,0x094A,0x094A,0x094A,0x094A,0x094A,0x094A,0x094A,0x094A,0x094A,0x094A,0x094A,0x094A,
0x094A,0x094A,0x094A,0x094A,0x094A,0x094A,0x094A,0x094A,0x094A,0x094A,0x0929,0x092A,0x092A,0x092A,0x0929,0x1129,
0x0908,0x09AD,0x1A10,0x12F6,0x0A72,0x122F,0x09D0,0x014B,0x1253,0x1230,0x09CF,0x1A94,0x00E8,0x092A,0x090B,0x0109,
0x08C6,0x098E,0x1A73,0x00E8,0x0929,0x012A,0x08C5,0x096D,0x0A34,0x00C8,0x08C7,0x090A,0x014E,0x010A,0x010A,0x0909,
0x00EA,0x090A,0x094D,0x08E9,0x00C8,0x092D,0x090B,0x00A7,0x010D,0x00C9,0x00C7,0x0128,0x016D,0x0045,0x0845,0x0233,
0x0AD7,0x12B7,0x00C9,0x0191,0x0866,0x026E,0x2416,0x0068,0x19F5,0x0087,0x0908,0x00AE,0x1170,0x090D,0x090C,0x010F,
0x0191,0x0194,0x0066,0x0888,0x0089,0x0066,0x0067,0x0046,0x0065,0x0065,0x0067,0x0045,0x0065,0x0066,0x0045,0x0025,
0x0046,0x0088,0x0045,0x0045,0x0047,0x0046,0x0048,0x0045,0x0045,0x0027,0x0024,0x0046,0x0028,0x0026,0x0025,0x0043,
0x0025,0x0029,0x0027,0x0004,0x0004,0x0025,0x0027,0x0006,0x0005,0x0024,0x0007,0x0008,0x0024,0x0026,0x0006,0x0004,
0x0004,0x0004,0x0004,0x0004,0x0005,0x0004,0x0006,0x0005,0x0004,0x0004,0x0004,0x0004,0x0005,0x0004,0x0006,0x0005,
0x0004,0x0004,0x0003,0x0004,0x0004,0x0004,0x0003,0x0005,0x0006,0x0004,0x0005,0x0003,0x0004,0x0004,0x0004,0x0004,
0x18C7,0x18C7,0x10C7,0x10C7,0x10C7,0x10C7,0x10C7,0x10C7,0x10C7,0x10C7,0x10C7,0x10C7,0x10E7,0x10E7,0x10E7,0x10E7,
0x10E7,0x10E7,0x10E7,0x10E7,0x10E8,0x10E8,0x10E8,0x10E8,0x10E8,0x10E8,0x1108,0x1108,0x1108,0x1108,0x1108,0x1108,
0x1108,0x1108,0x1108,0x1108,0x1108,0x1129,0x1129,0x1129,0x1129,0x1129,0x1129,0x1129,0x1129,0x1129,0x1129,0x1129,
0x1129,0x1129,0x1129,0x1129,0x1129,0x1129,0x1129,0x1129,0x1129,0x0929,0x0929,0x0929,0x0929,0x0929,0x0929,0x112A,
0x092A,0x092A,0x094A,0x094A,0x094A,0x094A,0x092A,0x092A,0x092A,0x092A,0x092A,0x094A,0x094A,0x094A,0x094A,0x094A,
0x094A,0x094A,0x094A,0x094A,0x094A,0x094A,0x094A,0x0929,0x0929,0x0929,0x0929,0x092A,0x092A,0x092A,0x092A,0x092A,
0x014A,0x00E8,0x094A,0x118D,0x0B38,0x09EE,0x09D1,0x0A74,0x096A,0x09CD,0x098A,0x10E7,0x114B,0x08E9,0x090A,0x11AE,
0x098D,0x096E,0x094B,0x00E9,0x08E7,0x096B,0x098D,0x0909,0x010A,0x114A,0x08E8,0x08C8,0x098E,0x092A,0x08A6,0x00A7,
0x092A,0x092A,0x08C6,0x00C8,0x094E,0x00C8,0x0086,0x08E9,0x014E,0x00E7,0x00C6,0x0109,0x012C,0x012C,0x00CA,0x0885,
0x08C7,0x09F3,0x23BB,0x09D1,0x012D,0x00ED,0x08AD,0x0950,0x092E,0x010C,0x0932,0x0069,0x012B,0x0193,0x0089,0x0192,
0x0235,0x0022,0x0067,0x00AC,0x00A7,0x0067,0x00AA,0x0067,0x0068,0x0089,0x0069,0x0044,0x0089,0x00AE,0x0045,0x0024,
0x0066,0x008F,0x0047,0x0043,0x0047,0x0067,0x0047,0x0065,0x0046,0x0026,0x0025,0x0024,0x0048,0x0027,0x0043,0x0025,
0x0025,0x0048,0x0048,0x0024,0x0024,0x0026,0x0028,0x0024,0x0005,0x0024,0x0007,0x0025,0x0024,0x0004,0x0005,0x0027,
0x0005,0x0004,0x0004,0x0004,0x0004,0x0004,0x0005,0x0006,0x0004,0x0004,0x0004,0x0003,0x0003,0x0004,0x0004,0x0003,
0x0006,0x0005,0x0004,0x0004,0x0004,0x0004,0x0004,0x0003,0x0003,0x0004,0x0005,0x0003,0x0004,0x0005,0x0004,0x0005,
0x10C6,0x10C6,0x10C6,0x10C7,0x10C6,0x10C7,0x10C7,0x10C7,0x10C7,0x10C7,0x10C7,0x10C7,0x10C7,0x10C7,0x10C7,0x10C7,
0x10C7,0x10C7,0x10E8,0x10E8,0x10E8,0x10E8,0x10E8,0x10E8,0x10E8,0x10E8,0x10E8,0x1108,0x1108,0x1108,0x1108,0x1108,
0x1108,0x1108,0x1108,0x1108,0x1108,0x1108,0x1108,0x1108,0x1108,0x1108,0x1109,0x1109,0x1129,0x1129,0x1129,0x1129,
0x1129,0x1129,0x0929,0x0929,0x0929,0x0929,0x0929,0x0929,0x0929,0x0929,0x0929,0x0929,0x0929,0x0929,0x0929,0x092A,
0x092A,0x092A,0x092A,0x092A,0x092A,0x092A,0x0929,0x0929,0x0929,0x0929,0x0929,0x0929,0x0929,0x0929,0x0929,0x0929,
0x0929,0x0929,0x0929,0x0929,0x0929,0x0929,0x0929,0x0929,0x0929,0x0929,0x0929,0x092A,0x092A,0x092A,0x092A,0x012A,
0x0929,0x094A,0x0929,0x0109,0x012C,0x0A54,0x1A73,0x098D,0x0928,0x096D,0x092B,0x00C8,0x09B0,0x014C,0x092C,0x11F0,
0x012C,0x0909,0x0109,0x114A,0x08E7,0x092B,0x09AF,0x010A,0x00C8,0x096C,0x00C9,0x00EA,0x092B,0x014C,0x00A7,0x00A9,
0x0990,0x010A,0x00A6,0x00E8,0x016F,0x08E8,0x00E9,0x00A7,0x00CA,0x012D,0x00E9,0x00A8,0x00C7,0x0884,0x09B3,0x092B,
0x0046,0x0045,0x110D,0x0A15,0x0B1B,0x1212,0x00B0,0x0990,0x0049,0x01F7,0x00EC,0x1191,0x0134,0x0A16,0x0973,0x0022,
0x08A7,0x08CD,0x0021,0x0087,0x00AB,0x0065,0x0085,0x0068,0x0068,0x0068,0x0088,0x0065,0x0064,0x00AB,0x0045,0x0024,
0x0025,0x0065,0x0048,0x0044,0x0045,0x0046,0x0046,0x0067,0x0046,0x0045,0x0025,0x0024,0x0048,0x0069,0x0025,0x0024,
0x0025,0x0045,0x0046,0x0008,0x0043,0x0026,0x0029,0x0024,0x0005,0x0025,0x000A,0x0024,0x0004,0x0024,0x0005,0x000A,
0x0006,0x0006,0x0004,0x0004,0x0004,0x0004,0x0004,0x0005,0x0004,0x0005,0x0004,0x0004,0x0004,0x0003,0x0004,0x0004,
0x0004,0x0003,0x0006,0x0006,0x0004,0x0005,0x0003,0x0004,0x0004,0x0004,0x0003,0x0003,0x0004,0x0003,0x0004,0x0005,
0x10A6,0x10A6,0x10A6,0x10A7,0x10C7,0x10C7,0x10C7,0x10C7,0x10C7,0x10C7,0x10C7,0x10C7,0x10C7,0x10C7,0x10C7,0x10C7,
0x10C7,0x10C7,0x10C7,0x10C7,0x10C7,0x10E8,0x10E8,0x10E8,0x10E8,0x10E8,0x10E8,0x10E8,0x10E8,0x10E8,0x10E8,0x1108,
0x1108,0x1108,0x1108,0x1108,0x1108,0x1108,0x1108,0x1108,0x1108,0x1108,0x1108,0x1109,0x0909,0x0909,0x1129,0x1129,
0x1109,0x1109,0x0929,0x0929,0x0929,0x0929,0x0929,0x0929,0x0929,0x0929,0x0929,0x0929,0x0929,0x0929,0x0929,0x0929,
0x0929,0x0929,0x0929,0x0929,0x0929,0x0929,0x0929,0x0929,0x0929,0x0929,0x0929,0x0929,0x0929,0x0929,0x0929,0x0929,
0x0929,0x0929,0x0929,0x0929,0x0929,0x0929,0x0929,0x0929,0x0929,0x0929,0x0929,0x0929,0x0929,0x0929,0x0929,0x0929,
0x0929,0x092A,0x092A,0x092A,0x0929,0x090A,0x098C,0x0AF8,0x0AB8,0x11CD,0x09B0,0x1A33,0x110A,0x0A35,0x098D,0x08E8,
0x09AE,0x00C7,0x092A,0x092A,0x012C,0x098E,0x092A,0x092B,0x08C7,0x0086,0x11D0,0x098F,0x0085,0x00C9,0x11AD,0x012A,
0x00C6,0x0909,0x016F,0x00C8,0x00A6,0x08E9,0x094D,0x00EA,0x08A5,0x0085,0x0970,0x1190,0x0087,0x00C7,0x090C,0x00E9,
0x090B,0x00EB,0x0046,0x08C9,0x090E,0x11B3,0x0A38,0x09D0,0x094D,0x014C,0x014C,0x09B5,0x012D,0x00CB,0x00CC,0x0064,
0x0089,0x08CD,0x0065,0x0088,0x0069,0x0089,0x0046,0x0068,0x0065,0x00A9,0x008A,0x0046,0x0045,0x008B,0x0047,0x0025,
0x0045,0x0048,0x0046,0x0045,0x0027,0x0047,0x0044,0x0045,0x0047,0x0027,0x0025,0x0024,0x0047,0x00AD,0x0028,0x0023,
0x0025,0x0027,0x0025,0x0025,0x0026,0x0046,0x0028,0x0024,0x0004,0x0025,0x000A,0x0006,0x0004,0x0024,0x0025,0x0008,
0x0004,0x0007,0x0025,0x0008,0x0005,0x0004,0x0004,0x0004,0x0004,0x0004,0x0004,0x0007,0x0005,0x0004,0x0004,0x0004,
0x0004,0x0004,0x0003,0x0003,0x0005,0x0005,0x0003,0x0005,0x0006,0x0003,0x0004,0x0004,0x0004,0x0004,0x0004,0x0004,
0x10A6,0x10A6,0x10A6,0x10A7,0x10C7,0x10C7,0x10C7,0x10C7,0x10C7,0x10C7,0x10C7,0x10C7,0x10C7,0x10C7,0x10C7,0x10C7,
0x10C7,0x10C7,0x10C7,0x10C7,0x10C7,0x10E8,0x10E8,0x10E8,0x10E8,0x10E8,0x10E8,0x10E8,0x10E8,0x10E8,0x10E8,0x1108,
0x1108,0x1108,0x1108,0x1108,0x1108,0x1108,0x1108,0x1108,0x1108,0x1108,0x1108,0x1109,0x0909,0x0909,0x0909,0x0909,
0x1109,0x1109,0x0929,0x0929,0x0929,0x0929,0x0929,0x0929,0x0929,0x0929,0x0929,0x0929,0x0929,0x0929,0x0929,0x0929,
0x0929,0x0929,0x0929,0x0929,0x0929,0x0929,0x0929,0x0929,0x0929,0x0929,0x0929,0x0929,0x0929,0x0929,0x0929,0x0929,
0x0929,0x0929,0x0929,0x0929,0x0929,0x0929,0x0929,0x0929,0x0929,0x0929,0x0929,0x0929,0x0929,0x0929,0x0929,0x0929,
0x0929,0x0929,0x0929,0x0909,0x0909,0x0908,0x0909,0x08E6,0x018F,0x1233,0x1A33,0x090B,0x0929,0x094C,0x090A,0x00C8,
0x0909,0x090A,0x0909,0x09D1,0x09D1,0x08E7,0x08E9,0x08C7,0x00E9,0x096C,0x094B,0x010A,0x00E9,0x00A7,0x094C,0x098F,
0x00C7,0x00C7,0x012D,0x01D4,0x08A5,0x0044,0x090B,0x09B3,0x0085,0x00C8,0x00E9,0x08C6,0x010B,0x012E,0x0086,0x00C7,
0x0909,0x00EB,0x08CA,0x08EB,0x0047,0x00C8,0x00AF,0x0217,0x0B3C,0x023A,0x027B,0x012E,0x00A9,0x00C9,0x00A8,0x00ED,
0x0044,0x00AA,0x00CE,0x0023,0x0088,0x0069,0x0028,0x0087,0x0068,0x0068,0x00A8,0x0067,0x0045,0x0067,0x008C,0x0044,
0x0044,0x0068,0x0048,0x0066,0x0045,0x0048,0x0045,0x0044,0x0048,0x0069,0x0025,0x0024,0x0045,0x0046,0x0028,0x0026,
0x0044,0x0027,0x0026,0x0024,0x0025,0x0027,0x0028,0x0023,0x0005,0x0004,0x0007,0x0008,0x0005,0x0005,0x0005,0x0029,
0x0004,0x0003,0x0004,0x0007,0x0008,0x0006,0x0004,0x0004,0x0004,0x0004,0x0004,0x0004,0x0003,0x0006,0x0007,0x0004,
0x0005,0x0005,0x0004,0x0004,0x0004,0x0004,0x0004,0x0004,0x0003,0x0004,0x0006,0x0005,0x0004,0x0005,0x0005,0x0004,
0x10A6,0x10A6,0x10A6,0x10A6,0x10A6,0x10A6,0x10A6,0x10C7,0x10C7,0x10C7,0x10C7,0x10C7,0x10C7,0x10C7,0x10C7,0x10C7,
0x10C7,0x10C7,0x10C7,0x10C7,0x10C7,0x10C7,0x10C7,0x10E7,0x10E8,0x10E8,0x10E8,0x10E8,0x10E8,0x10E8,0x10E8,0x10E8,
0x10E8,0x10E8,0x10E8,0x10E8,0x10E8,0x1108,0x1108,0x0908,0x0908,0x0908,0x0908,0x0908,0x0908,0x0908,0x0909,0x0909,
0x0909,0x0909,0x0909,0x0909,0x0909,0x0909,0x0909,0x0909,0x0909,0x0909,0x0929,0x0929,0x0929,0x0929,0x0929,0x0929,
0x0929,0x0929,0x0929,0x0929,0x0929,0x0929,0x0929,0x0929,0x0929,0x0929,0x0929,0x0929,0x0929,0x0929,0x0929,0x0929,
0x0929,0x0929,0x0929,0x0929,0x0929,0x0929,0x0929,0x0929,0x0929,0x0929,0x0929,0x0929,0x0929,0x0929,0x0929,0x0929,
0x0929,0x0929,0x0129,0x0909,0x0909,0x0909,0x0909,0x08C8,0x08E8,0x096D,0x11AD,0x1275,0x0A35,0x094B,0x098F,0x1232,
0x010A,0x0236,0x01D1,0x08E8,0x0909,0x08E8,0x08A6,0x096D,0x01D2,0x0909,0x00C8,0x012B,0x012D,0x092B,0x00A8,0x094C,
0x00EA,0x00E9,0x0109,0x010A,0x00E8,0x092C,0x08C7,0x00A6,0x010C,0x0150,0x00C8,0x00C7,0x090A,0x010C,0x00E7,0x010C,
0x0086,0x0109,0x00EA,0x08EB,0x112D,0x00CF,0x1130,0x0868,0x0972,0x0133,0x094E,0x00AD,0x0972,0x008A,0x00C9,0x00AA,
0x0088,0x0087,0x00AA,0x00A9,0x0067,0x0088,0x0066,0x0048,0x0067,0x0066,0x00AB,0x0088,0x0046,0x0045,0x0069,0x0088,
0x0045,0x0047,0x0045,0x0048,0x0067,0x0047,0x0045,0x0043,0x0047,0x006A,0x0026,0x0024,0x0024,0x0026,0x0026,0x0027,
0x0026,0x0045,0x0026,0x0024,0x0024,0x0027,0x0029,0x0024,0x0023,0x0005,0x0026,0x0006,0x0004,0x0005,0x0005,0x0028,
0x0004,0x0004,0x0004,0x0004,0x0008,0x0004,0x0005,0x0006,0x0008,0x0007,0x0004,0x0004,0x0004,0x0003,0x0003,0x0003,
0x0005,0x0004,0x0006,0x0006,0x0003,0x0005,0x0005,0x0003,0x0004,0x0004,0x0004,0x0004,0x0004,0x0003,0x0004,0x0004,
0x10A6,0x10A6,0x10A6,0x10A6,0x10A6,0x10A6,0x10A6,0x10A6,0x10A6,0x10A7,0x10C7,0x10C7,0x10C7,0x10C7,0x10C7,0x10C7,
0x10C7,0x10C7,0x10C7,0x10C7,0x10C7,0x10C7,0x10C7,0x10C7,0x10C7,0x08E7,0x10E8,0x10E8,0x10E8,0x10E8,0x08E8,0x10E8,
0x10E8,0x10E8,0x10E8,0x10E8,0x10E8,0x1108,0x0908,0x0908,0x0908,0x0908,0x0908,0x0908,0x0908,0x0908,0x0908,0x0908,
0x0908,0x0908,0x0909,0x0909,0x0909,0x0909,0x0909,0x0909,0x0909,0x0909,0x0909,0x0909,0x0909,0x0909,0x0909,0x0909,
0x0909,0x0909,0x0909,0x0909,0x0909,0x0909,0x0909,0x0909,0x0929,0x0929,0x0929,0x0929,0x0929,0x0929,0x0929,0x0929,
0x0929,0x0929,0x0929,0x0929,0x0929,0x0929,0x0929,0x0909,0x0909,0x0909,0x0909,0x0909,0x0909,0x0909,0x0909,0x0109,
0x0109,0x0909,0x0109,0x0109,0x0109,0x0909,0x0909,0x0108,0x0108,0x00E8,0x00E8,0x114B,0x0990,0x1254,0x09F1,0x112A,
0x09AE,0x00A7,0x08E9,0x092A,0x00A6,0x01B0,0x096D,0x0909,0x014C,0x092A,0x0088,0x08C8,0x014C,0x092B,0x08C7,0x00C7,
0x012B,0x0171,0x00C7,0x00A6,0x012C,0x094E,0x00A7,0x00C7,0x012A,0x00E9,0x00EB,0x010C,0x00A7,0x00AA,0x08EC,0x00CA,
0x090C,0x00AA,0x08E9,0x00AA,0x0971,0x090E,0x090D,0x00CA,0x0065,0x0045,0x0086,0x00AC,0x090E,0x00F1,0x0132,0x0065,
0x0910,0x0048,0x0046,0x0111,0x0045,0x0088,0x0089,0x0047,0x008A,0x0046,0x0044,0x00D2,0x0044,0x0024,0x0049,0x006A,
0x0048,0x0025,0x006A,0x0045,0x0047,0x0048,0x0027,0x0025,0x0042,0x004D,0x006A,0x0024,0x0005,0x0028,0x0026,0x0044,
0x0026,0x0028,0x0026,0x0043,0x0024,0x0007,0x004A,0x0025,0x0026,0x0004,0x0006,0x0007,0x0002,0x0004,0x0005,0x0008,
0x0007,0x0005,0x0005,0x0004,0x0008,0x0004,0x0004,0x0004,0x0027,0x0030,0x0005,0x0004,0x0004,0x0005,0x0023,0x0022,
0x0003,0x0004,0x0004,0x0003,0x0003,0x0005,0x0005,0x0002,0x0006,0x0007,0x0003,0x0004,0x0007,0x0003,0x0004,0x0004,
0x10A6,0x10A6,0x10A6,0x10A6,0x10A6,0x10A6,0x10A6,0x10A6,0x10A6,0x10A7,0x10A7,0x10C7,0x10C7,0x10C7,0x10C7,0x10C7,
0x10C7,0x10C7,0x10C7,0x10C7,0x10C7,0x10C7,0x10C7,0x10C7,0x10C7,0x08E7,0x08E7,0x10E8,0x10E8,0x10E8,0x08E8,0x10E8,
0x10E8,0x10E8,0x10E8,0x10E8,0x08E8,0x1108,0x0908,0x0908,0x0908,0x0908,0x0908,0x0908,0x0908,0x0908,0x0908,0x0908,
0x0908,0x0908,0x0909,0x0909,0x0909,0x0909,0x0909,0x0909,0x0909,0x0909,0x0909,0x0909,0x0909,0x0909,0x0909,0x0909,
0x0909,0x0909,0x0909,0x0909,0x0909,0x0909,0x0909,0x0909,0x0909,0x0929,0x0929,0x0929,0x0909,0x0909,0x0909,0x0929,
0x0929,0x0929,0x0929,0x0929,0x0929,0x0929,0x0929,0x0929,0x0929,0x0929,0x0929,0x0929,0x0909,0x0909,0x0909,0x0109,
0x0109,0x0909,0x0109,0x0108,0x0108,0x0108,0x0108,0x0908,0x0108,0x0908,0x08E8,0x00A7,0x00E9,0x010B,0x098E,0x01F6,
0x09D3,0x118D,0x0990,0x016D,0x09D0,0x012C,0x094B,0x010B,0x00A6,0x012C,0x096D,0x092C,0x092B,0x08EA,0x08C8,0x00CA,
0x014E,0x00C9,0x00EB,0x010A,0x010C,0x00C6,0x012E,0x0909,0x010A,0x00A7,0x010C,0x00EB,0x08EA,0x08A8,0x00CA,0x00A6,
0x0992,0x0930,0x0995,0x0152,0x00A9,0x00C8,0x0066,0x0066,0x0066,0x0067,0x0065,0x0065,0x0064,0x0087,0x08CC,0x00CF,
0x00D0,0x08CC,0x0112,0x0024,0x08F1,0x006A,0x0044,0x00CA,0x0067,0x0068,0x0066,0x0044,0x00AF,0x0065,0x0003,0x0048,
0x0069,0x0027,0x0046,0x0067,0x0045,0x0027,0x00AD,0x0026,0x0044,0x0065,0x0048,0x0029,0x0025,0x0047,0x0028,0x0005,
0x0044,0x0008,0x006C,0x0025,0x0024,0x0005,0x0046,0x0027,0x0026,0x0024,0x0007,0x0027,0x0022,0x0004,0x0004,0x0025,
0x0027,0x0022,0x0007,0x0003,0x002A,0x0007,0x0003,0x0004,0x0002,0x0008,0x0004,0x0004,0x0002,0x002A,0x004F,0x0005,
0x0005,0x0006,0x0003,0x0003,0x0003,0x0003,0x0004,0x0004,0x0022,0x0003,0x0004,0x0004,0x0003,0x0003,0x0004,0x0005,
0x1086,0x10A6,0x10A6,0x10A6,0x10A6,0x10A6,0x10A6,0x10A6,0x10A6,0x10A6,0x10A7,0x10A7,0x10A7,0x10C7,0x08C7,0x10C7,
0x10C7,0x10C7,0x10C7,0x10C7,0x10C7,0x10C7,0x10C7,0x10C7,0x10C7,0x08C7,0x08C7,0x08E7,0x08E7,0x08E7,0x08E7,0x08E8,
0x08E8,0x08E8,0x08E8,0x08E8,0x08E8,0x08E8,0x08E8,0x08E8,0x08E8,0x08E8,0x08E8,0x08E8,0x0908,0x0908,0x0908,0x0908,
0x0908,0x0908,0x0909,0x0909,0x0909,0x0909,0x0909,0x0909,0x0909,0x0909,0x0909,0x0909,0x0909,0x0909,0x0909,0x0909,
0x0909,0x0909,0x0909,0x0909,0x0909,0x0909,0x0909,0x0909,0x0909,0x0909,0x0909,0x0909,0x0909,0x0909,0x0909,0x0909,
0x0909,0x0909,0x0909,0x0909,0x0909,0x0909,0x0909,0x0108,0x0108,0x0108,0x0108,0x0108,0x0109,0x0108,0x0108,0x0108,
0x0108,0x0108,0x00E8,0x00E8,0x00E8,0x08E8,0x08E8,0x00E8,0x00E8,0x00E8,0x00E8,0x00E8,0x00C8,0x00C8,0x00C8,0x092A,
0x012C,0x1214,0x09B0,0x018E,0x09AE,0x08E8,0x010A,0x012A,0x09CF,0x00EE,0x09B0,0x010D,0x00A6,0x008A,0x11D5,0x090E,
0x00C7,0x00A6,0x0970,0x092B,0x010A,0x00C5,0x010C,0x00CB,0x090C,0x08ED,0x00CA,0x08C4,0x0950,0x094C,0x0175,0x0194,
0x00EC,0x090D,0x0087,0x0086,0x0066,0x0066,0x0086,0x0086,0x0066,0x0066,0x0065,0x0066,0x0065,0x0065,0x0045,0x0067,
0x0086,0x00C9,0x00D1,0x08CD,0x08CE,0x0087,0x00CE,0x0064,0x0068,0x008A,0x0068,0x0065,0x0067,0x008C,0x0067,0x0066,
0x0048,0x0068,0x0069,0x0027,0x0046,0x0025,0x0068,0x006C,0x0046,0x0023,0x0026,0x0025,0x0007,0x0007,0x0026,0x0025,
0x0024,0x0024,0x0046,0x0029,0x0007,0x0003,0x0026,0x0008,0x0004,0x0024,0x0004,0x0029,0x002C,0x0003,0x0005,0x0023,
0x0027,0x0024,0x0003,0x0002,0x0029,0x002A,0x0004,0x0006,0x0004,0x0007,0x0007,0x0004,0x0004,0x0023,0x0007,0x0007,
0x0004,0x0003,0x0007,0x0009,0x0005,0x0003,0x0004,0x0008,0x0006,0x0022,0x0004,0x0006,0x0003,0x0004,0x0005,0x0005,
0x1086,0x1086,0x1086,0x10A6,0x10A6,0x10A6,0x10A6,0x10A6,0x10A6,0x10A6,0x10A7,0x10A7,0x10A7,0x10C7,0x08C7,0x08A7,
0x10C7,0x10C7,0x10C7,0x10C7,0x10C7,0x10C7,0x10C7,0x10C7,0x10C7,0x08C7,0x08C7,0x08C7,0x08E7,0x08E7,0x08E7,0x08E7,
0x08E7,0x08E8,0x08E8,0x08E8,0x08E8,0x08E8,0x08E8,0x08E8,0x08E8,0x08E8,0x08E8,0x08E8,0x08E8,0x08E8,0x0908,0x0908,
0x0908,0x0908,0x08E8,0x0908,0x0908,0x0908,0x0909,0x0909,0x0909,0x0909,0x0909,0x0909,0x0909,0x0909,0x0909,0x0909,
0x0909,0x0909,0x0909,0x0909,0x0909,0x0909,0x0909,0x0909,0x0909,0x0909,0x0909,0x0909,0x0909,0x0909,0x0909,0x0909,
0x0909,0x0909,0x0909,0x0909,0x0909,0x0909,0x0909,0x0108,0x0108,0x0108,0x0108,0x0108,0x0109,0x0108,0x0108,0x0908,
0x0908,0x0908,0x00E8,0x00E8,0x00E8,0x00E8,0x00E8,0x00E8,0x00E8,0x00E8,0x00E8,0x00E8,0x00C8,0x00C8,0x00C8,0x00C7,
0x00E8,0x00A6,0x0929,0x09D2,0x0170,0x0A77,0x01D4,0x096B,0x096D,0x092B,0x00CA,0x08EA,0x01B1,0x012D,0x08A5,0x08E7,
0x014C,0x0970,0x00C7,0x0109,0x090B,0x0175,0x08A7,0x090F,0x090C,0x114F,0x0931,0x09D5,0x010E,0x0172,0x00E9,0x00C5,
0x00A6,0x0066,0x0086,0x0085,0x0086,0x0086,0x0086,0x0086,0x0066,0x0065,0x0065,0x0066,0x0066,0x0066,0x0065,0x0065,
0x0045,0x0045,0x0023,0x0887,0x088B,0x00C9,0x0113,0x0089,0x08D0,0x0067,0x00AB,0x008B,0x0044,0x0047,0x006A,0x0067,
0x0047,0x0046,0x0045,0x004B,0x0048,0x0025,0x0025,0x0048,0x004B,0x0046,0x0003,0x0027,0x0005,0x0006,0x0027,0x0049,
0x0048,0x0042,0x0003,0x0026,0x0028,0x0025,0x0006,0x0027,0x002A,0x0022,0x0003,0x0004,0x0008,0x0004,0x0007,0x0022,
0x0028,0x0007,0x0004,0x0004,0x0003,0x0005,0x0004,0x0005,0x0004,0x0007,0x0008,0x0006,0x0007,0x0006,0x0001,0x002B,
0x000B,0x0003,0x0004,0x0007,0x0008,0x0004,0x0003,0x0005,0x0005,0x0003,0x0003,0x0004,0x0003,0x0003,0x0004,0x0005,
0x0886,0x0886,0x0886,0x0886,0x08A6,0x08A6,0x08A6,0x10A6,0x08A6,0x08A6,0x08A6,0x08A6,0x08A6,0x08A7,0x08A7,0x08A7,
0x08A7,0x08A7,0x08A7,0x08A7,0x08A7,0x08C7,0x08C7,0x08C7,0x08C7,0x08C7,0x08C7,0x08C7,0x08C7,0x08C7,0x08C7,0x08C7,
0x08C7,0x08C7,0x08C7,0x08E7,0x08E7,0x08E8,0x08E8,0x08E8,0x08E8,0x08E8,0x08E8,0x08E8,0x08E8,0x08E8,0x08E8,0x08E8,
0x08E8,0x08E8,0x08E8,0x08E8,0x08E8,0x08E8,0x0908,0x0908,0x0908,0x0908,0x0908,0x0908,0x0908,0x0908,0x0908,0x0908,
0x0908,0x0908,0x0908,0x0908,0x0908,0x0908,0x0908,0x0908,0x0908,0x0908,0x0908,0x0908,0x0908,0x0908,0x0908,0x0908,
0x0108,0x0108,0x0108,0x0108,0x0108,0x0108,0x0108,0x0108,0x0108,0x0908,0x0908,0x0908,0x0908,0x0908,0x00E8,0x00E8,
0x00E8,0x00E8,0x00E8,0x00E8,0x00E8,0x00E8,0x00E8,0x00E8,0x00E8,0x00E8,0x00E8,0x00C8,0x00C8,0x00C8,0x00C8,0x00E8,
0x00C8,0x00C7,0x00A7,0x00A7,0x010A,0x00EA,0x012C,0x01B3,0x0150,0x09D3,0x09D5,0x11F2,0x010D,0x096D,0x0950,0x01F6,
0x094C,0x09B1,0x094E,0x01DA,0x092D,0x0150,0x0952,0x1172,0x012F,0x010D,0x00EB,0x0088,0x00A7,0x0067,0x0086,0x0065,
0x0066,0x0086,0x0086,0x0086,0x0066,0x0066,0x0066,0x0086,0x0066,0x0065,0x0065,0x0066,0x0066,0x0066,0x0065,0x0065,
0x0065,0x0065,0x0065,0x0044,0x0025,0x0065,0x0046,0x0067,0x00CC,0x0087,0x0117,0x0066,0x00F1,0x006A,0x0088,0x008B,
0x0047,0x0066,0x008B,0x0026,0x0045,0x008D,0x0008,0x0043,0x0028,0x0048,0x0047,0x0007,0x0046,0x0065,0x0023,0x0029,
0x004C,0x0028,0x0027,0x0003,0x0008,0x0026,0x0041,0x0045,0x0048,0x0009,0x0007,0x0003,0x0006,0x0029,0x0004,0x0022,
0x0004,0x0005,0x000A,0x0007,0x0002,0x0006,0x0007,0x0008,0x0008,0x0004,0x0003,0x0006,0x0007,0x0005,0x0004,0x0024,
0x0006,0x0007,0x0007,0x0005,0x0003,0x0004,0x0009,0x0028,0x0004,0x0007,0x0007,0x0008,0x0021,0x0021,0x0004,0x0005,
0x0886,0x0886,0x0886,0x0886,0x0886,0x08A6,0x08A6,0x08A6,0x08A6,0x08A6,0x08A6,0x08A6,0x08A6,0x08A6,0x08A7,0x08A7,
0x08A7,0x08A7,0x08A7,0x08A7,0x08A7,0x08C7,0x08C7,0x08C7,0x08C7,0x08C7,0x08C7,0x08C7,0x08C7,0x08C7,0x08C7,0x08C7,
0x08C7,0x08C7,0x08C7,0x08C7,0x08C7,0x08E8,0x08E8,0x08E8,0x08E8,0x08E8,0x08E8,0x08E8,0x08E8,0x08E8,0x08E8,0x08E8,
0x08E8,0x08E8,0x08E8,0x08E8,0x08E8,0x08E8,0x08E8,0x08E8,0x08E8,0x08E8,0x08E8,0x08E8,0x08E8,0x08E8,0x08E8,0x08E8,
0x08E8,0x08E8,0x08E8,0x08E8,0x08E8,0x08E8,0x08E8,0x08E8,0x08E8,0x0908,0x0908,0x0908,0x08E8,0x08E8,0x08E8,0x0908,
0x0908,0x0908,0x0908,0x0908,0x0908,0x0908,0x0908,0x0108,0x00E8,0x00E8,0x00E8,0x00E8,0x00E8,0x00E8,0x00E8,0x00E8,
0x00E8,0x00E8,0x00E8,0x00E8,0x00E8,0x00E8,0x00E8,0x00E8,0x00E8,0x00E8,0x00E8,0x00C8,0x00C8,0x00C8,0x00C8,0x00C8,
0x00C7,0x00C7,0x00C7,0x00C7,0x00A7,0x00A7,0x00C8,0x00A8,0x00E9,0x00C9,0x090B,0x012D,0x096E,0x0950,0x0170,0x014E,
0x0970,0x090D,0x092E,0x00C9,0x092C,0x00E8,0x00C9,0x0065,0x00A7,0x0066,0x0066,0x0086,0x0086,0x0086,0x0086,0x0086,
0x0086,0x0086,0x0066,0x0066,0x0066,0x0066,0x0066,0x0086,0x0066,0x0066,0x0066,0x0066,0x0066,0x0066,0x0066,0x0065,
0x0065,0x0045,0x0045,0x0045,0x0045,0x0045,0x0044,0x0045,0x0025,0x0044,0x0065,0x0045,0x00AC,0x0044,0x08D3,0x08AA,
0x008F,0x00D2,0x0027,0x00D5,0x006A,0x006A,0x0090,0x0888,0x004B,0x004B,0x0044,0x0046,0x0046,0x0044,0x004A,0x0026,
0x0023,0x0068,0x0024,0x0006,0x0026,0x0025,0x004D,0x0022,0x0003,0x0026,0x0008,0x0024,0x0026,0x0004,0x0028,0x0029,
0x0006,0x0006,0x0005,0x0005,0x000A,0x0026,0x0005,0x0006,0x002A,0x0007,0x0005,0x0007,0x0007,0x0007,0x0004,0x000C,
0x000C,0x0025,0x0009,0x000E,0x0009,0x0008,0x0008,0x002F,0x0033,0x0006,0x000D,0x002D,0x002D,0x0037,0x0005,0x000D,
0x0886,0x0886,0x0886,0x0886,0x0886,0x0886,0x0886,0x0886,0x08A6,0x08A6,0x08A6,0x08A6,0x08A6,0x08A6,0x08A6,0x08A7,
0x08A7,0x08A7,0x08A7,0x08A7,0x08A7,0x08A7,0x08A7,0x08A7,0x08A7,0x08C7,0x08C7,0x08C7,0x08C7,0x08C7,0x08C7,0x08C7,
0x08C7,0x08C7,0x08C7,0x08C7,0x08C7,0x08E7,0x08E8,0x08E8,0x08E8,0x08E8,0x08E8,0x08E8,0x08E8,0x08E8,0x08E8,0x08E8,
0x08E8,0x08E8,0x08E8,0x08E8,0x08E8,0x08E8,0x08E8,0x08E8,0x08E8,0x08E8,0x08E8,0x08E8,0x08E8,0x08E8,0x08E8,0x08E8,
0x08E8,0x08E8,0x08E8,0x08E8,0x08E8,0x08E8,0x08E8,0x08E8,0x08E8,0x08E8,0x08E8,0x08E8,0x08E8,0x08E8,0x08E8,0x08E8,
0x08E8,0x08E8,0x08E8,0x08E8,0x08E8,0x08E8,0x08E8,0x0908,0x0908,0x00E8,0x00E8,0x00E8,0x00E8,0x00E8,0x00E8,0x00E8,
0x00E8,0x00E8,0x00E8,0x00E8,0x00E8,0x00E8,0x00E8,0x00E8,0x00E8,0x00C8,0x00C8,0x00C8,0x00C8,0x00C8,0x00C8,0x00C8,
0x00C7,0x00C7,0x00C7,0x00C7,0x00C7,0x00C8,0x00C7,0x00C7,0x00A7,0x00A7,0x00A7,0x00A7,0x00A7,0x0088,0x00A7,0x0086,
0x0087,0x0087,0x0087,0x0086,0x0086,0x0085,0x0085,0x0086,0x0086,0x0086,0x0086,0x0086,0x0086,0x0086,0x0086,0x0086,
0x0086,0x0086,0x0066,0x0066,0x0066,0x0066,0x0066,0x0066,0x0066,0x0066,0x0066,0x0066,0x0066,0x0066,0x0066,0x0065,
0x0065,0x0045,0x0045,0x0045,0x0045,0x0045,0x0045,0x0045,0x0045,0x0025,0x0025,0x0025,0x0025,0x0024,0x0025,0x0025,
0x0065,0x0065,0x0027,0x008C,0x0023,0x08B2,0x008A,0x0029,0x08D5,0x0044,0x0090,0x008E,0x0026,0x0894,0x002A,0x0068,
0x0070,0x0026,0x006C,0x0031,0x0024,0x004C,0x002B,0x0006,0x0051,0x0026,0x0007,0x004F,0x002A,0x0006,0x000F,0x0009,
0x0006,0x002F,0x002E,0x0006,0x0008,0x000B,0x000A,0x0006,0x002C,0x0007,0x0009,0x0007,0x000D,0x0027,0x0005,0x0007,
0x0009,0x0029,0x0005,0x0007,0x0005,0x0026,0x0007,0x0004,0x0026,0x0003,0x0005,0x0004,0x0023,0x0025,0x0004,0x0005,
0x0886,0x0886,0x0886,0x0886,0x0886,0x0886,0x0886,0x0886,0x0886,0x0886,0x08A6,0x08A6,0x08A6,0x08A6,0x08A6,0x08A7,
0x08A7,0x08A7,0x08A7,0x08A7,0x08A7,0x08A7,0x08A7,0x08A7,0x08A7,0x08C7,0x08C7,0x08C7,0x08C7,0x08C7,0x08C7,0x08C7,
0x08C7,0x08C7,0x08C7,0x08C7,0x08C7,0x08C7,0x08C7,0x08E8,0x08E8,0x08E8,0x08E8,0x08E8,0x08E8,0x08E8,0x08E8,0x08E8,
0x08E8,0x08E8,0x08E8,0x08E8,0x08E8,0x08E8,0x08E8,0x08E8,0x08E8,0x08E8,0x08E8,0x08E8,0x08E8,0x08E8,0x08E8,0x08E8,
0x08E8,0x08E8,0x08E8,0x08E8,0x08E8,0x08E8,0x08E8,0x08E8,0x08E8,0x08E8,0x08E8,0x08E8,0x08E8,0x08E8,0x08E8,0x00E8,
0x00E8,0x00E8,0x00E8,0x00E8,0x00E8,0x00E8,0x00E8,0x00E8,0x00E8,0x00E8,0x00E8,0x00E8,0x00E8,0x00E8,0x00E8,0x00E8,
0x00E8,0x00E8,0x00E8,0x00E8,0x00E8,0x00E8,0x00E8,0x00C8,0x00C8,0x00C8,0x00C8,0x00C8,0x00C8,0x00C8,0x00C8,0x00C7,
0x00C7,0x00C7,0x00C7,0x00C7,0x00C7,0x00C7,0x00C7,0x00C7,0x00C7,0x00A7,0x08A7,0x08C7,0x00A7,0x00A7,0x00A6,0x00A6,
0x00A6,0x00A6,0x0087,0x0087,0x0086,0x0086,0x0087,0x0087,0x0086,0x0086,0x0086,0x0086,0x0086,0x0086,0x0086,0x0086,
0x0086,0x0086,0x0066,0x0066,0x0066,0x0066,0x0066,0x0066,0x0066,0x0066,0x0066,0x0066,0x0066,0x0066,0x0066,0x0065,
0x0065,0x0045,0x0045,0x0045,0x0045,0x0045,0x0045,0x0045,0x0045,0x0025,0x0045,0x0025,0x0045,0x0045,0x0024,0x0043,
0x0043,0x0044,0x0025,0x0024,0x0043,0x0004,0x0004,0x0005,0x0005,0x0004,0x0046,0x0046,0x0005,0x0048,0x0024,0x0026,
0x0028,0x0002,0x0048,0x0028,0x0003,0x0028,0x0026,0x0003,0x0027,0x0005,0x0004,0x0007,0x0007,0x0023,0x0006,0x0006,
0x0003,0x0023,0x0025,0x0004,0x0003,0x0004,0x0004,0x0005,0x0004,0x0004,0x0004,0x0004,0x0005,0x0003,0x0023,0x0002,
0x0004,0x0005,0x0003,0x0003,0x0003,0x0004,0x0005,0x0003,0x0003,0x0005,0x0003,0x0003,0x0003,0x0003,0x0003,0x0004,
0x0886,0x0886,0x0886,0x0886,0x0886,0x0886,0x0886,0x0886,0x0886,0x0886,0x0886,0x0886,0x0886,0x08A6,0x08A6,0x08A7,
0x08A7,0x08A7,0x08A7,0x08A7,0x08A7,0x08A7,0x08A7,0x08A7,0x08A7,0x08C7,0x08C7,0x08C7,0x08C7,0x08C7,0x08C7,0x08C7,
0x08C7,0x08C7,0x08C7,0x08C7,0x08C7,0x08C7,0x08C7,0x08C7,0x08C7,0x08C7,0x08C7,0x08C7,0x08C8,0x08C8,0x08E8,0x08E8,
0x08E8,0x08E8,0x08E8,0x08E8,0x08E8,0x08E8,0x08E8,0x08E8,0x08E8,0x08E8,0x08E8,0x08E8,0x08E8,0x08E8,0x08E8,0x08E8,
0x08E8,0x08E8,0x08E8,0x08E8,0x08E8,0x08E8,0x08E8,0x08E8,0x08E8,0x08E8,0x00E8,0x00E8,0x00E8,0x00E8,0x00E8,0x00E8,
0x00E8,0x00E8,0x00E8,0x00E8,0x00E8,0x00E8,0x00E8,0x00E8,0x00E8,0x00E8,0x00E8,0x00E8,0x00E8,0x00E8,0x00E8,0x00E8,
0x00E8,0x00E8,0x00E8,0x00E8,0x00E8,0x00C8,0x00C8,0x00C8,0x00C8,0x00C8,0x00C8,0x00C8,0x00C8,0x00C8,0x00C8,0x00C8,
0x00C7,0x00C7,0x00C7,0x00C7,0x00C7,0x00C7,0x00C7,0x00A7,0x00A7,0x00A7,0x00A7,0x00A7,0x00A7,0x00A7,0x00A7,0x00A7,
0x00A7,0x00A7,0x0087,0x0087,0x0086,0x0086,0x0087,0x0086,0x0086,0x0086,0x0086,0x0086,0x0086,0x0086,0x0086,0x0066,
0x0066,0x0066,0x0066,0x0066,0x0066,0x0066,0x0066,0x0066,0x0066,0x0066,0x0066,0x0066,0x0066,0x0066,0x0066,0x0065,
0x0045,0x0045,0x0045,0x0045,0x0045,0x0045,0x0045,0x0045,0x0045,0x0045,0x0045,0x0025,0x0045,0x0044,0x0025,0x0045,
0x0025,0x0025,0x0024,0x0024,0x0024,0x0023,0x0024,0x0024,0x0023,0x0024,0x0003,0x0024,0x0004,0x0003,0x0024,0x0004,
0x0003,0x0024,0x0004,0x0003,0x0004,0x0004,0x0004,0x0003,0x0003,0x0004,0x0003,0x0003,0x0004,0x0003,0x0003,0x0004,
0x0003,0x0002,0x0003,0x0003,0x0003,0x0003,0x0003,0x0004,0x0003,0x0003,0x0003,0x0003,0x0003,0x0003,0x0003,0x0003,
0x0003,0x0003,0x0004,0x0004,0x0004,0x0004,0x0004,0x0004,0x0004,0x0004,0x0004,0x0004,0x0004,0x0004,0x0003,0x0004,
0x0886,0x0886,0x0886,0x0886,0x0886,0x0886,0x0886,0x0886,0x0886,0x0886,0x0886,0x0886,0x0886,0x08A6,0x08A6,0x08A7,
0x08A7,0x08A7,0x08A7,0x08A7,0x08A7,0x08A7,0x08A7,0x08A7,0x08A7,0x08A7,0x08C7,0x08C7,0x08C7,0x08C7,0x08C7,0x08C7,
0x08C7,0x08C7,0x08C7,0x08C7,0x08C7,0x08C7,0x08C7,0x08C7,0x08C7,0x08C7,0x08C7,0x08C7,0x08C8,0x08C8,0x08C8,0x08C8,
0x08C8,0x08C8,0x08E8,0x08E8,0x08E8,0x08E8,0x08E8,0x08E8,0x08E8,0x08E8,0x08E8,0x08E8,0x08E8,0x08E8,0x08E8,0x08E8,
0x08E8,0x08E8,0x08E8,0x08E8,0x08E8,0x08E8,0x08E8,0x08E8,0x08E8,0x08E8,0x00E8,0x00E8,0x00E8,0x00E8,0x00E8,0x00E8,
0x00E8,0x00E8,0x00E8,0x00E8,0x00E8,0x00E8,0x00E8,0x00E8,0x00E8,0x00E8,0x00E8,0x00E8,0x00E8,0x00E8,0x00E8,0x00E8,
0x00C8,0x00C8,0x00C8,0x00C8,0x00C8,0x00C8,0x00C8,0x00C8,0x00C8,0x00C8,0x00C8,0x00C8,0x00C8,0x00C8,0x00C8,0x00C8,
0x00C7,0x00C7,0x00C7,0x00C7,0x00C7,0x00A7,0x00A7,0x00A7,0x00A7,0x00A7,0x00A7,0x00A7,0x00A7,0x00A7,0x00A7,0x00A7,
0x00A7,0x00A7,0x00A7,0x0086,0x0086,0x0086,0x0086,0x0086,0x0086,0x0086,0x0086,0x0086,0x0086,0x0086,0x0066,0x0066,
0x0066,0x0066,0x0066,0x0066,0x0066,0x0066,0x0066,0x0066,0x0066,0x0066,0x0066,0x0066,0x0066,0x0066,0x0045,0x0045,
0x0045,0x0045,0x0045,0x0045,0x0045,0x0045,0x0045,0x0045,0x0045,0x0045,0x0045,0x0045,0x0045,0x0025,0x0025,0x0025,
0x0025,0x0024,0x0024,0x0024,0x0024,0x0024,0x0024,0x0024,0x0024,0x0024,0x0004,0x0004,0x0004,0x0004,0x0004,0x0004,
0x0004,0x0004,0x0004,0x0004,0x0004,0x0004,0x0004,0x0004,0x0004,0x0004,0x0004,0x0004,0x0004,0x0004,0x0004,0x0004,
0x0004,0x0004,0x0004,0x0004,0x0004,0x0004,0x0004,0x0004,0x0004,0x0004,0x0004,0x0004,0x0004,0x0004,0x0004,0x0004,
0x0004,0x0004,0x0004,0x0004,0x0004,0x0004,0x0004,0x0004,0x0003,0x0003,0x0004,0x0004,0x0003,0x0003,0x0003,0x0004,
0x0886,0x0886,0x0886,0x0886,0x0886,0x0886,0x0886,0x0886,0x0886,0x0886,0x0886,0x0886,0x0886,0x08A6,0x08A6,0x0886,
0x0886,0x0886,0x08A7,0x08A7,0x08A7,0x08A7,0x08A7,0x08A7,0x08A7,0x08A7,0x08A7,0x08A7,0x08A7,0x08C7,0x08C7,0x08C7,
0x08C7,0x08C7,0x08C7,0x08C7,0x08C7,0x08C7,0x08C7,0x08C7,0x08C7,0x08C7,0x08C7,0x08C7,0x08C7,0x08C8,0x08C8,0x08C8,
0x08C8,0x08C8,0x08C8,0x08C8,0x08C8,0x08C8,0x08C8,0x08C8,0x08C8,0x08C8,0x08C8,0x08C8,0x08C8,0x08C8,0x08C8,0x08C8,
0x08C8,0x08C8,0x08C8,0x08C8,0x08C8,0x08C8,0x08C8,0x08C8,0x08C8,0x00E8,0x00E8,0x00E8,0x00E8,0x00E8,0x00E8,0x00E8,
0x00E8,0x00E8,0x00E8,0x00E8,0x00E8,0x00E8,0x00E8,0x00E8,0x00E8,0x00E8,0x00E8,0x00E8,0x00E8,0x00C8,0x00C8,0x00C8,
0x00C8,0x00C8,0x00C8,0x00C8,0x00C8,0x00C8,0x00C8,0x00C8,0x00C8,0x00C8,0x00C8,0x00C8,0x00A8,0x00A8,0x00A7,0x00A7,
0x00A7,0x00A7,0x00A7,0x00A7,0x00A7,0x00A7,0x00A7,0x00A7,0x00A7,0x00A7,0x00A7,0x00A7,0x00A7,0x00A7,0x00A7,0x00A7,
0x00A7,0x00A7,0x00A7,0x0086,0x0086,0x0086,0x0086,0x0086,0x0086,0x0086,0x0086,0x0086,0x0066,0x0066,0x0066,0x0066,
0x0066,0x0066,0x0066,0x0066,0x0066,0x0066,0x0066,0x0066,0x0066,0x0066,0x0066,0x0066,0x0066,0x0045,0x0045,0x0045,
0x0045,0x0045,0x0045,0x0045,0x0045,0x0045,0x0045,0x0045,0x0045,0x0045,0x0045,0x0045,0x0045,0x0025,0x0025,0x0025,
0x0025,0x0024,0x0024,0x0024,0x0024,0x0024,0x0024,0x0024,0x0024,0x0024,0x0004,0x0004,0x0004,0x0004,0x0004,0x0004,
0x0004,0x0004,0x0004,0x0004,0x0004,0x0004,0x0004,0x0004,0x0004,0x0004,0x0004,0x0004,0x0004,0x0004,0x0004,0x0004,
0x0004,0x0004,0x0004,0x0004,0x0004,0x0004,0x0004,0x0004,0x0004,0x0004,0x0004,0x0004,0x0004,0x0004,0x0004,0x0004,
0x0004,0x0004,0x0004,0x0004,0x0004,0x0004,0x0004,0x0004,0x0004,0x0004,0x0004,0x0004,0x0004,0x0004,0x0004,0x0004,
0x0866,0x0866,0x0866,0x0866,0x0886,0x0886,0x0886,0x0886,0x0886,0x0886,0x0886,0x0886,0x0886,0x0886,0x0886,0x0886,
0x0886,0x0886,0x0886,0x0886,0x0886,0x08A7,0x08A7,0x08A7,0x08A7,0x08A7,0x08A7,0x08A7,0x08A7,0x08A7,0x08A7,0x08A7,
0x08A7,0x08A7,0x08A7,0x08C7,0x08C7,0x08C7,0x08C7,0x08C7,0x08C7,0x08C7,0x08C7,0x08C7,0x08C7,0x08C7,0x08C8,0x08C8,
0x08C8,0x08C8,0x08C8,0x08C8,0x08C8,0x08C8,0x08C8,0x08C8,0x08C8,0x08C8,0x08C8,0x08C8,0x08C8,0x08C8,0x08C8,0x08C8,
0x08C8,0x08C8,0x08C8,0x08C8,0x08C8,0x08C8,0x08C8,0x08C8,0x08C8,0x00C8,0x00C8,0x00C8,0x00C8,0x00C8,0x00C8,0x00C8,
0x00C8,0x00C8,0x00C8,0x00C8,0x00C8,0x00C8,0x00C8,0x00C8,0x00C8,0x00C8,0x00C8,0x00C8,0x00C8,0x00C8,0x00C8,0x00C8,
0x00C8,0x00C8,0x00C8,0x00C8,0x00C8,0x00C8,0x00C8,0x00C8,0x00C8,0x00C8,0x00A8,0x00A7,0x00A7,0x00A7,0x00A7,0x00A7,
0x00A7,0x00A7,0x00A7,0x00A7,0x00A7,0x00A7,0x00A7,0x00A7,0x00A7,0x00A7,0x00A7,0x00A7,0x00A7,0x00A7,0x0087,0x0087,
0x0086,0x0086,0x0086,0x0086,0x0086,0x0086,0x0086,0x0086,0x0086,0x0086,0x0086,0x0066,0x0066,0x0066,0x0066,0x0066,
0x0066,0x0066,0x0066,0x0066,0x0066,0x0066,0x0066,0x0066,0x0066,0x0066,0x0066,0x0066,0x0045,0x0045,0x0045,0x0045,
0x0045,0x0045,0x0045,0x0045,0x0045,0x0045,0x0045,0x0045,0x0045,0x0045,0x0045,0x0045,0x0025,0x0025,0x0025,0x0025,
0x0025,0x0024,0x0024,0x0024,0x0024,0x0024,0x0024,0x0024,0x0024,0x0024,0x0004,0x0004,0x0004,0x0004,0x0004,0x0004,
0x0004,0x0004,0x0004,0x0004,0x0004,0x0004,0x0004,0x0004,0x0004,0x0004,0x0004,0x0004,0x0004,0x0004,0x0004,0x0004,
0x0004,0x0004,0x0004,0x0004,0x0004,0x0004,0x0004,0x0004,0x0004,0x0004,0x0004,0x0004,0x0004,0x0004,0x0004,0x0004,
0x0004,0x0004,0x0004,0x0004,0x0004,0x0004,0x0004,0x0004,0x0004,0x0004,0x0004,0x0004,0x0004,0x0004,0x0004,0x0004,
0x0866,0x0866,0x0886,0x0886,0x0886,0x0886,0x0886,0x0886,0x0886,0x0886,0x0886,0x0886,0x0886,0x0886,0x0886,0x0886,
0x0886,0x0886,0x0886,0x0886,0x0886,0x08A7,0x08A7,0x08A7,0x08A7,0x08A7,0x08A7,0x08A7,0x08A7,0x08A7,0x08A7,0x08A7,
0x08A7,0x08A7,0x08A7,0x08A7,0x08A7,0x08A7,0x08A7,0x08C7,0x08C7,0x08C7,0x08C7,0x08C7,0x08C7,0x08C7,0x08C7,0x08C7,
0x08C7,0x00C8,0x08C8,0x08C8,0x08C8,0x08C8,0x08C8,0x08C8,0x08C8,0x08C8,0x08C8,0x08C8,0x08C8,0x08C8,0x08C8,0x08C8,
0x08C8,0x08C8,0x08C8,0x08C8,0x08C8,0x08C8,0x08C8,0x08C8,0x08C8,0x00C8,0x00C8,0x00C8,0x00C8,0x00C8,0x00C8,0x00C8,
0x00C8,0x00C8,0x00C8,0x00C8,0x00C8,0x00C8,0x00C8,0x00C8,0x00C8,0x00C8,0x00C8,0x00C8,0x00C8,0x00C8,0x00C8,0x00C8,
0x00C8,0x00C8,0x00C8,0x00C8,0x00C8,0x00A8,0x00A8,0x00A8,0x00A8,0x00A8,0x00A7,0x00A7,0x00A7,0x00A7,0x00A7,0x00A7,
0x00A7,0x00A7,0x00A7,0x00A7,0x00A7,0x00A7,0x00A7,0x00A7,0x00A7,0x00A7,0x00A7,0x00A7,0x00A7,0x0087,0x0087,0x0087,
0x0086,0x0086,0x0086,0x0086,0x0086,0x0086,0x0086,0x0086,0x0086,0x0086,0x0066,0x0066,0x0066,0x0066,0x0066,0x0066,
0x0066,0x0066,0x0066,0x0066,0x0066,0x0066,0x0066,0x0066,0x0066,0x0066,0x0066,0x0066,0x0045,0x0045,0x0045,0x0045,
0x0045,0x0045,0x0045,0x0045,0x0045,0x0045,0x0045,0x0045,0x0045,0x0045,0x0045,0x0025,0x0025,0x0025,0x0025,0x0025,
0x0024,0x0024,0x0024,0x0024,0x0024,0x0024,0x0024,0x0024,0x0024,0x0024,0x0004,0x0004,0x0004,0x0004,0x0004,0x0004,
0x0004,0x0004,0x0004,0x0004,0x0004,0x0004,0x0004,0x0004,0x0004,0x0004,0x0004,0x0004,0x0004,0x0004,0x0004,0x0004,
0x0004,0x0004,0x0004,0x0004,0x0004,0x0004,0x0004,0x0004,0x0004,0x0004,0x0004,0x0004,0x0004,0x0004,0x0004,0x0004,
0x0004,0x0004,0x0004,0x0004,0x0004,0x0004,0x0004,0x0004,0x0004,0x0004,0x0004,0x0004,0x0004,0x0004,0x0004,0x0004,
0x0866,0x0866,0x0866,0x0866,0x0866,0x0866,0x0886,0x0886,0x0886,0x0886,0x0886,0x0886,0x0886,0x0886,0x0886,0x0886,
0x0886,0x0886,0x0886,0x0886,0x0886,0x0886,0x08A7,0x08A7,0x08A7,0x00A6,0x08A7,0x08A7,0x08A7,0x08A7,0x00A7,0x08A7,
0x08A7,0x08A7,0x08A7,0x08A7,0x08A7,0x08A7,0x08A7,0x08A7,0x08A7,0x08A7,0x08A7,0x08A7,0x08C7,0x08C7,0x08C7,0x08C7,
0x08C7,0x08C7,0x00C8,0x00C8,0x00C8,0x00C8,0x00C8,0x00C8,0x00C8,0x00C8,0x00C8,0x00C8,0x00C8,0x00C8,0x00C8,0x00C8,
0x00C8,0x00C8,0x00C8,0x00C8,0x00C8,0x00C8,0x00C8,0x00C8,0x00C8,0x00C8,0x00C8,0x00C8,0x00C8,0x00C8,0x00C8,0x00C8,
0x00C8,0x00C8,0x00C8,0x00C8,0x00C8,0x00C8,0x00C8,0x00C8,0x00C8,0x00C8,0x00C8,0x00C8,0x00C8,0x00C8,0x00C8,0x00A8,
0x00A8,0x00A8,0x00A7,0x00A7,0x00A7,0x00A8,0x00A8,0x00A8,0x00A7,0x00A7,0x00A7,0x00A7,0x00A7,0x00A7,0x00A7,0x00A7,
0x00A7,0x00A7,0x00A7,0x00A7,0x00A7,0x00A7,0x00A7,0x00A7,0x00A7,0x00A7,0x00A7,0x00A7,0x0087,0x0087,0x0087,0x0087,
0x0086,0x0086,0x0086,0x0086,0x0086,0x0086,0x0086,0x0086,0x0086,0x0086,0x0066,0x0066,0x0066,0x0066,0x0066,0x0066,
0x0066,0x0066,0x0066,0x0066,0x0066,0x0066,0x0066,0x0066,0x0066,0x0066,0x0066,0x0045,0x0045,0x0045,0x0045,0x0045,
0x0045,0x0045,0x0045,0x0045,0x0045,0x0045,0x0045,0x0045,0x0045,0x0045,0x0045,0x0025,0x0025,0x0025,0x0025,0x0024,
0x0024,0x0024,0x0024,0x0024,0x0024,0x0024,0x0024,0x0024,0x0024,0x0024,0x0004,0x0004,0x0004,0x0004,0x0004,0x0004,
0x0004,0x0004,0x0004,0x0004,0x0004,0x0004,0x0004,0x0004,0x0004,0x0004,0x0004,0x0004,0x0004,0x0004,0x0004,0x0004,
0x0004,0x0004,0x0004,0x0004,0x0004,0x0004,0x0004,0x0004,0x0004,0x0004,0x0004,0x0004,0x0004,0x0004,0x0004,0x0004,
0x0004,0x0004,0x0004,0x0004,0x0004,0x0004,0x0004,0x0004,0x0004,0x0004,0x0004,0x0004,0x0004,0x0004,0x0004,0x0004,
0x0866,0x0866,0x0866,0x0866,0x0866,0x0866,0x0865,0x0865,0x0865,0x0866,0x0866,0x0866,0x0886,0x0886,0x0886,0x0886,
0x0886,0x0886,0x0886,0x0886,0x0886,0x0886,0x0886,0x0886,0x0886,0x00A6,0x00A6,0x00A6,0x08A7,0x08A7,0x00A7,0x00A7,
0x00A7,0x08A7,0x08A7,0x08A7,0x08A7,0x08A7,0x08A7,0x08A7,0x08A7,0x08A7,0x08A7,0x08A7,0x08A7,0x08A7,0x08A7,0x08A7,
0x08A7,0x08A7,0x00A8,0x00C8,0x00C8,0x00C8,0x00C8,0x00C8,0x00C8,0x00C8,0x00C8,0x00C8,0x00C8,0x00C8,0x00C8,0x00C8,
0x00C8,0x00C8,0x00C8,0x00C8,0x00C8,0x00C8,0x00C8,0x00C8,0x00C8,0x00C8,0x00C8,0x00C8,0x00C8,0x00C8,0x00C8,0x00C8,
0x00C8,0x00C8,0x00C8,0x00C8,0x00C8,0x00C8,0x00C8,0x00C8,0x00C8,0x00C8,0x00C8,0x00C8,0x00C8,0x00C8,0x00A8,0x00A8,
0x00A8,0x00A8,0x00A7,0x00A7,0x00A7,0x00A7,0x00A7,0x00A7,0x00A7,0x00A7,0x00A7,0x00A7,0x00A7,0x00A7,0x00A7,0x00A7,
0x00A7,0x00A7,0x00A7,0x00A7,0x00A7,0x00A7,0x00A7,0x00A7,0x00A7,0x00A7,0x00A7,0x0087,0x0087,0x0087,0x0087,0x0086,
0x0086,0x0086,0x0086,0x0086,0x0086,0x0086,0x0086,0x0086,0x0066,0x0066,0x0066,0x0066,0x0066,0x0066,0x0066,0x0066,
0x0066,0x0066,0x0066,0x0066,0x0066,0x0066,0x0046,0x0046,0x0045,0x0045,0x0045,0x0045,0x0045,0x0045,0x0045,0x0045,
0x0045,0x0045,0x0045,0x0045,0x0045,0x0045,0x0045,0x0045,0x0025,0x0025,0x0025,0x0025,0x0025,0x0025,0x0025,0x0024,
0x0024,0x0024,0x0024,0x0024,0x0024,0x0024,0x0024,0x0024,0x0024,0x0024,0x0004,0x0004,0x0004,0x0004,0x0004,0x0004,
0x0004,0x0004,0x0004,0x0004,0x0004,0x0004,0x0004,0x0004,0x0004,0x0004,0x0004,0x0004,0x0004,0x0004,0x0004,0x0004,
0x0004,0x0004,0x0004,0x0004,0x0004,0x0004,0x0004,0x0004,0x0004,0x0004,0x0004,0x0004,0x0004,0x0004,0x0004,0x0004,
0x0004,0x0004,0x0004,0x0004,0x0004,0x0004,0x0004,0x0004,0x0004,0x0004,0x0004,0x0004,0x0004,0x0004,0x0004,0x0004,
0x0866,0x0866,0x0866,0x0866,0x0866,0x0865,0x0865,0x0865,0x0865,0x0866,0x0866,0x0866,0x0866,0x0886,0x0886,0x0886,
0x0886,0x0886,0x0886,0x0886,0x0886,0x0886,0x0886,0x0886,0x0886,0x00A6,0x00A6,0x00A6,0x00A6,0x08A7,0x00A7,0x00A7,
0x00A7,0x00A7,0x00A7,0x00A7,0x00A7,0x08A7,0x08A7,0x08A7,0x08A7,0x08A7,0x08A7,0x08A7,0x08A7,0x08A7,0x08A7,0x08A7,
0x08A7,0x08A7,0x08A7,0x00C7,0x00C7,0x00C7,0x00C7,0x00C8,0x00C8,0x00C8,0x00C8,0x00C8,0x00C8,0x00C8,0x00C8,0x00C8,
0x00C8,0x00C8,0x00C8,0x00C8,0x00C8,0x00C8,0x00C8,0x00C8,0x00C8,0x00C8,0x00C8,0x00C8,0x00C8,0x00C8,0x00C8,0x00C8,
0x00C8,0x00C8,0x00C8,0x00C8,0x00C8,0x00C8,0x00C8,0x00C8,0x00C8,0x00C8,0x00C8,0x00C8,0x00C8,0x00A8,0x00A8,0x00A7,
0x00A7,0x00A7,0x00A7,0x00A7,0x00A7,0x00A7,0x00A7,0x00A7,0x00A7,0x00A7,0x00A7,0x00A7,0x00A7,0x00A7,0x00A7,0x00A7,
0x00A7,0x00A7,0x00A7,0x00A7,0x00A7,0x00A7,0x00A7,0x00A7,0x00A7,0x0087,0x0087,0x0087,0x0087,0x0087,0x0087,0x0086,
0x0086,0x0086,0x0086,0x0086,0x0086,0x0086,0x0086,0x0086,0x0066,0x0066,0x0066,0x0066,0x0066,0x0066,0x0066,0x0066,
0x0066,0x0066,0x0066,0x0066,0x0066,0x0066,0x0046,0x0046,0x0045,0x0045,0x0045,0x0045,0x0045,0x0045,0x0045,0x0045,
0x0045,0x0045,0x0045,0x0045,0x0045,0x0045,0x0045,0x0045,0x0025,0x0025,0x0025,0x0025,0x0025,0x0025,0x0024,0x0024,
0x0024,0x0024,0x0024,0x0024,0x0024,0x0024,0x0024,0x0024,0x0024,0x0024,0x0004,0x0004,0x0004,0x0004,0x0004,0x0004,
0x0004,0x0004,0x0004,0x0004,0x0004,0x0004,0x0004,0x0004,0x0004,0x0004,0x0004,0x0004,0x0004,0x0004,0x0004,0x0004,
0x0004,0x0004,0x0004,0x0004,0x0004,0x0004,0x0004,0x0004,0x0004,0x0004,0x0004,0x0004,0x0004,0x0004,0x0004,0x0004,
0x0004,0x0004,0x0004,0x0004,0x0004,0x0004,0x0004,0x0004,0x0004,0x0004,0x0004,0x0004,0x0004,0x0004,0x0004,0x0004,
0x0865,0x0865,0x0866,0x0865,0x0865,0x0866,0x0865,0x0865,0x0866,0x0866,0x0866,0x0866,0x0886,0x0086,0x0086,0x0086,
0x0086,0x0086,0x0086,0x0086,0x0086,0x0886,0x0886,0x0886,0x0886,0x0086,0x0886,0x0886,0x0886,0x00A6,0x00A6,0x00A6,
0x00A6,0x00A6,0x00A6,0x00A6,0x00A6,0x00A7,0x00A7,0x00A7,0x00A7,0x00A7,0x00A7,0x00A7,0x00A7,0x00A7,0x00A7,0x00A7,
0x00A7,0x00A7,0x00A7,0x00A7,0x00A7,0x00A7,0x00A7,0x00A7,0x00C7,0x00C7,0x00C7,0x00C8,0x00C8,0x00C8,0x00A8,0x00A8,
0x00A8,0x00A8,0x00A8,0x00A8,0x00A8,0x00C8,0x00C8,0x00C8,0x00C8,0x00C8,0x00C8,0x00C8,0x00C8,0x00C8,0x00C8,0x00C8,
0x00C8,0x00C8,0x00C8,0x00C8,0x00C8,0x00C8,0x00C8,0x00A7,0x00A7,0x00A7,0x00A7,0x00A7,0x00A7,0x00A7,0x00A7,0x00A7,
0x00A7,0x00A7,0x00A7,0x00A7,0x00A7,0x00A7,0x00A7,0x00A7,0x00A7,0x00A7,0x00A7,0x00A7,0x00A7,0x00A7,0x00A7,0x00A7,
0x00A7,0x00A7,0x00A7,0x00A7,0x00A7,0x00A7,0x0087,0x0087,0x0087,0x0087,0x0087,0x0087,0x0087,0x0087,0x0086,0x0086,
0x0086,0x0086,0x0086,0x0086,0x0086,0x0066,0x0066,0x0066,0x0066,0x0066,0x0066,0x0066,0x0066,0x0066,0x0066,0x0066,
0x0066,0x0066,0x0066,0x0045,0x0045,0x0045,0x0045,0x0045,0x0045,0x0045,0x0045,0x0045,0x0045,0x0045,0x0045,0x0045,
0x0045,0x0045,0x0045,0x0045,0x0045,0x0045,0x0045,0x0045,0x0025,0x0024,0x0024,0x0024,0x0024,0x0024,0x0024,0x0024,
0x0024,0x0024,0x0024,0x0024,0x0024,0x0024,0x0024,0x0024,0x0024,0x0004,0x0004,0x0004,0x0004,0x0004,0x0004,0x0004,
0x0004,0x0004,0x0004,0x0004,0x0004,0x0004,0x0004,0x0004,0x0004,0x0004,0x0004,0x0004,0x0004,0x0004,0x0004,0x0004,
0x0004,0x0004,0x0004,0x0004,0x0004,0x0004,0x0004,0x0004,0x0004,0x0004,0x0004,0x0004,0x0004,0x0004,0x0004,0x0004,
0x0004,0x0004,0x0004,0x0004,0x0004,0x0004,0x0004,0x0004,0x0004,0x0004,0x0004,0x0004,0x0004,0x0004,0x0004,0x0004,
0x0865,0x0865,0x0865,0x0865,0x0865,0x0866,0x0866,0x0866,0x0866,0x0866,0x0866,0x0866,0x0086,0x0086,0x0086,0x0086,
0x0086,0x0086,0x0086,0x0086,0x0086,0x0086,0x0886,0x0886,0x0886,0x0886,0x0886,0x0886,0x0886,0x00A6,0x00A6,0x00A6,
0x00A6,0x00A6,0x00A6,0x00A6,0x00A6,0x00A7,0x00A7,0x00A7,0x00A7,0x00A7,0x00A7,0x00A7,0x00A7,0x00A7,0x00A7,0x00A7,
0x00A7,0x00A7,0x00A7,0x00A7,0x00A7,0x00A7,0x00A7,0x00A7,0x00A7,0x00A7,0x00A7,0x00A7,0x00C7,0x00C7,0x00A8,0x00A8,
0x00A8,0x00C8,0x00A8,0x00A8,0x00A8,0x00C8,0x00C8,0x00C8,0x00C7,0x00C7,0x00C7,0x00C7,0x00C7,0x00C7,0x00C7,0x00C7,
0x00C7,0x00C7,0x00C7,0x00C7,0x00C7,0x00C7,0x00C7,0x00A7,0x00A7,0x00A7,0x00A7,0x00A7,0x00A7,0x00A7,0x00A7,0x00A7,
0x00A7,0x00A7,0x00A7,0x00A7,0x00A7,0x00A7,0x00A7,0x00A7,0x00A7,0x00A7,0x00A7,0x00A7,0x00A7,0x00A7,0x00A7,0x00A7,
0x00A7,0x00A7,0x00A7,0x00A7,0x00A7,0x00A7,0x0087,0x0086,0x0087,0x0086,0x0086,0x0086,0x0086,0x0086,0x0086,0x0086,
0x0086,0x0086,0x0086,0x0066,0x0066,0x0066,0x0066,0x0066,0x0066,0x0066,0x0066,0x0066,0x0066,0x0066,0x0066,0x0066,
0x0066,0x0066,0x0066,0x0045,0x0045,0x0045,0x0045,0x0045,0x0045,0x0045,0x0045,0x0045,0x0045,0x0045,0x0045,0x0045,
0x0045,0x0045,0x0045,0x0045,0x0045,0x0045,0x0045,0x0045,0x0025,0x0024,0x0024,0x0024,0x0024,0x0024,0x0024,0x0024,
0x0024,0x0024,0x0024,0x0024,0x0024,0x0024,0x0024,0x0024,0x0024,0x0004,0x0004,0x0004,0x0004,0x0004,0x0004,0x0004,
0x0004,0x0004,0x0004,0x0004,0x0004,0x0004,0x0004,0x0004,0x0004,0x0004,0x0004,0x0004,0x0004,0x0004,0x0004,0x0004,
0x0004,0x0004,0x0004,0x0004,0x0004,0x0004,0x0004,0x0004,0x0004,0x0004,0x0004,0x0004,0x0004,0x0004,0x0004,0x0004,
0x0004,0x0004,0x0004,0x0004,0x0004,0x0004,0x0004,0x0004,0x0004,0x0004,0x0004,0x0004,0x0004,0x0004,0x0004,0x0004,
0x0065,0x0865,0x0865,0x0865,0x0065,0x0866,0x0866,0x0866,0x0866,0x0866,0x0866,0x0066,0x0066,0x0066,0x0086,0x0086,
0x0086,0x0086,0x0086,0x0086,0x0086,0x0086,0x0086,0x0086,0x0086,0x0086,0x0086,0x0886,0x0886,0x0086,0x0086,0x0086,
0x0086,0x0086,0x0086,0x0086,0x0086,0x00A6,0x00A6,0x00A6,0x00A6,0x00A7,0x00A7,0x00A7,0x00A7,0x00A7,0x00A7,0x00A7,
0x00A7,0x00A7,0x00A7,0x00A7,0x00A7,0x00A7,0x00A7,0x00A7,0x00A7,0x00A7,0x00A7,0x00A7,0x00A7,0x00A7,0x00A7,0x00A7,
0x00A7,0x00A7,0x00A7,0x00A7,0x00A7,0x00A7,0x00A7,0x00A7,0x00A7,0x00A7,0x00A7,0x00A7,0x00A7,0x00A7,0x00A7,0x00A7,
0x00A7,0x00A7,0x00A7,0x00A7,0x00A7,0x00A7,0x00A7,0x00A7,0x00A7,0x00A7,0x00A7,0x00A7,0x00A7,0x00A7,0x00A7,0x00A7,
0x00A7,0x00A7,0x00A7,0x00A7,0x00A7,0x00A7,0x00A7,0x00A7,0x00A7,0x00A7,0x00A7,0x00A7,0x00A7,0x00A7,0x00A7,0x00A7,
0x0087,0x0087,0x0087,0x0087,0x0087,0x0087,0x0087,0x0086,0x0086,0x0086,0x0086,0x0086,0x0086,0x0086,0x0086,0x0086,
0x0086,0x0086,0x0066,0x0066,0x0066,0x0066,0x0066,0x0066,0x0066,0x0066,0x0066,0x0066,0x0066,0x0066,0x0066,0x0066,
0x0066,0x0066,0x0045,0x0045,0x0045,0x0045,0x0045,0x0045,0x0045,0x0045,0x0045,0x0045,0x0045,0x0045,0x0045,0x0045,
0x0045,0x0045,0x0045,0x0045,0x0045,0x0045,0x0045,0x0045,0x0025,0x0024,0x0024,0x0024,0x0024,0x0024,0x0024,0x0024,
0x0024,0x0024,0x0024,0x0024,0x0024,0x0024,0x0024,0x0024,0x0024,0x0004,0x0004,0x0004,0x0004,0x0004,0x0004,0x0004,
0x0004,0x0004,0x0004,0x0004,0x0004,0x0004,0x0004,0x0004,0x0004,0x0004,0x0004,0x0004,0x0004,0x0004,0x0004,0x0004,
0x0004,0x0004,0x0004,0x0004,0x0004,0x0004,0x0004,0x0004,0x0004,0x0004,0x0004,0x0004,0x0004,0x0004,0x0004,0x0004,
0x0004,0x0004,0x0004,0x0004,0x0004,0x0004,0x0004,0x0004,0x0004,0x0004,0x0004,0x0004,0x0004,0x0004,0x0004,0x0004,
0x0065,0x0065,0x0065,0x0065,0x0065,0x0065,0x0065,0x0065,0x0065,0x0065,0x0065,0x0065,0x0066,0x0066,0x0066,0x0066,
0x0066,0x0086,0x0086,0x0086,0x0086,0x0066,0x0086,0x0086,0x0086,0x0086,0x0086,0x0086,0x0086,0x0086,0x0086,0x0086,
0x0086,0x0086,0x0086,0x0086,0x0086,0x0086,0x00A6,0x00A6,0x00A6,0x00A6,0x00A6,0x00A6,0x00A6,0x00A6,0x00A7,0x00A7,
0x00A7,0x00A7,0x00A7,0x00A7,0x00A7,0x00A7,0x00A7,0x00A7,0x00A7,0x00A7,0x00A7,0x00A7,0x00A7,0x00A7,0x00A7,0x00A7,
0x00A7,0x00A7,0x00A7,0x00A7,0x00A7,0x00A7,0x00A7,0x00A7,0x00A7,0x00A7,0x00A7,0x00A7,0x00A7,0x00A7,0x00A7,0x00A7,
0x00A7,0x00A7,0x00A7,0x00A7,0x00A7,0x00A7,0x00A7,0x00A7,0x00A7,0x00A7,0x00A7,0x00A7,0x00A7,0x00A7,0x00A7,0x00A7,
0x00A7,0x00A7,0x00A7,0x00A7,0x00A7,0x00A7,0x00A7,0x0087,0x0087,0x0087,0x0087,0x0087,0x0087,0x0087,0x0087,0x0087,
0x0086,0x0086,0x0086,0x0086,0x0086,0x0086,0x0086,0x0086,0x0086,0x0086,0x0086,0x0086,0x0086,0x0066,0x0066,0x0066,
0x0066,0x0066,0x0066,0x0066,0x0066,0x0066,0x0066,0x0066,0x0066,0x0066,0x0066,0x0066,0x0066,0x0066,0x0066,0x0066,
0x0066,0x0045,0x0045,0x0045,0x0045,0x0045,0x0045,0x0045,0x0045,0x0045,0x0045,0x0045,0x0045,0x0045,0x0045,0x0045,
0x0045,0x0025,0x0025,0x0025,0x0025,0x0025,0x0025,0x0025,0x0025,0x0024,0x0024,0x0024,0x0024,0x0024,0x0024,0x0024,
0x0024,0x0024,0x0024,0x0024,0x0024,0x0024,0x0024,0x0024,0x0024,0x0004,0x0004,0x0004,0x0004,0x0004,0x0004,0x0004,
0x0004,0x0004,0x0004,0x0004,0x0004,0x0004,0x0004,0x0004,0x0004,0x0004,0x0004,0x0004,0x0004,0x0004,0x0004,0x0004,
0x0004,0x0004,0x0004,0x0004,0x0004,0x0004,0x0004,0x0004,0x0004,0x0004,0x0004,0x0004,0x0004,0x0004,0x0004,0x0004,
0x0004,0x0004,0x0004,0x0004,0x0004,0x0004,0x0004,0x0004,0x0004,0x0004,0x0004,0x0004,0x0004,0x0004,0x0004,0x0004,
0x0065,0x0065,0x0065,0x0065,0x0065,0x0065,0x0065,0x0065,0x0065,0x0065,0x0065,0x0065,0x0065,0x0065,0x0065,0x0065,
0x0065,0x0086,0x0086,0x0086,0x0086,0x0066,0x0066,0x0086,0x0086,0x0086,0x0086,0x0086,0x0086,0x0086,0x0086,0x0086,
0x0086,0x0086,0x0086,0x0086,0x0086,0x0086,0x00A6,0x00A6,0x00A6,0x00A6,0x00A6,0x00A6,0x00A6,0x00A6,0x00A6,0x00A6,
0x00A7,0x00A7,0x00A7,0x00A7,0x00A7,0x00A7,0x00A7,0x00A7,0x00A7,0x00A7,0x00A7,0x00A7,0x00A7,0x00A7,0x00A7,0x00A7,
0x00A7,0x00A7,0x00A7,0x00A7,0x00A7,0x00A7,0x00A7,0x00A7,0x00A7,0x00A7,0x00A7,0x00A7,0x00A7,0x00A7,0x00A7,0x00A7,
0x00A7,0x00A7,0x00A7,0x00A7,0x00A7,0x00A7,0x00A7,0x00A7,0x00A7,0x00A7,0x00A7,0x00A7,0x00A7,0x00A7,0x00A7,0x00A7,
0x00A7,0x00A7,0x00A7,0x00A7,0x00A7,0x00A7,0x00A7,0x0087,0x0087,0x0087,0x0087,0x0087,0x0087,0x0087,0x0087,0x0087,
0x0086,0x0086,0x0086,0x0086,0x0086,0x0086,0x0086,0x0086,0x0086,0x0086,0x0086,0x0086,0x0066,0x0066,0x0066,0x0066,
0x0066,0x0066,0x0066,0x0066,0x0066,0x0066,0x0066,0x0066,0x0066,0x0066,0x0066,0x0066,0x0066,0x0066,0x0066,0x0066,
0x0066,0x0045,0x0045,0x0045,0x0045,0x0045,0x0045,0x0045,0x0045,0x0045,0x0045,0x0045,0x0045,0x0045,0x0045,0x0045,
0x0045,0x0025,0x0025,0x0025,0x0025,0x0025,0x0025,0x0025,0x0024,0x0024,0x0024,0x0024,0x0024,0x0024,0x0024,0x0024,
0x0024,0x0024,0x0024,0x0024,0x0024,0x0024,0x0024,0x0024,0x0024,0x0004,0x0004,0x0004,0x0004,0x0004,0x0004,0x0004,
0x0004,0x0004,0x0004,0x0004,0x0004,0x0004,0x0004,0x0004,0x0004,0x0004,0x0004,0x0004,0x0004,0x0004,0x0004,0x0004,
0x0004,0x0004,0x0004,0x0004,0x0004,0x0004,0x0004,0x0004,0x0004,0x0004,0x0004,0x0004,0x0004,0x0004,0x0004,0x0004,
0x0004,0x0004,0x0004,0x0004,0x0004,0x0004,0x0004,0x0004,0x0004,0x0004,0x0004,0x0004,0x0004,0x0004,0x0004,0x0004,
0x0045,0x0045,0x0065,0x0065,0x0045,0x0045,0x0045,0x0065,0x0065,0x0065,0x0065,0x0065,0x0065,0x0065,0x0065,0x0065,
0x0065,0x0065,0x0065,0x0065,0x0065,0x0066,0x0066,0x0066,0x0066,0x0086,0x0086,0x0086,0x0086,0x0086,0x0086,0x0086,
0x0086,0x0086,0x0086,0x0086,0x0086,0x0086,0x0086,0x0086,0x0086,0x00A6,0x00A6,0x00A6,0x00A6,0x00A6,0x00A6,0x00A6,
0x00A6,0x00A6,0x00A6,0x00A6,0x00A6,0x00A6,0x00A6,0x00A6,0x00A6,0x00A6,0x00A6,0x00A7,0x00A7,0x00A7,0x00A7,0x00A7,
0x00A7,0x00A7,0x00A7,0x00A7,0x00A7,0x00A7,0x00A7,0x00A7,0x00A7,0x00A7,0x00A7,0x00A7,0x00A7,0x00A7,0x00A7,0x00A7,
0x00A7,0x00A7,0x00A7,0x00A7,0x00A7,0x00A7,0x00A7,0x00A7,0x00A7,0x00A7,0x00A7,0x00A7,0x00A7,0x00A7,0x00A7,0x00A7,
0x00A7,0x0087,0x0087,0x0087,0x0087,0x0087,0x0087,0x0087,0x0087,0x0087,0x0087,0x0087,0x0087,0x0087,0x0087,0x0086,
0x0086,0x0086,0x0086,0x0086,0x0086,0x0086,0x0086,0x0086,0x0066,0x0066,0x0066,0x0066,0x0066,0x0066,0x0066,0x0066,
0x0066,0x0066,0x0066,0x0066,0x0066,0x0066,0x0066,0x0066,0x0066,0x0066,0x0066,0x0066,0x0066,0x0066,0x0045,0x0045,
0x0045,0x0045,0x0045,0x0045,0x0045,0x0045,0x0045,0x0045,0x0045,0x0045,0x0045,0x0045,0x0045,0x0045,0x0045,0x0045,
0x0025,0x0025,0x0025,0x0025,0x0025,0x0025,0x0025,0x0025,0x0024,0x0024,0x0024,0x0024,0x0024,0x0024,0x0024,0x0024,
0x0024,0x0024,0x0024,0x0024,0x0024,0x0024,0x0024,0x0024,0x0024,0x0004,0x0004,0x0004,0x0004,0x0004,0x0004,0x0004,
0x0004,0x0004,0x0004,0x0004,0x0004,0x0004,0x0004,0x0004,0x0004,0x0004,0x0004,0x0004,0x0004,0x0004,0x0004,0x0004,
0x0004,0x0004,0x0004,0x0004,0x0004,0x0004,0x0004,0x0004,0x0004,0x0004,0x0004,0x0004,0x0004,0x0004,0x0004,0x0004,
0x0004,0x0004,0x0004,0x0004,0x0004,0x0004,0x0004,0x0004,0x0004,0x0004,0x0004,0x0004,0x0004,0x0004,0x0004,0x0004,
0x0045,0x0045,0x0045,0x0045,0x0045,0x0045,0x0045,0x0045,0x0045,0x0045,0x0065,0x0065,0x0065,0x0065,0x0065,0x0065,
0x0065,0x0065,0x0065,0x0065,0x0065,0x0066,0x0066,0x0066,0x0066,0x0086,0x0086,0x0086,0x0086,0x0086,0x0086,0x0086,
0x0086,0x0086,0x0086,0x0086,0x0086,0x0086,0x0086,0x0086,0x0086,0x0086,0x0086,0x0086,0x0086,0x0086,0x0086,0x0086,
0x00A6,0x00A6,0x00A6,0x00A6,0x00A6,0x00A6,0x00A6,0x00A6,0x00A6,0x00A6,0x00A6,0x00A7,0x00A7,0x00A7,0x00A7,0x00A7,
0x00A7,0x00A7,0x00A7,0x00A7,0x00A7,0x00A7,0x00A7,0x00A7,0x00A7,0x00A7,0x00A7,0x00A7,0x00A7,0x00A7,0x00A7,0x00A7,
0x00A7,0x00A7,0x00A7,0x00A7,0x00A7,0x00A7,0x00A7,0x00A7,0x00A7,0x0087,0x00A7,0x00A7,0x00A7,0x00A7,0x00A7,0x00A7,
0x00A7,0x0086,0x0086,0x0086,0x0086,0x0086,0x0086,0x0087,0x0087,0x0087,0x0087,0x0087,0x0087,0x0087,0x0087,0x0086,
0x0086,0x0086,0x0086,0x0086,0x0086,0x0086,0x0086,0x0066,0x0066,0x0066,0x0066,0x0066,0x0066,0x0066,0x0066,0x0066,
0x0066,0x0066,0x0066,0x0066,0x0066,0x0066,0x0066,0x0066,0x0066,0x0066,0x0066,0x0066,0x0066,0x0066,0x0045,0x0045,
0x0045,0x0045,0x0045,0x0045,0x0045,0x0045,0x0045,0x0045,0x0045,0x0045,0x0045,0x0045,0x0045,0x0045,0x0045,0x0025,
0x0025,0x0025,0x0025,0x0025,0x0025,0x0025,0x0025,0x0025,0x0024,0x0024,0x0024,0x0024,0x0024,0x0024,0x0024,0x0024,
0x0024,0x0024,0x0024,0x0024,0x0024,0x0024,0x0024,0x0024,0x0024,0x0004,0x0004,0x0004,0x0004,0x0004,0x0004,0x0004,
0x0004,0x0004,0x0004,0x0004,0x0004,0x0004,0x0004,0x0004,0x0004,0x0004,0x0004,0x0004,0x0004,0x0004,0x0004,0x0004,
0x0004,0x0004,0x0004,0x0004,0x0004,0x0004,0x0004,0x0004,0x0004,0x0004,0x0004,0x0004,0x0004,0x0004,0x0004,0x0004,
0x0004,0x0004,0x0004,0x0004,0x0004,0x0004,0x0004,0x0004,0x0004,0x0004,0x0004,0x0004,0x0004,0x0004,0x0004,0x0004,
0x0045,0x0045,0x0045,0x0045,0x0045,0x0045,0x0045,0x0045,0x0045,0x0045,0x0045,0x0045,0x0065,0x0065,0x0065,0x0065,
0x0065,0x0065,0x0065,0x0065,0x0065,0x0066,0x0066,0x0066,0x0066,0x0066,0x0066,0x0086,0x0086,0x0086,0x0086,0x0086,
0x0086,0x0086,0x0086,0x0086,0x0086,0x0086,0x0086,0x0086,0x0086,0x0086,0x0086,0x0086,0x0086,0x0086,0x0086,0x0086,
0x0086,0x0086,0x0086,0x0086,0x0086,0x0086,0x0086,0x0086,0x0086,0x0086,0x0086,0x0087,0x00A7,0x00A7,0x00A7,0x00A7,
0x00A7,0x00A7,0x00A7,0x00A7,0x00A7,0x00A7,0x00A7,0x00A7,0x00A7,0x00A7,0x00A7,0x00A7,0x00A7,0x00A7,0x00A7,0x00A7,
0x00A7,0x00A7,0x00A7,0x00A7,0x00A7,0x00A7,0x00A7,0x0087,0x0087,0x0087,0x0086,0x0086,0x0086,0x0086,0x0086,0x0086,
0x0086,0x0086,0x0086,0x0086,0x0086,0x0086,0x0086,0x0087,0x0087,0x0087,0x0087,0x0087,0x0087,0x0087,0x0087,0x0086,
0x0086,0x0086,0x0086,0x0086,0x0086,0x0086,0x0086,0x0086,0x0086,0x0066,0x0066,0x0066,0x0066,0x0066,0x0066,0x0066,
0x0066,0x0066,0x0066,0x0066,0x0066,0x0066,0x0066,0x0066,0x0065,0x0065,0x0065,0x0065,0x0045,0x0045,0x0045,0x0045,
0x0045,0x0045,0x0045,0x0045,0x0045,0x0045,0x0045,0x0045,0x0045,0x0045,0x0045,0x0045,0x0045,0x0045,0x0025,0x0025,
0x0025,0x0025,0x0025,0x0025,0x0025,0x0025,0x0025,0x0025,0x0024,0x0024,0x0024,0x0024,0x0024,0x0024,0x0024,0x0024,
0x0024,0x0024,0x0024,0x0024,0x0024,0x0024,0x0024,0x0024,0x0024,0x0004,0x0004,0x0004,0x0004,0x0004,0x0004,0x0004,
0x0004,0x0004,0x0004,0x0004,0x0004,0x0004,0x0004,0x0004,0x0004,0x0004,0x0004,0x0004,0x0004,0x0004,0x0004,0x0004,
0x0004,0x0004,0x0004,0x0004,0x0004,0x0004,0x0004,0x0004,0x0004,0x0004,0x0004,0x0004,0x0004,0x0004,0x0004,0x0004,
0x0004,0x0004,0x0004,0x0004,0x0004,0x0004,0x0004,0x0004,0x0004,0x0004,0x0004,0x0004,0x0004,0x0004,0x0004,0x0004,
0x0045,0x0045,0x0045,0x0045,0x0045,0x0045,0x0045,0x0045,0x0045,0x0045,0x0045,0x0045,0x0065,0x0065,0x0065,0x0065,
0x0065,0x0065,0x0065,0x0065,0x0065,0x0066,0x0066,0x0066,0x0066,0x0066,0x0066,0x0086,0x0086,0x0086,0x0086,0x0086,
0x0086,0x0086,0x0086,0x0086,0x0086,0x0086,0x0086,0x0086,0x0086,0x0086,0x0086,0x0086,0x0086,0x0086,0x0086,0x0086,
0x0086,0x0086,0x0086,0x0086,0x0086,0x0086,0x0086,0x0086,0x0086,0x0086,0x0086,0x0087,0x00A7,0x00A7,0x00A7,0x00A7,
0x00A7,0x00A7,0x00A7,0x00A7,0x00A7,0x00A7,0x00A7,0x00A7,0x00A7,0x00A7,0x00A7,0x00A7,0x00A7,0x00A7,0x00A7,0x00A7,
0x00A7,0x00A7,0x00A7,0x00A7,0x00A7,0x00A7,0x00A7,0x00A7,0x00A7,0x00A7,0x00A7,0x0086,0x0086,0x0086,0x0086,0x0086,
0x0086,0x0086,0x0086,0x0086,0x0086,0x0086,0x0086,0x0087,0x0087,0x0086,0x0086,0x0086,0x0086,0x0086,0x0086,0x0086,
0x0086,0x0086,0x0086,0x0086,0x0086,0x0086,0x0086,0x0066,0x0066,0x0066,0x0066,0x0066,0x0066,0x0066,0x0066,0x0066,
0x0066,0x0066,0x0066,0x0066,0x0066,0x0066,0x0066,0x0066,0x0065,0x0065,0x0045,0x0045,0x0045,0x0045,0x0045,0x0045,
0x0045,0x0045,0x0045,0x0045,0x0045,0x0045,0x0045,0x0045,0x0045,0x0045,0x0045,0x0045,0x0045,0x0025,0x0025,0x0025,
0x0025,0x0025,0x0025,0x0025,0x0025,0x0025,0x0025,0x0025,0x0024,0x0024,0x0024,0x0024,0x0024,0x0024,0x0024,0x0024,
0x0024,0x0024,0x0024,0x0024,0x0024,0x0024,0x0024,0x0024,0x0024,0x0004,0x0004,0x0004,0x0004,0x0004,0x0004,0x0004,
0x0004,0x0004,0x0004,0x0004,0x0004,0x0004,0x0004,0x0004,0x0004,0x0004,0x0004,0x0004,0x0004,0x0004,0x0004,0x0004,
0x0004,0x0004,0x0004,0x0004,0x0004,0x0004,0x0004,0x0004,0x0004,0x0004,0x0004,0x0004,0x0004,0x0004,0x0004,0x0004,
0x0004,0x0004,0x0004,0x0004,0x0004,0x0004,0x0004,0x0004,0x0004,0x0004,0x0004,0x0004,0x0004,0x0004,0x0004,0x0004,
0x0045,0x0045,0x0045,0x0045,0x0045,0x0045,0x0045,0x0045,0x0045,0x0045,0x0045,0x0045,0x0065,0x0065,0x0065,0x0065,
0x0065,0x0065,0x0065,0x0065,0x0065,0x0066,0x0066,0x0066,0x0066,0x0066,0x0066,0x0066,0x0066,0x0066,0x0066,0x0066,
0x0066,0x0066,0x0066,0x0066,0x0086,0x0086,0x0086,0x0086,0x0086,0x0086,0x0086,0x0086,0x0086,0x0086,0x0086,0x0086,
0x0086,0x0086,0x0086,0x0086,0x0086,0x0086,0x0086,0x0086,0x0086,0x0086,0x0086,0x0086,0x0086,0x0086,0x0086,0x0086,
0x0086,0x0086,0x0086,0x0086,0x0086,0x0086,0x0087,0x0087,0x0087,0x0087,0x0087,0x0087,0x0087,0x0087,0x0087,0x0087,
0x0087,0x0087,0x0087,0x0087,0x0087,0x0087,0x0087,0x0087,0x0087,0x0087,0x0086,0x0086,0x0086,0x0086,0x0086,0x0086,
0x0086,0x0086,0x0086,0x0086,0x0086,0x0086,0x0086,0x0086,0x0086,0x0086,0x0086,0x0086,0x0086,0x0066,0x0066,0x0066,
0x0066,0x0066,0x0066,0x0066,0x0066,0x0066,0x0066,0x0066,0x0066,0x0066,0x0066,0x0066,0x0066,0x0066,0x0066,0x0066,
0x0066,0x0066,0x0066,0x0066,0x0066,0x0066,0x0066,0x0065,0x0045,0x0045,0x0045,0x0045,0x0045,0x0045,0x0045,0x0045,
0x0045,0x0045,0x0045,0x0045,0x0045,0x0045,0x0045,0x0045,0x0025,0x0025,0x0025,0x0025,0x0025,0x0025,0x0025,0x0025,
0x0025,0x0025,0x0025,0x0025,0x0025,0x0025,0x0024,0x0024,0x0024,0x0024,0x0024,0x0024,0x0024,0x0024,0x0024,0x0024,
0x0024,0x0024,0x0024,0x0024,0x0024,0x0024,0x0024,0x0024,0x0024,0x0004,0x0004,0x0004,0x0004,0x0004,0x0004,0x0004,
0x0004,0x0004,0x0004,0x0004,0x0004,0x0004,0x0004,0x0004,0x0004,0x0004,0x0004,0x0004,0x0004,0x0004,0x0004,0x0004,
0x0004,0x0004,0x0004,0x0004,0x0004,0x0004,0x0004,0x0004,0x0004,0x0004,0x0004,0x0004,0x0004,0x0004,0x0004,0x0004,
0x0004,0x0004,0x0004,0x0004,0x0004,0x0004,0x0004,0x0004,0x0004,0x0004,0x0004,0x0004,0x0004,0x0004,0x0004,0x0004,
0x0045,0x0045,0x0045,0x0045,0x0045,0x0045,0x0045,0x0045,0x0045,0x0045,0x0045,0x0045,0x0065,0x0065,0x0065,0x0065,
0x0065,0x0065,0x0065,0x0065,0x0065,0x0066,0x0066,0x0066,0x0066,0x0066,0x0066,0x0066,0x0066,0x0066,0x0066,0x0066,
0x0066,0x0066,0x0066,0x0066,0x0086,0x0086,0x0086,0x0086,0x0086,0x0086,0x0086,0x0086,0x0086,0x0086,0x0086,0x0086,
0x0086,0x0086,0x0086,0x0086,0x0086,0x0086,0x0086,0x0086,0x0086,0x0086,0x0086,0x0086,0x0086,0x0086,0x0086,0x0086,
0x0086,0x0086,0x0086,0x0086,0x0086,0x0086,0x0086,0x0086,0x0086,0x0086,0x0086,0x0086,0x0086,0x0086,0x0086,0x0086,
0x0086,0x0086,0x0086,0x0086,0x0086,0x0086,0x0086,0x0086,0x0086,0x0086,0x0086,0x0086,0x0086,0x0086,0x0086,0x0086,
0x0086,0x0086,0x0086,0x0086,0x0086,0x0086,0x0086,0x0086,0x0086,0x0086,0x0086,0x0086,0x0066,0x0066,0x0066,0x0066,
0x0066,0x0066,0x0066,0x0066,0x0066,0x0066,0x0066,0x0066,0x0066,0x0066,0x0066,0x0066,0x0066,0x0066,0x0066,0x0066,
0x0066,0x0066,0x0066,0x0066,0x0066,0x0066,0x0065,0x0065,0x0045,0x0045,0x0045,0x0045,0x0045,0x0045,0x0045,0x0045,
0x0045,0x0045,0x0045,0x0045,0x0045,0x0045,0x0045,0x0045,0x0025,0x0025,0x0025,0x0025,0x0025,0x0025,0x0025,0x0025,
0x0025,0x0025,0x0025,0x0025,0x0025,0x0024,0x0024,0x0024,0x0024,0x0024,0x0024,0x0024,0x0024,0x0024,0x0024,0x0024,
0x0024,0x0024,0x0024,0x0024,0x0024,0x0024,0x0024,0x0024,0x0024,0x0004,0x0004,0x0004,0x0004,0x0004,0x0004,0x0004,
0x0004,0x0004,0x0004,0x0004,0x0004,0x0004,0x0004,0x0004,0x0004,0x0004,0x0004,0x0004,0x0004,0x0004,0x0004,0x0004,
0x0004,0x0004,0x0004,0x0004,0x0004,0x0004,0x0004,0x0004,0x0004,0x0004,0x0004,0x0004,0x0004,0x0004,0x0004,0x0004,
0x0004,0x0004,0x0004,0x0004,0x0004,0x0004,0x0004,0x0004,0x0004,0x0004,0x0004,0x0004,0x0004,0x0004,0x0004,0x0004,
0x0045,0x0045,0x0045,0x0045,0x0045,0x0045,0x0045,0x0045,0x0045,0x0045,0x0045,0x0045,0x0065,0x0065,0x0065,0x0065,
0x0065,0x0065,0x0065,0x0065,0x0065,0x0066,0x0066,0x0066,0x0066,0x0066,0x0066,0x0066,0x0066,0x0066,0x0066,0x0066,
0x0066,0x0066,0x0066,0x0066,0x0066,0x0066,0x0066,0x0066,0x0066,0x0086,0x0086,0x0086,0x0086,0x0086,0x0086,0x0086,
0x0086,0x0086,0x0086,0x0086,0x0086,0x0086,0x0086,0x0086,0x0086,0x0086,0x0086,0x0086,0x0086,0x0086,0x0086,0x0086,
0x0086,0x0086,0x0086,0x0086,0x0086,0x0086,0x0086,0x0086,0x0086,0x0086,0x0086,0x0086,0x0086,0x0086,0x0086,0x0086,
0x0086,0x0086,0x0086,0x0086,0x0086,0x0086,0x0086,0x0086,0x0086,0x0086,0x0086,0x0086,0x0086,0x0086,0x0086,0x0086,
0x0086,0x0086,0x0086,0x0086,0x0086,0x0086,0x0086,0x0086,0x0086,0x0086,0x0066,0x0066,0x0066,0x0066,0x0066,0x0066,
0x0066,0x0066,0x0066,0x0066,0x0066,0x0066,0x0066,0x0066,0x0066,0x0066,0x0066,0x0066,0x0066,0x0066,0x0066,0x0066,
0x0066,0x0066,0x0066,0x0066,0x0045,0x0045,0x0045,0x0045,0x0045,0x0045,0x0045,0x0045,0x0045,0x0045,0x0045,0x0045,
0x0045,0x0045,0x0045,0x0045,0x0025,0x0025,0x0025,0x0025,0x0025,0x0025,0x0025,0x0025,0x0025,0x0025,0x0025,0x0025,
0x0025,0x0025,0x0025,0x0024,0x0024,0x0024,0x0024,0x0024,0x0024,0x0024,0x0024,0x0024,0x0024,0x0024,0x0024,0x0024,
0x0024,0x0024,0x0024,0x0024,0x0024,0x0024,0x0024,0x0024,0x0024,0x0004,0x0004,0x0004,0x0004,0x0004,0x0004,0x0004,
0x0004,0x0004,0x0004,0x0004,0x0004,0x0004,0x0004,0x0004,0x0004,0x0004,0x0004,0x0004,0x0004,0x0004,0x0004,0x0004,
0x0004,0x0004,0x0004,0x0004,0x0004,0x0004,0x0004,0x0004,0x0004,0x0004,0x0004,0x0004,0x0004,0x0004,0x0004,0x0004,
0x0004,0x0004,0x0004,0x0004,0x0004,0x0004,0x0004,0x0004,0x0004,0x0004,0x0004,0x0004,0x0004,0x0004,0x0004,0x0004,
0x0045,0x0045,0x0045,0x0045,0x0045,0x0045,0x0045,0x0045,0x0045,0x0045,0x0045,0x0045,0x0045,0x0065,0x0065,0x0065,
0x0065,0x0065,0x0065,0x0065,0x0065,0x0066,0x0066,0x0066,0x0066,0x0066,0x0066,0x0066,0x0066,0x0066,0x0066,0x0066,
0x0066,0x0066,0x0066,0x0066,0x0066,0x0066,0x0066,0x0066,0x0066,0x0066,0x0066,0x0066,0x0066,0x0066,0x0086,0x0086,
0x0086,0x0086,0x0086,0x0086,0x0086,0x0086,0x0086,0x0086,0x0086,0x0086,0x0086,0x0066,0x0086,0x0086,0x0086,0x0086,
0x0086,0x0086,0x0086,0x0086,0x0086,0x0086,0x0086,0x0086,0x0086,0x0086,0x0086,0x0086,0x0086,0x0086,0x0086,0x0086,
0x0086,0x0086,0x0086,0x0086,0x0086,0x0086,0x0086,0x0086,0x0086,0x0086,0x0086,0x0086,0x0086,0x0086,0x0086,0x0086,
0x0086,0x0086,0x0086,0x0086,0x0086,0x0086,0x0086,0x0086,0x0066,0x0066,0x0066,0x0066,0x0066,0x0066,0x0066,0x0066,
0x0066,0x0066,0x0066,0x0066,0x0066,0x0066,0x0066,0x0066,0x0066,0x0066,0x0066,0x0066,0x0066,0x0066,0x0066,0x0066,
0x0066,0x0065,0x0045,0x0045,0x0045,0x0045,0x0045,0x0045,0x0045,0x0045,0x0045,0x0045,0x0045,0x0045,0x0045,0x0045,
0x0045,0x0045,0x0045,0x0025,0x0025,0x0025,0x0025,0x0025,0x0025,0x0025,0x0025,0x0025,0x0025,0x0025,0x0025,0x0025,
0x0025,0x0025,0x0024,0x0024,0x0024,0x0024,0x0024,0x0024,0x0024,0x0024,0x0024,0x0024,0x0024,0x0024,0x0024,0x0024,
0x0024,0x0024,0x0024,0x0024,0x0024,0x0024,0x0024,0x0024,0x0024,0x0004,0x0004,0x0004,0x0004,0x0004,0x0004,0x0004,
0x0004,0x0004,0x0004,0x0004,0x0004,0x0004,0x0004,0x0004,0x0004,0x0004,0x0004,0x0004,0x0004,0x0004,0x0004,0x0004,
0x0004,0x0004,0x0004,0x0004,0x0004,0x0004,0x0004,0x0004,0x0004,0x0004,0x0004,0x0004,0x0004,0x0004,0x0004,0x0004,
0x0004,0x0004,0x0004,0x0004,0x0004,0x0004,0x0004,0x0004,0x0004,0x0004,0x0004,0x0004,0x0004,0x0004,0x0004,0x0004,
0x0045,0x0045,0x0045,0x0045,0x0045,0x0045,0x0045,0x0045,0x0045,0x0045,0x0045,0x0045,0x0045,0x0045,0x0045,0x0065,
0x0065,0x0065,0x0065,0x0065,0x0065,0x0066,0x0066,0x0066,0x0066,0x0066,0x0066,0x0066,0x0066,0x0066,0x0066,0x0066,
0x0066,0x0066,0x0066,0x0066,0x0066,0x0066,0x0066,0x0066,0x0066,0x0066,0x0066,0x0066,0x0066,0x0066,0x0066,0x0066,
0x0066,0x0066,0x0066,0x0066,0x0066,0x0066,0x0066,0x0066,0x0086,0x0086,0x0086,0x0066,0x0086,0x0086,0x0086,0x0086,
0x0086,0x0086,0x0086,0x0086,0x0086,0x0086,0x0086,0x0086,0x0086,0x0086,0x0086,0x0086,0x0086,0x0086,0x0086,0x0086,
0x0086,0x0086,0x0086,0x0086,0x0086,0x0086,0x0086,0x0086,0x0086,0x0086,0x0086,0x0086,0x0086,0x0086,0x0086,0x0066,
0x0066,0x0066,0x0066,0x0066,0x0066,0x0066,0x0066,0x0066,0x0066,0x0066,0x0066,0x0066,0x0066,0x0066,0x0066,0x0066,
0x0066,0x0066,0x0066,0x0066,0x0066,0x0066,0x0066,0x0066,0x0066,0x0065,0x0065,0x0065,0x0065,0x0065,0x0065,0x0045,
0x0045,0x0045,0x0045,0x0045,0x0045,0x0045,0x0045,0x0045,0x0045,0x0045,0x0045,0x0045,0x0045,0x0045,0x0045,0x0045,
0x0045,0x0045,0x0025,0x0025,0x0025,0x0025,0x0025,0x0025,0x0025,0x0025,0x0025,0x0025,0x0025,0x0025,0x0025,0x0025,
0x0025,0x0024,0x0024,0x0024,0x0024,0x0024,0x0024,0x0024,0x0024,0x0024,0x0024,0x0024,0x0024,0x0024,0x0024,0x0024,
0x0024,0x0024,0x0024,0x0024,0x0024,0x0024,0x0024,0x0024,0x0024,0x0004,0x0004,0x0004,0x0004,0x0004,0x0004,0x0004,
0x0004,0x0004,0x0004,0x0004,0x0004,0x0004,0x0004,0x0004,0x0004,0x0004,0x0004,0x0004,0x0004,0x0004,0x0004,0x0004,
0x0004,0x0004,0x0004,0x0004,0x0004,0x0004,0x0004,0x0004,0x0004,0x0004,0x0004,0x0004,0x0004,0x0004,0x0004,0x0004,
0x0004,0x0004,0x0004,0x0004,0x0004,0x0004,0x0004,0x0004,0x0004,0x0004,0x0004,0x0004,0x0004,0x0004,0x0004,0x0004,
0x0045,0x0045,0x0045,0x0045,0x0045,0x0045,0x0045,0x0045,0x0045,0x0045,0x0045,0x0045,0x0045,0x0045,0x0045,0x0045,
0x0045,0x0065,0x0065,0x0065,0x0065,0x0045,0x0045,0x0045,0x0045,0x0045,0x0045,0x0045,0x0045,0x0066,0x0066,0x0066,
0x0066,0x0066,0x0066,0x0066,0x0066,0x0066,0x0066,0x0066,0x0066,0x0066,0x0066,0x0066,0x0066,0x0066,0x0066,0x0066,
0x0066,0x0066,0x0066,0x0066,0x0066,0x0066,0x0066,0x0066,0x0066,0x0066,0x0066,0x0066,0x0066,0x0066,0x0066,0x0066,
0x0066,0x0086,0x0086,0x0086,0x0086,0x0086,0x0086,0x0086,0x0086,0x0086,0x0086,0x0086,0x0086,0x0086,0x0086,0x0086,
0x0086,0x0086,0x0086,0x0086,0x0086,0x0086,0x0086,0x0086,0x0086,0x0086,0x0086,0x0086,0x0086,0x0086,0x0086,0x0066,
0x0066,0x0066,0x0066,0x0066,0x0066,0x0066,0x0066,0x0066,0x0066,0x0066,0x0066,0x0066,0x0066,0x0066,0x0066,0x0066,
0x0066,0x0066,0x0066,0x0066,0x0066,0x0066,0x0066,0x0066,0x0065,0x0065,0x0065,0x0065,0x0065,0x0045,0x0045,0x0045,
0x0045,0x0045,0x0045,0x0045,0x0045,0x0045,0x0045,0x0045,0x0045,0x0045,0x0045,0x0045,0x0045,0x0045,0x0045,0x0045,
0x0045,0x0025,0x0025,0x0025,0x0025,0x0025,0x0025,0x0025,0x0025,0x0025,0x0025,0x0025,0x0025,0x0025,0x0025,0x0025,
0x0025,0x0024,0x0024,0x0024,0x0024,0x0024,0x0024,0x0024,0x0024,0x0024,0x0024,0x0024,0x0024,0x0024,0x0024,0x0024,
0x0024,0x0024,0x0024,0x0024,0x0024,0x0024,0x0024,0x0024,0x0024,0x0004,0x0004,0x0004,0x0004,0x0004,0x0004,0x0004,
0x0004,0x0004,0x0004,0x0004,0x0004,0x0004,0x0004,0x0004,0x0004,0x0004,0x0004,0x0004,0x0004,0x0004,0x0004,0x0004,
0x0004,0x0004,0x0004,0x0004,0x0004,0x0004,0x0004,0x0004,0x0004,0x0004,0x0004,0x0004,0x0004,0x0004,0x0004,0x0004,
0x0004,0x0004,0x0004,0x0004,0x0004,0x0004,0x0004,0x0004,0x0004,0x0004,0x0004,0x0004,0x0004,0x0004,0x0004,0x0004,
0x0045,0x0045,0x0045,0x0045,0x0045,0x0045,0x0045,0x0045,0x0045,0x0045,0x0045,0x0045,0x0045,0x0045,0x0045,0x0045,
0x0045,0x0065,0x0065,0x0065,0x0065,0x0045,0x0045,0x0045,0x0045,0x0045,0x0045,0x0045,0x0045,0x0045,0x0045,0x0045,
0x0045,0x0045,0x0045,0x0045,0x0066,0x0066,0x0066,0x0066,0x0066,0x0066,0x0066,0x0066,0x0066,0x0066,0x0066,0x0066,
0x0066,0x0066,0x0066,0x0066,0x0066,0x0066,0x0066,0x0066,0x0066,0x0066,0x0066,0x0066,0x0066,0x0066,0x0066,0x0066,
0x0066,0x0066,0x0066,0x0066,0x0066,0x0066,0x0066,0x0066,0x0066,0x0066,0x0066,0x0066,0x0066,0x0066,0x0066,0x0066,
0x0066,0x0066,0x0066,0x0066,0x0066,0x0066,0x0066,0x0066,0x0066,0x0066,0x0066,0x0066,0x0066,0x0066,0x0066,0x0066,
0x0066,0x0066,0x0066,0x0066,0x0066,0x0066,0x0066,0x0066,0x0066,0x0066,0x0066,0x0066,0x0066,0x0066,0x0066,0x0066,
0x0066,0x0066,0x0066,0x0066,0x0066,0x0066,0x0066,0x0066,0x0065,0x0065,0x0065,0x0045,0x0045,0x0045,0x0045,0x0045,
0x0045,0x0045,0x0045,0x0045,0x0045,0x0045,0x0045,0x0045,0x0045,0x0045,0x0045,0x0045,0x0045,0x0045,0x0045,0x0045,
0x0045,0x0025,0x0025,0x0025,0x0025,0x0025,0x0025,0x0025,0x0025,0x0025,0x0025,0x0025,0x0025,0x0025,0x0025,0x0025,
0x0025,0x0024,0x0024,0x0024,0x0024,0x0024,0x0024,0x0024,0x0024,0x0024,0x0024,0x0024,0x0024,0x0024,0x0024,0x0024,
0x0024,0x0024,0x0024,0x0024,0x0024,0x0024,0x0024,0x0024,0x0024,0x0004,0x0004,0x0004,0x0004,0x0004,0x0004,0x0004,
0x0004,0x0004,0x0004,0x0004,0x0004,0x0004,0x0004,0x0004,0x0004,0x0004,0x0004,0x0004,0x0004,0x0004,0x0004,0x0004,
0x0004,0x0004,0x0004,0x0004,0x0004,0x0004,0x0004,0x0004,0x0004,0x0004,0x0004,0x0004,0x0004,0x0004,0x0004,0x0004,
0x0004,0x0004,0x0004,0x0004,0x0004,0x0004,0x0004,0x0004,0x0004,0x0004,0x0004,0x0004,0x0004,0x0004,0x0004,0x0004,
0x0045,0x0045,0x0045,0x0045,0x0045,0x0045,0x0045,0x0045,0x0045,0x0045,0x0045,0x0045,0x0045,0x0045,0x0045,0x0045,
0x0045,0x0045,0x0045,0x0045,0x0045,0x0045,0x0045,0x0045,0x0045,0x0045,0x0045,0x0045,0x0045,0x0045,0x0045,0x0045,
0x0045,0x0045,0x0045,0x0045,0x0066,0x0065,0x0065,0x0066,0x0066,0x0066,0x0066,0x0066,0x0066,0x0066,0x0066,0x0066,
0x0066,0x0066,0x0066,0x0066,0x0066,0x0066,0x0066,0x0066,0x0066,0x0066,0x0066,0x0066,0x0066,0x0066,0x0066,0x0066,
0x0066,0x0066,0x0066,0x0066,0x0066,0x0066,0x0066,0x0066,0x0066,0x0066,0x0066,0x0066,0x0066,0x0066,0x0066,0x0066,
0x0066,0x0066,0x0066,0x0066,0x0066,0x0066,0x0066,0x0066,0x0066,0x0066,0x0066,0x0066,0x0066,0x0066,0x0066,0x0066,
0x0066,0x0066,0x0066,0x0066,0x0066,0x0066,0x0066,0x0066,0x0066,0x0066,0x0066,0x0066,0x0066,0x0066,0x0066,0x0066,
0x0066,0x0066,0x0066,0x0066,0x0066,0x0066,0x0066,0x0065,0x0065,0x0045,0x0045,0x0045,0x0045,0x0045,0x0045,0x0045,
0x0045,0x0045,0x0045,0x0045,0x0045,0x0045,0x0045,0x0045,0x0045,0x0045,0x0045,0x0045,0x0045,0x0045,0x0045,0x0025,
0x0025,0x0025,0x0025,0x0025,0x0025,0x0025,0x0025,0x0025,0x0025,0x0025,0x0025,0x0025,0x0024,0x0024,0x0024,0x0024,
0x0025,0x0004,0x0004,0x0004,0x0004,0x0004,0x0004,0x0004,0x0004,0x0004,0x0004,0x0004,0x0004,0x0004,0x0024,0x0024,
0x0024,0x0024,0x0024,0x0024,0x0004,0x0004,0x0004,0x0004,0x0004,0x0004,0x0004,0x0004,0x0004,0x0004,0x0004,0x0004,
0x0004,0x0004,0x0004,0x0004,0x0004,0x0004,0x0004,0x0004,0x0004,0x0004,0x0004,0x0004,0x0004,0x0004,0x0004,0x0004,
0x0004,0x0004,0x0004,0x0004,0x0004,0x0004,0x0004,0x0004,0x0004,0x0004,0x0004,0x0004,0x0004,0x0004,0x0004,0x0004,
0x0004,0x0004,0x0004,0x0004,0x0004,0x0004,0x0004,0x0004,0x0004,0x0004,0x0004,0x0004,0x0004,0x0004,0x0004,0x0004,
0x0024,0x0025,0x0025,0x0025,0x0025,0x0025,0x0025,0x0025,0x0025,0x0025,0x0045,0x0045,0x0045,0x0045,0x0045,0x0045,
0x0045,0x0045,0x0045,0x0045,0x0045,0x0045,0x0045,0x0045,0x0045,0x0045,0x0045,0x0045,0x0045,0x0045,0x0045,0x0045,
0x0045,0x0045,0x0045,0x0045,0x0045,0x0065,0x0065,0x0065,0x0065,0x0065,0x0065,0x0065,0x0065,0x0066,0x0066,0x0066,
0x0066,0x0066,0x0066,0x0066,0x0066,0x0066,0x0066,0x0066,0x0066,0x0066,0x0066,0x0066,0x0066,0x0066,0x0066,0x0066,
0x0066,0x0066,0x0066,0x0066,0x0066,0x0066,0x0066,0x0066,0x0066,0x0066,0x0066,0x0066,0x0066,0x0066,0x0066,0x0066,
0x0066,0x0066,0x0066,0x0066,0x0066,0x0066,0x0066,0x0066,0x0066,0x0066,0x0066,0x0066,0x0066,0x0066,0x0066,0x0066,
0x0066,0x0066,0x0066,0x0066,0x0066,0x0066,0x0066,0x0066,0x0066,0x0066,0x0066,0x0066,0x0066,0x0066,0x0066,0x0066,
0x0066,0x0066,0x0066,0x0066,0x0066,0x0066,0x0066,0x0045,0x0045,0x0045,0x0045,0x0045,0x0045,0x0045,0x0045,0x0045,
0x0045,0x0045,0x0045,0x0045,0x0045,0x0045,0x0045,0x0045,0x0045,0x0045,0x0045,0x0045,0x0045,0x0045,0x0045,0x0025,
0x0025,0x0025,0x0025,0x0025,0x0025,0x0025,0x0025,0x0025,0x0025,0x0025,0x0025,0x0024,0x0024,0x0024,0x0024,0x0024,
0x0024,0x0004,0x0004,0x0004,0x0004,0x0004,0x0004,0x0004,0x0004,0x0004,0x0004,0x0004,0x0004,0x0004,0x0004,0x0004,
0x0004,0x0004,0x0004,0x0004,0x0004,0x0004,0x0004,0x0004,0x0004,0x0004,0x0004,0x0004,0x0004,0x0004,0x0004,0x0004,
0x0004,0x0004,0x0004,0x0004,0x0004,0x0004,0x0004,0x0004,0x0004,0x0004,0x0004,0x0004,0x0004,0x0004,0x0004,0x0004,
0x0004,0x0004,0x0004,0x0004,0x0004,0x0004,0x0004,0x0004,0x0004,0x0004,0x0004,0x0004,0x0004,0x0004,0x0004,0x0004,
0x0004,0x0004,0x0004,0x0004,0x0004,0x0004,0x0004,0x0004,0x0004,0x0004,0x0004,0x0004,0x0004,0x0004,0x0004,0x0004,
0x0024,0x0024,0x0024,0x0024,0x0025,0x0025,0x0025,0x0025,0x0025,0x0025,0x0025,0x0025,0x0025,0x0045,0x0045,0x0045,
0x0045,0x0045,0x0045,0x0045,0x0045,0x0045,0x0045,0x0045,0x0045,0x0045,0x0045,0x0045,0x0045,0x0045,0x0045,0x0045,
0x0045,0x0045,0x0045,0x0045,0x0045,0x0045,0x0045,0x0045,0x0045,0x0045,0x0045,0x0045,0x0045,0x0066,0x0066,0x0066,
0x0066,0x0066,0x0066,0x0066,0x0066,0x0066,0x0066,0x0066,0x0066,0x0066,0x0066,0x0066,0x0066,0x0066,0x0066,0x0066,
0x0066,0x0066,0x0066,0x0066,0x0066,0x0066,0x0066,0x0066,0x0066,0x0066,0x0066,0x0066,0x0066,0x0066,0x0066,0x0066,
0x0066,0x0066,0x0066,0x0066,0x0066,0x0066,0x0066,0x0066,0x0066,0x0066,0x0066,0x0066,0x0066,0x0066,0x0066,0x0066,
0x0066,0x0066,0x0066,0x0066,0x0066,0x0066,0x0066,0x0066,0x0066,0x0066,0x0066,0x0066,0x0066,0x0066,0x0066,0x0066,
0x0066,0x0066,0x0066,0x0066,0x0066,0x0066,0x0066,0x0045,0x0045,0x0045,0x0045,0x0045,0x0045,0x0045,0x0045,0x0045,
0x0045,0x0045,0x0045,0x0045,0x0045,0x0045,0x0045,0x0045,0x0045,0x0045,0x0045,0x0045,0x0045,0x0045,0x0045,0x0025,
0x0025,0x0025,0x0025,0x0025,0x0025,0x0025,0x0025,0x0025,0x0025,0x0025,0x0024,0x0024,0x0024,0x0024,0x0024,0x0024,
0x0024,0x0004,0x0004,0x0004,0x0004,0x0004,0x0004,0x0004,0x0004,0x0004,0x0004,0x0004,0x0004,0x0004,0x0004,0x0004,
0x0004,0x0004,0x0004,0x0004,0x0004,0x0004,0x0004,0x0004,0x0004,0x0004,0x0004,0x0004,0x0004,0x0004,0x0004,0x0004,
0x0004,0x0004,0x0004,0x0004,0x0004,0x0004,0x0004,0x0004,0x0004,0x0004,0x0004,0x0004,0x0004,0x0004,0x0004,0x0004,
0x0004,0x0004,0x0004,0x0004,0x0004,0x0004,0x0004,0x0004,0x0004,0x0004,0x0004,0x0004,0x0004,0x0004,0x0004,0x0004,
0x0004,0x0004,0x0004,0x0004,0x0004,0x0004,0x0004,0x0004,0x0004,0x0004,0x0004,0x0004,0x0004,0x0004,0x0004,0x0004,
0x0024,0x0024,0x0024,0x0024,0x0025,0x0025,0x0025,0x0025,0x0025,0x0025,0x0025,0x0025,0x0025,0x0045,0x0045,0x0045,
0x0045,0x0045,0x0045,0x0045,0x0045,0x0045,0x0045,0x0045,0x0045,0x0045,0x0045,0x0045,0x0045,0x0045,0x0045,0x0045,
0x0045,0x0045,0x0045,0x0045,0x0045,0x0045,0x0045,0x0045,0x0045,0x0045,0x0045,0x0045,0x0045,0x0066,0x0066,0x0066,
0x0066,0x0066,0x0066,0x0066,0x0066,0x0066,0x0066,0x0066,0x0066,0x0066,0x0066,0x0066,0x0066,0x0066,0x0066,0x0066,
0x0066,0x0066,0x0066,0x0066,0x0066,0x0066,0x0066,0x0066,0x0066,0x0066,0x0066,0x0066,0x0066,0x0066,0x0066,0x0066,
0x0066,0x0066,0x0066,0x0066,0x0066,0x0066,0x0066,0x0066,0x0066,0x0066,0x0066,0x0066,0x0066,0x0066,0x0066,0x0066,
0x0066,0x0066,0x0066,0x0066,0x0066,0x0066,0x0066,0x0066,0x0066,0x0066,0x0066,0x0066,0x0066,0x0066,0x0066,0x0066,
0x0045,0x0045,0x0045,0x0045,0x0045,0x0045,0x0045,0x0045,0x0045,0x0045,0x0045,0x0045,0x0045,0x0045,0x0045,0x0045,
0x0045,0x0045,0x0045,0x0045,0x0045,0x0045,0x0045,0x0045,0x0045,0x0045,0x0045,0x0045,0x0025,0x0025,0x0025,0x0025,
0x0025,0x0025,0x0025,0x0025,0x0025,0x0025,0x0025,0x0025,0x0024,0x0024,0x0024,0x0024,0x0024,0x0024,0x0024,0x0024,
0x0024,0x0004,0x0004,0x0004,0x0004,0x0004,0x0004,0x0004,0x0004,0x0004,0x0004,0x0004,0x0004,0x0004,0x0004,0x0004,
0x0004,0x0004,0x0004,0x0004,0x0004,0x0004,0x0004,0x0004,0x0004,0x0004,0x0004,0x0004,0x0004,0x0004,0x0004,0x0004,
0x0004,0x0004,0x0004,0x0004,0x0004,0x0004,0x0004,0x0004,0x0004,0x0004,0x0004,0x0004,0x0004,0x0004,0x0004,0x0004,
0x0004,0x0004,0x0004,0x0004,0x0004,0x0004,0x0004,0x0004,0x0004,0x0004,0x0004,0x0004,0x0004,0x0004,0x0004,0x0004,
0x0004,0x0004,0x0004,0x0004,0x0004,0x0004,0x0004,0x0004,0x0004,0x0004,0x0004,0x0004,0x0004,0x0004,0x0004,0x0004,
};
